BillNo,Itemname,Quantity,Date,Price,CustomerID,Country
546910,LUNCH BAG PINK POLKADOT,4,17.03.2011 19:46,"1,65",13969.0,United Kingdom
559052,TEA PARTY BIRTHDAY CARD,2,05.07.2011 16:53,"0,83",,United Kingdom
558370,DINOSAUR LUNCH BOX WITH CUTLERY,2,28.06.2011 15:44,"2,55",17750.0,United Kingdom
567205,RED SPOT GIFT BAG LARGE,24,19.09.2011 10:44,"1,25",15365.0,United Kingdom
538361,DAIRY MAID STRIPE MUG,4,10.12.2010 16:36,"2,95",17757.0,United Kingdom
566439,WOODEN FRAME ANTIQUE WHITE,6,12.09.2011 15:14,"2,95",17656.0,United Kingdom
578255,T-LIGHT GLASS FLUTED ANTIQUE,12,23.11.2011 12:58,"1,25",14675.0,United Kingdom
536582,COWBOYS AND INDIANS BIRTHDAY CARD,12,01.12.2010 16:21,"0,42",12947.0,United Kingdom
541862,HOT WATER BOTTLE I AM SO POORLY,2,23.01.2011 16:02,"4,65",14068.0,United Kingdom
576910,DOORMAT RESPECTABLE HOUSE,10,17.11.2011 09:51,"7,08",12477.0,Germany
543309,EDWARDIAN PARASOL BLACK,2,07.02.2011 12:05,"5,95",18118.0,United Kingdom
547396,CHILDRENS CUTLERY POLKADOT PINK,6,22.03.2011 16:54,"8,29",,United Kingdom
571305,ECONOMY LUGGAGE TAG,1,17.10.2011 09:55,"2,46",,United Kingdom
555283,BUNDLE OF 3 ALPHABET EXERCISE BOOKS,12,02.06.2011 09:04,"1,65",17162.0,United Kingdom
557326,ALARM CLOCK BAKELIKE GREEN,4,20.06.2011 09:50,"3,75",14194.0,United Kingdom
567343,PACK OF 72 RETROSPOT CAKE CASES,24,19.09.2011 15:21,"0,55",17628.0,United Kingdom
572092,PINK REGENCY TEACUP AND SAUCER,1,20.10.2011 14:41,"2,95",17125.0,United Kingdom
550278,RIBBON REEL HEARTS DESIGN,3,15.04.2011 13:15,"2,46",,United Kingdom
541655,ZINC FINISH 15CM PLANTER POTS,3,20.01.2011 12:04,"1,25",14779.0,United Kingdom
554956,BIRD HOUSE HOT WATER BOTTLE,1,27.05.2011 15:17,"7,46",,United Kingdom
578125,ICE CREAM PEN LIP GLOSS,240,23.11.2011 10:31,"1,04",17511.0,United Kingdom
536754,TRAVEL SEWING KIT,2,02.12.2010 14:09,"1,65",14449.0,United Kingdom
544313,NO SINGING METAL SIGN,12,17.02.2011 14:36,"2,1",14099.0,United Kingdom
537240,LARGE HEART MEASURING SPOONS,5,06.12.2010 10:08,"3,36",,United Kingdom
569571,VINTAGE CHRISTMAS GIFT BAG LARGE,400,05.10.2011 10:09,"1,04",16684.0,United Kingdom
578844,PLASTERS IN TIN SKULLS,1,25.11.2011 16:14,"3,29",,United Kingdom
575607,REINDEER HEART DECORATION SILVER,4,10.11.2011 12:37,"1,63",14096.0,United Kingdom
569336,BOX OF VINTAGE JIGSAW BLOCKS,3,03.10.2011 14:05,"5,95",15088.0,United Kingdom
566053,SOLDIERS EGG CUP,2,08.09.2011 14:57,"1,25",14410.0,United Kingdom
572742,JUMBO BAG RED RETROSPOT,10,25.10.2011 15:48,"2,08",14341.0,United Kingdom
543674,STRAWBERRY RAFFIA FOOD COVER,96,11.02.2011 11:28,"2,95",16013.0,United Kingdom
545992,RED RETROSPOT CHILDRENS UMBRELLA,5,08.03.2011 13:21,"3,25",16927.0,United Kingdom
558713,FELTCRAFT GIRL AMELIE KIT,1,01.07.2011 13:07,"4,95",15483.0,United Kingdom
548870,RED ENCHANTED FOREST PLACEMAT,2,04.04.2011 14:41,"1,65",14606.0,United Kingdom
541594,LARGE CAKE TOWEL PINK SPOTS,24,19.01.2011 15:30,"1,95",14916.0,United Kingdom
560996,RED SPOTTY BISCUIT TIN,1,22.07.2011 13:53,"3,75",17625.0,United Kingdom
552232,SQUARE FLOOR CUSHION VINTAGE RED,1,06.05.2011 15:54,"15,79",,United Kingdom
549554,BOX OF 24 COCKTAIL PARASOLS,25,10.04.2011 12:36,"0,42",16779.0,United Kingdom
543800,BLUE STRIPE CERAMIC DRAWER KNOB,6,13.02.2011 11:36,"1,25",17282.0,United Kingdom
569374,WHITE SPOT BLUE CERAMIC DRAWER KNOB,2,03.10.2011 16:14,"3,29",,United Kingdom
548258,PHOTO FRAME CORNICE,8,30.03.2011 11:04,"2,95",14146.0,United Kingdom
556187,CIRCUS PARADE LUNCH BOX,12,09.06.2011 11:49,"1,95",15296.0,United Kingdom
563698,DOORMAT RED RETROSPOT,2,18.08.2011 13:46,"7,95",14667.0,United Kingdom
569140,CHRISTMAS GINGHAM TREE,12,30.09.2011 14:59,"0,85",14503.0,United Kingdom
559672,NOVELTY BISCUITS CAKE STAND 3 TIER,1,11.07.2011 14:04,"9,95",14796.0,United Kingdom
555110,SET OF 5 LUCKY CAT MAGNETS,1,31.05.2011 14:34,"2,08",17841.0,United Kingdom
570241,CRACKED GLAZE NECKLACE RED,1,09.10.2011 15:24,"6,95",14801.0,United Kingdom
544571,CHILDS GARDEN FORK PINK,12,21.02.2011 13:07,"0,85",15146.0,United Kingdom
574076,SET OF 3 WOODEN SLEIGH DECORATIONS,2,02.11.2011 15:38,"2,46",,United Kingdom
548859,DOORMAT UNION FLAG,2,04.04.2011 13:32,"7,95",13668.0,United Kingdom
569861,CHILDRENS DOLLY GIRL MUG,12,06.10.2011 14:37,"1,65",13816.0,Germany
552327,RED RETROSPOT PICNIC BAG,5,09.05.2011 10:03,"2,95",17007.0,United Kingdom
569518,SMALL CHOCOLATES PINK BOWL,2,04.10.2011 14:28,"0,42",13263.0,United Kingdom
547488,ENAMEL BREAD BIN CREAM,1,23.03.2011 11:30,"12,75",13821.0,United Kingdom
563705,BANQUET BIRTHDAY  CARD,12,18.08.2011 14:33,"0,42",17736.0,United Kingdom
574076,SET OF 3 WOODEN TREE DECORATIONS,3,02.11.2011 15:38,"2,46",,United Kingdom
548404,CERAMIC CAKE DESIGN SPOTTED MUG,12,31.03.2011 09:38,"1,49",16398.0,United Kingdom
562371,BLUE STRIPE CERAMIC DRAWER KNOB,12,04.08.2011 14:30,"1,25",13709.0,United Kingdom
556932,LUNCH BAG DOILEY PATTERN,1,15.06.2011 15:41,"4,13",,United Kingdom
558610,S/4 IVORY MINI ROSE CANDLE IN BOWL,2,30.06.2011 15:33,"1,65",,United Kingdom
577143,NATURAL SLATE CHALKBOARD LARGE,3,18.11.2011 09:31,"4,95",13200.0,United Kingdom
538177,FAIRY SOAP SOAP HOLDER,1,10.12.2010 09:51,"3,36",,United Kingdom
573339,SET OF 6 SNACK LOAF BAKING CASES,8,30.10.2011 11:49,"0,83",13278.0,United Kingdom
539493,WHITE WIRE EGG HOLDER,1,20.12.2010 10:15,"5,95",,United Kingdom
570886,VINTAGE UNION JACK SHOPPING BAG,48,13.10.2011 10:23,"4,25",13777.0,United Kingdom
566175,RED SPOT CERAMIC DRAWER KNOB,12,09.09.2011 12:36,"1,45",18237.0,United Kingdom
554494,PANTRY WASHING UP BRUSH,1,24.05.2011 14:00,"1,45",16327.0,United Kingdom
571286,WHITE HANGING BEADS CANDLE HOLDER,2,16.10.2011 14:35,"5,45",14547.0,United Kingdom
550314,PINK REGENCY TEACUP AND SAUCER,1,17.04.2011 11:30,"2,95",16905.0,United Kingdom
560861,GLITTER CHRISTMAS TREE,3,21.07.2011 13:37,"0,85",17660.0,United Kingdom
569672,DOORMAT NEW ENGLAND,2,05.10.2011 13:58,"8,25",17841.0,United Kingdom
541219,"SMALL POP BOX,FUNKY MONKEY",3,14.01.2011 14:06,"1,63",,United Kingdom
581125,S/4 IVORY MINI ROSE CANDLE IN BOWL,1,07.12.2011 12:41,"1,65",14087.0,United Kingdom
551527,GIN + TONIC DIET METAL SIGN,1,01.05.2011 12:41,"2,55",14395.0,United Kingdom
544681,MINI LADLE LOVE HEART PINK,1,22.02.2011 16:28,"0,83",,United Kingdom
548567,GINGHAM HEART  DOORSTOP RED,1,01.04.2011 10:34,"4,25",17965.0,United Kingdom
555540,SPOTTY BUNTING,2,05.06.2011 12:48,"4,95",13668.0,United Kingdom
571714,TRAVEL CARD WALLET KEEP CALM,1,18.10.2011 17:00,"0,83",,United Kingdom
546855,PICNIC BOXES SET OF 3 RETROSPOT,1,17.03.2011 13:58,"4,95",18168.0,United Kingdom
568493,CHRISTMAS CRAFT LITTLE FRIENDS,6,27.09.2011 12:03,"2,1",12987.0,United Kingdom
547350,FELTCRAFT 6 FLOWER FRIENDS,6,22.03.2011 12:05,"2,1",17272.0,United Kingdom
566726,JINGLE BELL HEART ANTIQUE SILVER,1,14.09.2011 13:12,"2,08",15021.0,United Kingdom
574056,ROUND SNACK BOXES SET OF 4 FRUITS,48,02.11.2011 14:09,"2,55",14646.0,Netherlands
575842,ASSORTED COLOUR BIRD ORNAMENT,8,11.11.2011 12:01,"1,69",15024.0,United Kingdom
539654,MIRROR LOVE BIRD T-LIGHT HOLDER,2,20.12.2010 17:05,"3,75",17340.0,United Kingdom
548373,SET OF 6 VINTAGE NOTELETS KIT,1,30.03.2011 16:34,"2,46",,United Kingdom
580639,VINTAGE DOILY TRAVEL SEWING KIT,2,05.12.2011 12:46,"1,95",17254.0,United Kingdom
567853,LUNCH BAG SUKI DESIGN,3,22.09.2011 13:31,"1,65",15484.0,United Kingdom
543619,SET OF 36 DOILIES SPACEBOY DESIGN,12,10.02.2011 14:51,"1,45",16842.0,United Kingdom
545690,WHITE HANGING HEART T-LIGHT HOLDER,3,06.03.2011 12:46,"2,95",13263.0,United Kingdom
562451,ALARM CLOCK BAKELIKE RED,4,05.08.2011 09:25,"3,75",15110.0,United Kingdom
558535,LUNCH BAG RED RETROSPOT,1,30.06.2011 12:04,"1,65",16904.0,United Kingdom
562104,BLUE POLKADOT CUP,3,02.08.2011 14:31,"1,63",,United Kingdom
561995,WAKE UP COCKEREL TILE COASTER,24,01.08.2011 13:44,"0,29",16133.0,United Kingdom
541504,RED RETROSPOT MUG,6,18.01.2011 15:37,"2,95",14415.0,United Kingdom
565234,VINTAGE LEAF MAGNETIC NOTEPAD,1,02.09.2011 09:38,"3,29",,United Kingdom
554275,JUMBO BAG STRAWBERRY,2,23.05.2011 13:17,"2,08",14903.0,United Kingdom
568712,ILLUSTRATED CAT BOWL,1,28.09.2011 15:50,"2,55",17841.0,United Kingdom
547729,RED RETROSPOT PICNIC BAG,2,25.03.2011 10:52,"2,95",15529.0,United Kingdom
557326,NO SINGING METAL SIGN,48,20.06.2011 09:50,"1,85",14194.0,United Kingdom
539736,"AIRLINE LOUNGE,METAL SIGN",1,21.12.2010 15:18,"4,21",,United Kingdom
544479,RECIPE BOX PANTRY YELLOW DESIGN,24,21.02.2011 10:28,"2,55",14646.0,Netherlands
563078,JAM MAKING SET PRINTED,12,11.08.2011 16:30,"1,45",15955.0,United Kingdom
559538,FANCY FONTS BIRTHDAY WRAP,25,10.07.2011 12:25,"0,42",16880.0,United Kingdom
537648,SET OF 6 FUNKY BEAKERS,6,07.12.2010 15:48,"2,95",12839.0,United Kingdom
577751,VICTORIAN  METAL POSTCARD SPRING,8,21.11.2011 14:34,"1,69",12904.0,United Kingdom
545661,PACK OF 60 PINK PAISLEY CAKE CASES,24,04.03.2011 14:41,"0,55",15358.0,United Kingdom
574476,CIRCUS PARADE CHILDRENS EGG CUP,1,04.11.2011 12:20,"1,25",17203.0,United Kingdom
545908,GUMBALL COAT RACK,6,08.03.2011 09:26,"2,55",14709.0,United Kingdom
542624,S/6 WOODEN SKITTLES IN COTTON BAG,1,31.01.2011 09:48,"5,79",,United Kingdom
555851,POLKA DOT RAFFIA FOOD COVER,1,07.06.2011 13:37,"3,75",13050.0,United Kingdom
580541,PACK OF 6 PANETTONE GIFT BOXES,6,05.12.2011 09:03,"2,55",15358.0,United Kingdom
561891,CREAM HEART CARD HOLDER,2,31.07.2011 14:19,"3,95",15438.0,United Kingdom
579508,RAIN PONCHO RETROSPOT,3,29.11.2011 16:33,"1,63",,United Kingdom
555634,VICTORIAN GLASS HANGING T-LIGHT,12,06.06.2011 12:29,"1,25",13319.0,United Kingdom
539434,BATH BUILDING BLOCK WORD,2,17.12.2010 14:41,"11,87",,United Kingdom
574076,HOMEMADE JAM SCENTED CANDLES,3,02.11.2011 15:38,"3,29",,United Kingdom
545568,TRAVEL CARD WALLET VINTAGE TICKET,1,03.03.2011 16:22,"0,83",,United Kingdom
536800,CARD PARTY GAMES,12,02.12.2010 16:12,"0,42",14829.0,United Kingdom
551810,JUMBO SHOPPER VINTAGE RED PAISLEY,1,04.05.2011 11:32,"2,08",15719.0,United Kingdom
554134,PACK OF 72 RETROSPOT CAKE CASES,24,23.05.2011 09:48,"0,55",12583.0,France
551014,SPACEBOY GIFT WRAP,25,26.04.2011 11:04,"0,42",13209.0,United Kingdom
540355,DOORMAT UNION JACK GUNS AND ROSES,1,06.01.2011 15:11,"12,72",,United Kingdom
536544,MINI JIGSAW CIRCUS PARADE,1,01.12.2010 14:32,"0,85",,United Kingdom
561259,MINT KITCHEN SCALES,2,26.07.2011 12:04,"8,5",12584.0,Italy
555324,SET OF 4 ENGLISH ROSE PLACEMATS,1,02.06.2011 11:02,"7,46",,United Kingdom
536531,DOORMAT PEACE ON EARTH BLUE,4,01.12.2010 13:23,"7,95",15485.0,United Kingdom
565519,PARISIENNE SEWING BOX,4,05.09.2011 11:52,"12,5",12502.0,Spain
555741,COLOURING PENCILS BROWN TUBE,10,07.06.2011 10:05,"0,42",16817.0,United Kingdom
560820,SET OF 6 SOLDIER SKITTLES,3,21.07.2011 10:59,"3,75",17811.0,United Kingdom
552839,GLITTER HANGING BUTTERFLY STRING,6,11.05.2011 14:25,"2,1",14367.0,United Kingdom
568593,DRAWER KNOB CRACKLE GLAZE IVORY,6,28.09.2011 10:54,"1,65",13988.0,United Kingdom
563404,JUMBO BAG WOODLAND ANIMALS,20,16.08.2011 11:04,"2,08",16303.0,United Kingdom
541696,BUTTERFLIES STICKERS,1,20.01.2011 18:08,"0,79",,United Kingdom
549586,LUNCH BAG WOODLAND,9,11.04.2011 10:00,"4,96",,United Kingdom
548329,LOVE BUILDING BLOCK WORD,18,30.03.2011 13:14,"5,45",16584.0,United Kingdom
578513,GINGHAM HEART  DOORSTOP RED,3,24.11.2011 13:32,"4,25",16609.0,United Kingdom
538349,DECORATIVE CATS BATHROOM BOTTLE,2,10.12.2010 14:59,"2,51",,United Kingdom
541567,SET OF 2 TEA TOWELS APPLE AND PEARS,12,19.01.2011 11:51,"2,95",12681.0,France
538709,TRADITIONAL WOODEN CATCH CUP GAME,1,14.12.2010 10:46,"1,25",16442.0,United Kingdom
557937,CHARLIE AND LOLA FIGURES TINS,1,23.06.2011 15:30,"5,79",,United Kingdom
541265,SET 3 PAPER VINTAGE CHICK PAPER EGG,2,16.01.2011 16:23,"2,95",17609.0,United Kingdom
537434,ALARM CLOCK BAKELIKE ORANGE,1,06.12.2010 16:57,"7,62",,United Kingdom
571715,PAPER CHAIN KIT 50'S CHRISTMAS,3,18.10.2011 17:04,"2,95",17576.0,United Kingdom
568513,WICKER STAR,10,27.09.2011 12:36,"2,1",13555.0,United Kingdom
575754,6 GIFT TAGS 50'S CHRISTMAS,6,11.11.2011 10:43,"0,83",17295.0,United Kingdom
554380,REGENCY CAKESTAND 3 TIER,12,24.05.2011 11:45,"12,75",16709.0,United Kingdom
551721,TEA BAG PLATE RED RETROSPOT,1,03.05.2011 16:49,"0,85",14711.0,United Kingdom
564837,BUTTON BOX,3,30.08.2011 12:40,"1,63",,United Kingdom
545545,FELTCRAFT BOY JEAN-PAUL KIT,1,03.03.2011 15:02,"4,95",17841.0,United Kingdom
542115,JUMBO BAG PINK POLKADOT,4,25.01.2011 14:01,"4,13",,United Kingdom
558696,TRADITIONAL KNITTING NANCY,10,01.07.2011 12:09,"1,65",16746.0,United Kingdom
541812,SPACEBOY LUNCH BOX,64,21.01.2011 15:25,"1,65",16839.0,United Kingdom
551387,GREEN REGENCY TEACUP AND SAUCER,6,28.04.2011 11:40,"2,95",14240.0,United Kingdom
557846,FELTCRAFT GIRL NICOLE KIT,3,23.06.2011 10:44,"4,95",17365.0,United Kingdom
577062,EMPIRE TISSUE BOX,36,17.11.2011 14:40,"0,39",18221.0,United Kingdom
552865,CARD I LOVE LONDON,12,11.05.2011 17:16,"0,42",,United Kingdom
558873,PACK OF 72 RETROSPOT CAKE CASES,48,04.07.2011 13:28,"0,55",15290.0,United Kingdom
565133,DOORSTOP RETROSPOT HEART,8,01.09.2011 12:46,"3,75",13458.0,United Kingdom
543543,SPACEBOY TV DINNER TRAY,1,09.02.2011 15:33,"4,95",17843.0,United Kingdom
569897,SET OF 3 NOTEBOOKS IN PARCEL,1,06.10.2011 16:01,"1,65",17813.0,United Kingdom
555845,BOHEMIAN COLLAGE STATIONERY SET,2,07.06.2011 13:19,"1,25",17015.0,United Kingdom
538905,ANTIQUE SILVER TEA GLASS ETCHED,12,15.12.2010 10:31,"1,25",13611.0,United Kingdom
567183,RETROSPOT RED WASHING UP GLOVES,2,18.09.2011 15:33,"2,1",14769.0,United Kingdom
557311,RECIPE BOX PANTRY YELLOW DESIGN,2,19.06.2011 15:36,"2,95",15700.0,United Kingdom
568059,FIRST AID TIN,4,23.09.2011 12:58,"3,25",13097.0,United Kingdom
537237,FELT TOADSTOOL  SMALL,1,06.12.2010 09:58,"1,66",,United Kingdom
570818,JUMBO BAG APPLES,1,12.10.2011 12:47,"2,08",17841.0,United Kingdom
578833,DOORMAT UNION FLAG,2,25.11.2011 15:23,"14,13",,United Kingdom
542102,METAL SIGN TAKE IT OR LEAVE IT,6,25.01.2011 13:26,"2,95",12744.0,Singapore
553556,GYMKHANA TREASURE BOOK BOX,1,17.05.2011 16:48,"2,25",17530.0,United Kingdom
559814,CHILDRENS CUTLERY DOLLY GIRL,4,12.07.2011 15:49,"4,15",15544.0,United Kingdom
543590,WOODEN FRAME ANTIQUE WHITE,2,10.02.2011 11:44,"2,95",17377.0,United Kingdom
569329,ROUND SNACK BOXES SET OF 4 SKULLS,6,03.10.2011 13:03,"2,95",17652.0,United Kingdom
567523,RED METAL BOX TOP SECRET,2,21.09.2011 08:27,"8,25",17034.0,United Kingdom
541881,HEART OF WICKER LARGE,6,24.01.2011 10:43,"2,95",14501.0,United Kingdom
559521,GIRAFFE WOODEN RULER,3,08.07.2011 16:26,"1,95",,Unspecified
551007,ENAMEL BREAD BIN CREAM,1,26.04.2011 09:49,"24,96",,United Kingdom
566434,HEADS AND TAILS SPORTING FUN,6,12.09.2011 15:01,"1,25",17090.0,United Kingdom
546406,DOORMAT WELCOME PUPPIES,1,11.03.2011 16:21,"15,79",,United Kingdom
542272,PACK OF 12 COLOURED PENCILS,12,27.01.2011 09:42,"0,85",16496.0,United Kingdom
580137,TREE T-LIGHT HOLDER WILLIE WINKIE,1,01.12.2011 19:54,"1,65",17566.0,United Kingdom
544295,NO SINGING METAL SIGN,12,17.02.2011 12:43,"1,85",14298.0,United Kingdom
553685,CALENDAR PAPER CUT DESIGN,6,18.05.2011 13:56,"2,95",18097.0,United Kingdom
549281,PACK OF 20 NAPKINS RED APPLES,12,07.04.2011 13:19,"0,85",17735.0,United Kingdom
553863,SET/10 IVORY POLKADOT PARTY CANDLES,4,19.05.2011 14:05,"1,25",13418.0,United Kingdom
562100,VINTAGE KEEPSAKE BOX TRAVELOGUE,4,02.08.2011 14:00,"6,35",13437.0,United Kingdom
542237,ALARM CLOCK BAKELIKE ORANGE,4,26.01.2011 14:30,"3,75",12347.0,Iceland
560090,SKETCHBOOK MAGNETIC SHOPPING LIST,1,14.07.2011 16:46,"3,29",,United Kingdom
552493,HANGING WOOD AND FELT FLOWER,1,09.05.2011 16:21,"0,42",,United Kingdom
553005,ROSE DU SUD COSMETICS BAG,2,12.05.2011 16:29,"4,25",14651.0,United Kingdom
541830,MINI FUNKY DESIGN TAPES,2,21.01.2011 17:09,"0,79",,United Kingdom
546984,PACK OF 12 LONDON TISSUES,12,18.03.2011 12:35,"0,29",15019.0,United Kingdom
543380,SET OF 3 HEART COOKIE CUTTERS,12,07.02.2011 15:47,"1,25",14293.0,United Kingdom
543924,MAGNETS PACK OF 4 CHILDHOOD MEMORY,2,14.02.2011 14:14,"1,25",16904.0,United Kingdom
572317,PLEASE ONE PERSON METAL SIGN,1,23.10.2011 16:13,"2,1",14629.0,United Kingdom
539453,MINI JIGSAW BUNNIES,1,17.12.2010 17:08,"0,85",,United Kingdom
550207,JUMBO BAG TOYS,1,15.04.2011 10:38,"4,13",,United Kingdom
551991,ASSORTED COLOURS SILK FAN,48,05.05.2011 15:29,"0,83",14697.0,United Kingdom
575902,PARTY INVITES FOOTBALL,12,11.11.2011 15:20,"0,85",15544.0,United Kingdom
575128,STAR DECORATION PAINTED ZINC,96,08.11.2011 14:27,"0,19",16837.0,United Kingdom
553156,BLUE STRIPE CERAMIC DRAWER KNOB,2,13.05.2011 14:58,"1,25",17841.0,United Kingdom
561900,ENAMEL MEASURING JUG CREAM,3,31.07.2011 15:31,"4,25",16655.0,United Kingdom
568328,STAR T-LIGHT HOLDER WILLIE WINKIE,6,26.09.2011 14:06,"1,65",18016.0,United Kingdom
578289,JUMBO BAG PINK POLKADOT,6,23.11.2011 14:07,"2,08",17841.0,United Kingdom
576927,LUNCH BOX WITH CUTLERY RETROSPOT,6,17.11.2011 11:02,"2,55",12567.0,France
577050,WOODEN TREE CHRISTMAS SCANDINAVIAN,24,17.11.2011 13:59,"0,29",14191.0,United Kingdom
538349,SPACEBOY BIRTHDAY CARD,3,10.12.2010 14:59,"0,85",,United Kingdom
557217,"ELEPHANT, BIRTHDAY CARD,",12,17.06.2011 12:30,"0,42",17426.0,United Kingdom
539436,ROTATING SILVER ANGELS T-LIGHT HLDR,1,17.12.2010 14:49,"5,06",,United Kingdom
550187,RECYCLED ACAPULCO MAT TURQUOISE,5,14.04.2011 18:40,"8,25",13811.0,Germany
573286,PLASTERS IN TIN STRONGMAN,2,28.10.2011 14:38,"1,65",,Switzerland
564363,WRAP CIRCUS PARADE,25,24.08.2011 16:23,"0,42",15434.0,United Kingdom
575875,VINTAGE DOILY TRAVEL SEWING KIT,2,11.11.2011 13:06,"3,29",,United Kingdom
539246,RED DAISY POCKET BOOK,3,16.12.2010 13:33,"0,85",14606.0,United Kingdom
551982,SET 12 LAVENDER  BOTANICAL T-LIGHTS,4,05.05.2011 13:56,"2,95",15023.0,United Kingdom
548538,,3,31.03.2011 17:36,0,,United Kingdom
573501,GIN + TONIC DIET METAL SIGN,12,31.10.2011 12:02,"2,55",18055.0,United Kingdom
537042,PACK OF 12 HEARTS DESIGN TISSUES,12,05.12.2010 10:45,"0,29",13838.0,United Kingdom
579187,PINK DOG BOWL,3,28.11.2011 15:31,"2,46",,United Kingdom
564040,SET OF 72 RETROSPOT PAPER  DOILIES,12,22.08.2011 12:45,"1,45",14560.0,United Kingdom
545460,JUMBO BAG PINK POLKADOT,4,02.03.2011 17:33,"1,95",13230.0,United Kingdom
577100,PAPER CHAIN KIT 50'S CHRISTMAS,20,17.11.2011 16:51,"2,95",16009.0,United Kingdom
569893,FRENCH WC SIGN BLUE METAL,12,06.10.2011 15:51,"1,25",12627.0,Germany
555363,PAPER LANTERN 5 POINT STAR MOON,1,02.06.2011 14:15,"4,15",14453.0,United Kingdom
555523,ROUND SNACK BOXES SET OF 4 SKULLS,6,05.06.2011 11:36,"2,95",12468.0,Germany
580635,PAPER CHAIN KIT 50'S CHRISTMAS,2,05.12.2011 12:30,"2,95",14649.0,United Kingdom
544461,ASSORTED COLOURS SILK FAN,24,20.02.2011 14:08,"0,75",13744.0,United Kingdom
541832,REX CASH+CARRY JUMBO SHOPPER,1,21.01.2011 17:14,"0,95",17889.0,United Kingdom
576593,RIBBON REEL SOCKS AND MITTENS,2,15.11.2011 14:48,"1,65",15720.0,United Kingdom
560926,CAKE STAND VICTORIAN FILIGREE SMALL,10,22.07.2011 09:20,"4,13",,United Kingdom
580873,LUNCH BOX I LOVE LONDON,24,06.12.2011 12:06,"1,65",15061.0,United Kingdom
550275,SET OF 4 ENGLISH ROSE PLACEMATS,4,15.04.2011 12:35,"3,75",13993.0,United Kingdom
551163,CHILDRENS DOLLY GIRL MUG,2,26.04.2011 15:52,"1,65",12573.0,France
558481,ASSORTED COLOUR BIRD ORNAMENT,24,30.06.2011 09:02,"1,69",17675.0,United Kingdom
574298,SET 36 COLOUR PENCILS LOVE LONDON,2,03.11.2011 15:56,"2,46",,United Kingdom
550458,12 PENCIL SMALL TUBE WOODLAND,4,18.04.2011 13:13,"1,25",,United Kingdom
567095,RED RETROSPOT CHARLOTTE BAG,10,16.09.2011 13:03,"0,85",17049.0,United Kingdom
578998,BLUE DINER WALL CLOCK,1,27.11.2011 16:05,"8,5",15436.0,United Kingdom
557311,FILIGRIS HEART WITH BUTTERFLY,10,19.06.2011 15:36,"1,25",15700.0,United Kingdom
570466,WALL ART STOP FOR TEA,1,10.10.2011 16:03,"5,95",16791.0,United Kingdom
573341,VINTAGE DOILY TRAVEL SEWING KIT,10,30.10.2011 11:55,"1,95",16949.0,United Kingdom
562717,RETROSPOT PARTY BAG + STICKER SET,2,08.08.2011 15:42,"3,29",,United Kingdom
550215,SET OF 36 DOILIES SPACEBOY DESIGN,1,15.04.2011 10:43,"2,92",,United Kingdom
573320,WOOD BLACK BOARD ANT WHITE FINISH,12,30.10.2011 10:29,"6,75",15513.0,United Kingdom
543548,S/12 VANILLA  BOTANICAL T-LIGHTS,6,10.02.2011 09:21,"2,95",13706.0,United Kingdom
536798,ENAMEL FLOWER JUG CREAM,1,02.12.2010 15:55,"5,95",17838.0,United Kingdom
537036,CORONA MEXICAN TRAY,1,03.12.2010 17:28,"3,75",15545.0,United Kingdom
548327,PACK OF 12 HEARTS DESIGN TISSUES,1,30.03.2011 13:05,"0,29",16788.0,United Kingdom
553884,POSTAGE,1,19.05.2011 15:36,18,12600.0,Germany
550279,WHITE SPOT RED CERAMIC DRAWER KNOB,12,15.04.2011 13:16,"1,25",14700.0,United Kingdom
559337,HEART T-LIGHT HOLDER WILLIE WINKIE,5,07.07.2011 16:27,"3,29",,United Kingdom
567128,FELTCRAFT 6 FLOWER FRIENDS,2,16.09.2011 14:04,"2,1",18055.0,United Kingdom
551997,BEADED CRYSTAL HEART GREEN ON STICK,3,05.05.2011 15:47,"0,83",,United Kingdom
541811,JUMBO BAG SCANDINAVIAN PAISLEY,5,21.01.2011 15:01,"4,13",,United Kingdom
577493,LUNCH BAG WOODLAND,1,20.11.2011 12:13,"1,65",17323.0,United Kingdom
549903,SET 2 PANTRY DESIGN TEA TOWELS,3,12.04.2011 16:19,"3,25",17576.0,United Kingdom
537666,CHRISTMAS MUSICAL ZINC STAR,1,07.12.2010 18:36,"1,66",,United Kingdom
545039,TEA TIME KITCHEN APRON,1,27.02.2011 10:22,"5,95",17243.0,United Kingdom
552956,DOORMAT TOPIARY,2,12.05.2011 12:34,"7,95",12431.0,Australia
564371,LUNCH BAG CARS BLUE,10,25.08.2011 09:53,"1,65",17705.0,United Kingdom
567516,FELTCRAFT CUSHION RABBIT,4,20.09.2011 15:31,"3,75",13138.0,United Kingdom
538664,LANTERN CREAM GAZEBO,12,13.12.2010 15:46,"4,25",14733.0,United Kingdom
571797,SET OF 36 PAISLEY FLOWER DOILIES,1,19.10.2011 11:41,"3,75",,United Kingdom
547488,AIRLINE BAG VINTAGE JET SET WHITE,2,23.03.2011 11:30,"4,25",13821.0,United Kingdom
565471,VINTAGE UNION JACK BUNTING,30,05.09.2011 10:12,"8,5",13931.0,United Kingdom
576339,TEA BAG PLATE RED RETROSPOT,2,14.11.2011 15:27,"1,63",14096.0,United Kingdom
579555,ENGLISH ROSE HOT WATER BOTTLE,1,30.11.2011 11:08,"4,25",16241.0,United Kingdom
570638,WRAP CHRISTMAS SCREEN PRINT,50,11.10.2011 12:36,"0,19",17888.0,United Kingdom
568193,DOORMAT I LOVE LONDON,10,25.09.2011 14:37,"7,08",17107.0,United Kingdom
557794,SET OF 3 NOTEBOOKS IN PARCEL,12,23.06.2011 09:08,"1,65",16287.0,United Kingdom
569202,GLASS BON BON JAR,3,30.09.2011 17:22,"3,29",,United Kingdom
553229,60 CAKE CASES DOLLY GIRL DESIGN,2,16.05.2011 10:50,"0,55",15039.0,United Kingdom
554059,LARGE IVORY HEART WALL ORGANISER,2,20.05.2011 16:25,"8,25",14388.0,United Kingdom
577837,TRADITIONAL NAUGHTS & CROSSES,12,22.11.2011 10:30,"1,65",14834.0,United Kingdom
550320,BREAD BIN DINER STYLE PINK,1,17.04.2011 12:37,"16,95",12748.0,United Kingdom
575384,HOT WATER BOTTLE KEEP CALM,8,09.11.2011 15:17,"4,95",17690.0,United Kingdom
575964,ILLUSTRATED CAT BOWL,1,13.11.2011 12:31,"2,55",15021.0,United Kingdom
573585,CHICK GREY HOT WATER BOTTLE,1,31.10.2011 14:41,"8,29",,United Kingdom
562024,MINI CAKE STAND T-LIGHT HOLDER,2,01.08.2011 16:07,"0,83",,United Kingdom
555835,BATH BUILDING BLOCK WORD,1,07.06.2011 12:34,"5,95",14525.0,United Kingdom
555703,BAKING SET 9 PIECE RETROSPOT,3,06.06.2011 15:06,"4,95",15379.0,United Kingdom
549830,GREEN GIANT GARDEN THERMOMETER,1,12.04.2011 13:01,"5,95",17811.0,United Kingdom
560551,THE KING GIFT BAG 25x24x12cm,4,19.07.2011 12:47,"0,42",18041.0,United Kingdom
556248,RABBIT NIGHT LIGHT,12,09.06.2011 16:33,"2,08",15681.0,United Kingdom
545216,PINK POLKADOT CHILDRENS UMBRELLA,1,28.02.2011 16:50,"6,63",,United Kingdom
566025,POPCORN HOLDER,2,08.09.2011 12:55,"0,85",17634.0,United Kingdom
568141,DOORMAT ENGLISH ROSE,1,25.09.2011 11:21,"8,25",16326.0,United Kingdom
547657,DAIRY MAID LARGE MILK JUG,3,24.03.2011 12:58,"4,95",13871.0,United Kingdom
570672,SET 12 COLOUR PENCILS DOLLY GIRL,16,11.10.2011 14:52,"0,65",12536.0,France
576857,72 SWEETHEART FAIRY CAKE CASES,1,16.11.2011 15:52,"0,55",12748.0,United Kingdom
557016,LUNCH BAG VINTAGE LEAF DESIGN,2,16.06.2011 12:29,"1,65",16942.0,United Kingdom
567804,MEASURING TAPE BABUSHKA PINK,3,22.09.2011 12:13,"2,95",17920.0,United Kingdom
574831,TOILET SIGN OCCUPIED OR VACANT,48,07.11.2011 11:26,"0,83",15522.0,United Kingdom
552291,CHILDRENS CUTLERY RETROSPOT RED,4,08.05.2011 14:00,"4,15",15421.0,United Kingdom
557878,JUMBO BAG DOLLY GIRL DESIGN,2,23.06.2011 13:13,"2,08",16940.0,United Kingdom
542112,WOOD S/3 CABINET ANT WHITE FINISH,2,25.01.2011 13:55,"7,95",13168.0,United Kingdom
555561,HEART OF WICKER LARGE,12,05.06.2011 14:38,"2,95",16654.0,United Kingdom
536409,SET 2 TEA TOWELS I LOVE LONDON,1,01.12.2010 11:45,"2,95",17908.0,United Kingdom
578824,PACK OF 6 COCKTAIL PARASOL STRAWS,5,25.11.2011 14:02,"0,42",17883.0,United Kingdom
561877,JUMBO BAG PEARS,2,31.07.2011 12:16,"2,08",16401.0,United Kingdom
555500,MIRROR MOSAIC VOTIVE HOLDER,1,03.06.2011 15:32,"2,1",15508.0,United Kingdom
546406,ENGLISH ROSE NOTEBOOK A6 SIZE,1,11.03.2011 16:21,"1,46",,United Kingdom
562388,PLASTERS IN TIN WOODLAND ANIMALS,12,04.08.2011 15:52,"1,65",18099.0,United Kingdom
536534,HAND WARMER SCOTTY DOG DESIGN,12,01.12.2010 13:33,"2,1",15350.0,United Kingdom
576774,ROUND SNACK BOXES SET OF 4 FRUITS,6,16.11.2011 13:21,"2,95",13131.0,United Kingdom
571931,GREY HEART HOT WATER BOTTLE,1,19.10.2011 16:59,"8,29",,United Kingdom
575383,ZINC METAL HEART DECORATION,12,09.11.2011 15:17,"1,25",15986.0,United Kingdom
570024,PLEASE ONE PERSON METAL SIGN,12,07.10.2011 10:29,"2,1",17975.0,United Kingdom
561385,FRENCH LAVENDER SCENT HEART,12,27.07.2011 09:13,"0,75",15660.0,United Kingdom
538626,SET/3 OCEAN SCENT CANDLE JEWEL BOX,6,13.12.2010 12:57,"4,25",17338.0,United Kingdom
578065,HANGING PHOTO CLIP ROPE LADDER,1,22.11.2011 15:41,"3,29",,United Kingdom
579694,WOODLAND BUNNIES LOLLY MAKERS,1,30.11.2011 14:11,"4,13",,United Kingdom
550542,LARGE STRIPES CHOCOLATE GIFT BAG,4,19.04.2011 11:37,"1,25",,United Kingdom
562717,GLASS CLOCHE SMALL,1,08.08.2011 15:42,"3,95",,United Kingdom
563369,ENGLISH ROSE GARDEN SECATEURS,12,16.08.2011 09:25,"0,79",13394.0,United Kingdom
559979,SAVE THE PLANET COTTON TOTE BAG,6,14.07.2011 11:20,"2,25",14862.0,United Kingdom
576554,SET 2 TEA TOWELS I LOVE LONDON,6,15.11.2011 12:57,"3,25",13066.0,United Kingdom
554694,KNICKERBOCKERGLORY MAGNET ASSORTED,1,25.05.2011 17:06,"8,29",,United Kingdom
560225,RECYCLED PENCIL WITH RABBIT ERASER,20,15.07.2011 16:27,"0,42",,United Kingdom
540531,RECIPE BOX PANTRY YELLOW DESIGN,1,09.01.2011 14:03,"2,95",16549.0,United Kingdom
550651,IVORY DINER WALL CLOCK,1,19.04.2011 16:52,"8,5",15436.0,United Kingdom
541827,S/4 VALENTINE DECOUPAGE HEART BOX,3,21.01.2011 17:05,"3,29",,United Kingdom
545294,COWBOYS AND INDIANS BIRTHDAY CARD,12,01.03.2011 12:07,"0,42",17965.0,United Kingdom
573665,6 GIFT TAGS VINTAGE CHRISTMAS,10,31.10.2011 16:24,"0,83",13982.0,United Kingdom
538307,SET OF 3 PINK FLYING DUCKS,1,10.12.2010 13:27,"5,45",14667.0,United Kingdom
575726,PAPER CHAIN KIT 50'S CHRISTMAS,2,10.11.2011 19:12,"2,95",16791.0,United Kingdom
538890,SMALL YELLOW BABUSHKA NOTEBOOK,6,14.12.2010 16:39,"0,85",12867.0,United Kingdom
543467,HEART DECORATION RUSTIC HANGING,5,08.02.2011 14:35,"0,79",,United Kingdom
540242,FILIGRIS HEART WITH BUTTERFLY,24,05.01.2011 15:30,"1,25",15046.0,United Kingdom
553685,WRAP PINK FAIRY CAKES,25,18.05.2011 13:56,"0,42",18097.0,United Kingdom
569671,LUNCH BAG SUKI DESIGN,10,05.10.2011 13:54,"1,65",16020.0,United Kingdom
554514,TOILET SIGN OCCUPIED OR VACANT,1,24.05.2011 15:58,"2,46",,United Kingdom
550459,4 PURPLE FLOCK DINNER CANDLES,1,18.04.2011 13:17,"2,55",18116.0,United Kingdom
559063,RED RETROSPOT CHILDRENS UMBRELLA,1,06.07.2011 10:10,"3,25",17220.0,United Kingdom
570521,SET 2 PANTRY DESIGN TEA TOWELS,6,11.10.2011 10:43,"3,25",12371.0,Switzerland
538659,CALENDAR PAPER CUT DESIGN,6,13.12.2010 15:36,"2,95",14625.0,United Kingdom
573300,JUMBO BAG RED RETROSPOT,1,28.10.2011 16:10,"2,08",16049.0,United Kingdom
546655,DOORMAT FAIRY CAKE,1,15.03.2011 14:19,"14,13",,United Kingdom
541987,SMALL HEART MEASURING SPOONS,3,24.01.2011 16:05,"0,85",14130.0,United Kingdom
546642,BLACK KITCHEN SCALES,4,15.03.2011 13:13,"8,5",12779.0,Poland
571500,ROLL WRAP 50'S RED CHRISTMAS,2,17.10.2011 15:09,"1,25",,United Kingdom
561802,ICE CREAM PEN LIP GLOSS,48,29.07.2011 14:29,"1,25",12748.0,United Kingdom
570187,SET OF 4 KNICK KNACK TINS LONDON,2,07.10.2011 15:09,"8,29",,United Kingdom
563019,TOADSTOOL BEDSIDE LIGHT,2,11.08.2011 12:58,"8,95",17340.0,United Kingdom
567670,HANGING HEART ZINC T-LIGHT HOLDER,2,21.09.2011 15:32,"2,08",,United Kingdom
561699,VINTAGE UNION JACK BUNTING,12,29.07.2011 10:32,"8,5",12971.0,United Kingdom
548952,TRIPLE PHOTO FRAME CORNICE,7,05.04.2011 10:46,"9,95",15572.0,United Kingdom
572225,CARD MOTORBIKE SANTA,12,21.10.2011 13:50,"0,42",13157.0,United Kingdom
545717,JUMBO SHOPPER VINTAGE RED PAISLEY,4,07.03.2011 10:15,"4,13",,United Kingdom
544485,LARGE POPCORN HOLDER,2,21.02.2011 11:35,"1,65",17757.0,United Kingdom
576644,6 GIFT TAGS 50'S CHRISTMAS,9,16.11.2011 10:01,"1,63",,United Kingdom
547809,ENGLISH ROSE NOTEBOOK A6 SIZE,2,25.03.2011 13:54,"0,65",12748.0,United Kingdom
556108,SUKI  SHOULDER BAG,1,08.06.2011 17:59,"3,29",,United Kingdom
569087,HEADS AND TAILS SPORTING FUN,12,30.09.2011 12:03,"1,25",13095.0,United Kingdom
556768,RED GINGHAM ROSE JEWELLERY BOX,4,14.06.2011 12:21,"1,95",17243.0,United Kingdom
560928,RED RETROSPOT PICNIC BAG,5,22.07.2011 10:00,"2,95",14852.0,United Kingdom
552036,LONDON BUS COFFEE MUG,6,05.05.2011 19:16,"2,55",12748.0,United Kingdom
557621,FAMILY ALBUM WHITE PICTURE FRAME,2,21.06.2011 14:00,"8,5",12444.0,Norway
569089,6 RIBBONS RUSTIC CHARM,2,30.09.2011 12:03,"1,95",13764.0,United Kingdom
580635,SET OF 3 HEART COOKIE CUTTERS,2,05.12.2011 12:30,"1,45",14649.0,United Kingdom
540188,BOOZE & WOMEN GREETING CARD,12,05.01.2011 13:57,"0,42",16771.0,United Kingdom
575039,WOODEN PICTURE FRAME WHITE FINISH,6,08.11.2011 11:53,"2,95",15005.0,United Kingdom
565231,CARD PARTY GAMES,4,02.09.2011 09:26,"0,42",,United Kingdom
543812,PARTY INVITES WOODLAND,1,13.02.2011 14:40,"0,85",17472.0,United Kingdom
557502,PINK UNION JACK  LUGGAGE TAG,1,20.06.2011 15:32,"2,46",,United Kingdom
564725,RED SPOT GIFT BAG LARGE,2,28.08.2011 12:28,"1,25",18041.0,United Kingdom
573913,VINTAGE DOILY DELUXE SEWING KIT,3,01.11.2011 15:49,"5,95",17653.0,United Kingdom
576412,T-LIGHT GLASS FLUTED ANTIQUE,12,15.11.2011 11:21,"1,25",13455.0,United Kingdom
562680,BLUE DRAGONFLY HELICOPTER,1,08.08.2011 13:46,"7,95",17954.0,United Kingdom
549155,RED RETROSPOT OVEN GLOVE DOUBLE,1,06.04.2011 17:08,"5,79",,United Kingdom
571046,RIBBON REEL MAKING SNOWMEN,1,13.10.2011 13:35,"1,65",18096.0,United Kingdom
554162,RED RETROSPOT WRAP,25,23.05.2011 11:52,"0,42",16722.0,United Kingdom
568676,STORAGE TIN VINTAGE DOILY,6,28.09.2011 13:43,"2,89",18242.0,United Kingdom
542102,PINK POLKADOT CHILDRENS UMBRELLA,12,25.01.2011 13:26,"3,25",12744.0,Singapore
552829,PAPERWEIGHT VINTAGE COLLAGE,2,11.05.2011 13:42,"2,55",12748.0,United Kingdom
559693,EGG FRYING PAN BLUE,2,11.07.2011 16:21,"2,08",,United Kingdom
580113,PAPER CHAIN KIT 50'S CHRISTMAS,6,01.12.2011 16:05,"2,95",14766.0,United Kingdom
543713,RED RETROSPOT CUP,2,11.02.2011 11:46,"1,63",,United Kingdom
557112,BLUE POLKADOT GARDEN PARASOL,1,16.06.2011 16:31,"10,79",,United Kingdom
561369,"LETTER ""E"" BLING KEY RING",1,26.07.2011 16:22,"0,83",,United Kingdom
548511,VINTAGE CREAM DOG FOOD CONTAINER,5,31.03.2011 15:43,"8,5",14056.0,United Kingdom
552310,CHARLOTTE BAG PINK POLKADOT,10,08.05.2011 15:22,"0,85",17323.0,United Kingdom
544214,BLUE POLKADOT BOWL,2,17.02.2011 11:19,"2,46",,United Kingdom
561651,SET OF 12 MINI LOAF BAKING CASES,2,28.07.2011 15:36,"2,46",,United Kingdom
566962,JUMBO BAG VINTAGE LEAF,1,15.09.2011 17:07,"2,08",16764.0,United Kingdom
544586,FELTCRAFT PRINCESS CHARLOTTE DOLL,3,21.02.2011 15:04,"3,75",17338.0,United Kingdom
556107,CHILDRENS CUTLERY SPACEBOY,1,08.06.2011 17:09,"4,15",17360.0,United Kingdom
578065,SET 6 PAPER TABLE LANTERN STARS,3,22.11.2011 15:41,"7,46",,United Kingdom
579694,SET 10 NIGHT OWL LIGHTS,4,30.11.2011 14:11,"13,29",,United Kingdom
559356,SWEETHEART WIRE MAGAZINE RACK,2,07.07.2011 18:29,"7,95",15416.0,United Kingdom
568908,RED RETROSPOT PEG BAG,6,29.09.2011 13:38,"2,55",16653.0,United Kingdom
575256,SET OF 2 WOODEN MARKET CRATES,12,09.11.2011 11:58,"10,95",13408.0,United Kingdom
555558,MEDIUM CERAMIC TOP STORAGE JAR,6,05.06.2011 14:06,"1,25",14159.0,United Kingdom
545477,RECIPE BOX PANTRY YELLOW DESIGN,1,03.03.2011 11:07,"2,95",14573.0,United Kingdom
573350,PAINTED METAL STAR WITH HOLLY BELLS,24,30.10.2011 12:32,"0,39",17725.0,United Kingdom
579453,SET OF 3 WOODEN STOCKING DECORATION,12,29.11.2011 14:03,"1,25",12748.0,United Kingdom
567183,LAVENDER SCENTED FABRIC HEART,10,18.09.2011 15:32,"1,25",14769.0,United Kingdom
562455,SET/6 PINK  BUTTERFLY T-LIGHTS,12,05.08.2011 10:32,"2,1",18097.0,United Kingdom
541421,GOLD MINI TAPE MEASURE,2,17.01.2011 17:44,"0,83",,United Kingdom
575930,BOX OF 24 COCKTAIL PARASOLS,3,11.11.2011 17:58,"0,83",,United Kingdom
581023,CHILLI LIGHTS,3,07.12.2011 10:35,"12,46",,United Kingdom
541493,TEA TIME DES TEA COSY,3,18.01.2011 14:29,"5,79",,United Kingdom
580043,"SET 3 RETROSPOT TEA,COFFEE,SUGAR",1,01.12.2011 12:25,"4,95",14527.0,United Kingdom
542622,3 TRADITIONAl BISCUIT CUTTERS  SET,1,31.01.2011 09:09,"4,13",,United Kingdom
559170,LUNCH BAG ALPHABET DESIGN,1,06.07.2011 17:31,"1,65",16942.0,United Kingdom
552640,ABC TREASURE BOOK BOX,1,10.05.2011 13:19,"2,25",17841.0,United Kingdom
568207,LUNCH BAG DOLLY GIRL DESIGN,10,25.09.2011 15:34,"1,65",15150.0,United Kingdom
548340,CHOCOLATE THIS WAY METAL SIGN,12,30.03.2011 14:23,"2,1",13426.0,United Kingdom
539455,CHOCOLATE HOT WATER BOTTLE,1,17.12.2010 17:17,"4,95",12748.0,United Kingdom
567656,GINGHAM HEART DECORATION,3,21.09.2011 14:40,"1,63",14096.0,United Kingdom
576463,CHRISTMAS RETROSPOT ANGEL WOOD,5,15.11.2011 11:37,"0,85",17974.0,United Kingdom
576399,PLASTERS IN TIN VINTAGE PAISLEY,12,15.11.2011 10:50,"1,65",12684.0,France
579512,VINTAGE BILLBOARD LOVE/HATE MUG,1,29.11.2011 16:47,"2,46",,United Kingdom
563350,GARDENERS KNEELING PAD CUP OF TEA,4,15.08.2011 14:10,"1,65",14498.0,United Kingdom
545712,SET OF 2 ROUND TINS CAMEMBERT,6,07.03.2011 09:52,"2,95",18280.0,United Kingdom
580115,DARK BIRD HOUSE TREE DECORATION,5,01.12.2011 16:22,"0,83",,United Kingdom
551997,YOU'RE CONFUSING ME METAL SIGN,1,05.05.2011 15:47,"4,13",,United Kingdom
580729,BLUE VICTORIAN FABRIC OVAL BOX,3,05.12.2011 17:24,"0,83",,United Kingdom
564221,RETROSPOT CHILDRENS APRON,2,24.08.2011 09:36,"4,13",,United Kingdom
547967,FRENCH ENAMEL CANDLEHOLDER,6,28.03.2011 15:49,"4,13",,United Kingdom
575138,FRENCH BLUE METAL DOOR SIGN 1,3,08.11.2011 15:24,"2,46",,United Kingdom
554671,WHITE SPOT RED CERAMIC DRAWER KNOB,24,25.05.2011 15:47,"1,25",14009.0,United Kingdom
568780,SET/10 RED POLKADOT PARTY CANDLES,24,29.09.2011 08:27,"1,25",18235.0,United Kingdom
541221,JUMBO STORAGE BAG SUKI,34,14.01.2011 14:28,"4,96",,United Kingdom
553013,PACK OF 12 PINK POLKADOT TISSUES,1,12.05.2011 18:19,"0,83",,United Kingdom
571295,NATURAL SLATE HEART CHALKBOARD,6,16.10.2011 16:12,"2,95",14741.0,United Kingdom
551520,SCANDINAVIAN REDS RIBBONS,3,01.05.2011 11:55,"1,25",13301.0,United Kingdom
554695,RED RETROSPOT SHOPPER BAG,10,25.05.2011 17:12,"1,25",16161.0,United Kingdom
566053,60 TEATIME FAIRY CAKE CASES,2,08.09.2011 14:57,"0,55",14410.0,United Kingdom
570255,VINTAGE CHRISTMAS BUNTING,10,10.10.2011 09:41,"4,95",17648.0,United Kingdom
578293,CLASSIC CHROME BICYCLE BELL,12,23.11.2011 14:36,"1,45",15640.0,United Kingdom
576933,WOODLAND MINI BACKPACK,2,17.11.2011 11:29,"4,15",15529.0,United Kingdom
559801,GARDENERS KNEELING PAD KEEP CALM,1,12.07.2011 13:46,"3,29",,United Kingdom
559907,RED  HARMONICA IN BOX,12,13.07.2011 13:37,"1,25",12766.0,Portugal
574923,NATURAL SLATE CHALKBOARD LARGE,3,07.11.2011 16:40,"4,95",17757.0,United Kingdom
571508,MAGIC DRAWING SLATE DINOSAUR,1,17.10.2011 15:27,"0,83",,United Kingdom
558196,PINK DINER WALL CLOCK,1,27.06.2011 12:38,"8,5",16033.0,United Kingdom
578344,VINTAGE EMBOSSED HEART,1,24.11.2011 09:21,"2,46",,United Kingdom
569330,IVORY KNITTED MUG COSY,2,03.10.2011 13:31,"1,65",15311.0,United Kingdom
570696,SET 12 COLOUR PENCILS SPACEBOY,16,12.10.2011 09:08,"0,65",15840.0,United Kingdom
576646,TRADITIONAL WOODEN SKIPPING ROPE,12,16.11.2011 10:18,"1,45",,Unspecified
569137,WOODLAND STORAGE BOX SMALL,1,30.09.2011 14:45,"4,96",,United Kingdom
541302,HAND OVER THE CHOCOLATE   SIGN,12,17.01.2011 14:18,"2,1",13769.0,United Kingdom
550740,TOY TIDY SPACEBOY,1,20.04.2011 11:33,"4,13",,United Kingdom
563720,WOOD STAMP SET THANK YOU,2,18.08.2011 16:24,"0,83",15867.0,United Kingdom
580615,BOX OF 6 MINI VINTAGE CRACKERS,6,05.12.2011 12:05,"2,49",16873.0,United Kingdom
555202,RAIN PONCHO RETROSPOT,2,01.06.2011 12:11,"0,85",16813.0,United Kingdom
555735,JUMBO BAG APPLES,20,07.06.2011 08:54,"2,08",13327.0,United Kingdom
550986,RIDGED GLASS POSY VASE,2,21.04.2011 18:06,"1,63",,United Kingdom
576053,WHITE METAL LANTERN,2,13.11.2011 14:53,"3,75",16726.0,United Kingdom
536538,ANTIQUE GLASS HEART DECORATION,3,01.12.2010 13:54,"1,95",14594.0,United Kingdom
543263,METAL 4 HOOK HANGER FRENCH CHATEAU,1,04.02.2011 16:11,"2,95",,United Kingdom
556812,"FANCY FONT BIRTHDAY CARD,",1,14.06.2011 17:25,"0,83",,United Kingdom
548330,JUMBO BAG SCANDINAVIAN BLUE PAISLEY,6,30.03.2011 13:26,"2,08",14810.0,United Kingdom
551843,PARTY BUNTING,4,04.05.2011 13:57,"4,95",16094.0,United Kingdom
544700,RETROSPOT CHILDRENS APRON,25,23.02.2011 10:10,"1,95",18041.0,United Kingdom
571305,JUMBO BAG SPACEBOY DESIGN,2,17.10.2011 09:55,"4,13",,United Kingdom
556724,UNION STRIPE WITH FRINGE  HAMMOCK,2,14.06.2011 11:26,"7,95",16745.0,United Kingdom
569545,SET OF 4 PANTRY JELLY MOULDS,1,04.10.2011 16:37,"2,46",,United Kingdom
576672,POPPY'S PLAYHOUSE BATHROOM,12,16.11.2011 11:59,"2,1",12731.0,France
565243,WHITE HANGING HEART T-LIGHT HOLDER,18,02.09.2011 10:20,"2,95",16735.0,United Kingdom
548709,SUMMER FUN DESIGN SHOWER CAP,48,03.04.2011 12:46,"0,29",17744.0,United Kingdom
552285,HARDMAN MUG 3 ASSORTED,1,08.05.2011 12:58,"0,39",14684.0,United Kingdom
579391,MAGIC DRAWING SLATE DOLLY GIRL,24,29.11.2011 12:07,"0,42",14251.0,United Kingdom
548242,LUNCH BAG SUKI DESIGN,20,30.03.2011 10:34,"1,65",16218.0,United Kingdom
541268,CHILDRENS DOLLY GIRL MUG,5,17.01.2011 10:52,"1,65",12872.0,United Kingdom
548894,FRAPPUCINO SCARF KNITTING KIT,1,04.04.2011 16:01,"2,46",,United Kingdom
559163,VINTAGE SEASIDE JIGSAW PUZZLES,1,06.07.2011 16:33,"3,29",,United Kingdom
572704,BLUE POLKADOT CUP,2,25.10.2011 14:39,"1,63",,United Kingdom
565682,CERAMIC CAKE STAND + HANGING CAKES,1,06.09.2011 10:42,"9,95",14796.0,United Kingdom
573937,SET/2 RED RETROSPOT TEA TOWELS,6,02.11.2011 10:40,"3,25",15830.0,United Kingdom
552675,NO SINGING METAL SIGN,1,10.05.2011 15:07,"4,13",,United Kingdom
553607,ASSORTED COLOURS SILK FAN,600,18.05.2011 10:47,"0,72",16684.0,United Kingdom
539263,ADVENT CALENDAR GINGHAM SACK,4,16.12.2010 14:36,0,16560.0,United Kingdom
579690,60 CAKE CASES VINTAGE CHRISTMAS,1,30.11.2011 14:03,"0,55",15060.0,United Kingdom
567161,WOODLAND CHARLOTTE BAG,30,18.09.2011 10:46,"0,85",15947.0,United Kingdom
565141,PEG BAG APPLES DESIGN,1,01.09.2011 13:40,"2,55",17841.0,United Kingdom
539958,VINTAGE BEAD PINK PURSE,8,23.12.2010 13:26,"1,66",,United Kingdom
553385,FOOD COVER WITH BEADS SET 2,2,16.05.2011 15:53,"3,75",16710.0,United Kingdom
559816,PICNIC BOXES SET OF 3 RETROSPOT,2,12.07.2011 16:11,"4,13",,United Kingdom
540646,ROSE DU SUD COSMETICS BAG,2,10.01.2011 14:32,"3,36",,United Kingdom
569027,JUMBO BAG APPLES,10,30.09.2011 10:19,"2,08",13089.0,United Kingdom
574856,6 EGG HOUSE PAINTED WOOD,1,07.11.2011 12:06,"15,79",,United Kingdom
547396,RIBBON REEL HEARTS DESIGN,2,22.03.2011 16:54,"2,46",,United Kingdom
576587,SET 12 COLOUR PENCILS LOVE LONDON,24,15.11.2011 14:23,"0,65",18123.0,United Kingdom
540551,PURPLE FRANGIPANI NECKLACE,1,10.01.2011 09:43,"2,54",,United Kingdom
578827,TOAST ITS - FAIRY FLOWER,5,25.11.2011 14:25,"0,83",,United Kingdom
571658,LIPSTICK PEN RED,36,18.10.2011 12:48,"0,42",12621.0,Germany
553894,BLUE SPOT CERAMIC DRAWER KNOB,12,19.05.2011 17:15,"1,25",13658.0,United Kingdom
572317,6 GIFT TAGS VINTAGE CHRISTMAS,1,23.10.2011 16:13,"0,83",14629.0,United Kingdom
552660,LUNCH BOX WITH CUTLERY RETROSPOT,1,10.05.2011 15:03,"4,96",,United Kingdom
557938,PACK OF 72 RETROSPOT CAKE CASES,1,23.06.2011 15:35,"1,25",,United Kingdom
575739,GIRLS ALPHABET IRON ON PATCHES,5,11.11.2011 09:05,"0,42",,United Kingdom
540418,SUNFLOWER DECORATIVE PARASOL,1,07.01.2011 11:04,"8,47",,United Kingdom
538196,BLUE HARMONICA IN BOX,24,10.12.2010 10:56,"1,25",12731.0,France
564965,60 TEATIME FAIRY CAKE CASES,24,31.08.2011 15:07,"0,55",17677.0,United Kingdom
540502,FRENCH BLUE METAL DOOR SIGN 1,10,09.01.2011 10:50,"1,25",13183.0,United Kingdom
579196,SET/6 RED SPOTTY PAPER CUPS,3,28.11.2011 15:54,"1,63",14096.0,United Kingdom
565232,JUMBO BAG RED RETROSPOT,2,02.09.2011 09:30,"4,13",,United Kingdom
580667,TRAVEL CARD WALLET I LOVE LONDON,6,05.12.2011 14:19,"0,42",15031.0,United Kingdom
539451,DOLLY GIRL LUNCH BOX,2,17.12.2010 16:59,"4,21",,United Kingdom
571276,CHRISTMAS CRAFT WHITE FAIRY,3,16.10.2011 12:30,"1,45",14702.0,United Kingdom
578065,ROSE DU SUD CUSHION COVER,2,22.11.2011 15:41,"5,79",,United Kingdom
554070,FINE WICKER HEART,12,22.05.2011 11:06,"1,25",13555.0,United Kingdom
565224,JUMBO BAG VINTAGE LEAF,2,01.09.2011 19:11,"2,08",14713.0,United Kingdom
556416,PICNIC BASKET WICKER LARGE,1,10.06.2011 12:19,"9,95",15527.0,United Kingdom
564817,CHRISTMAS CRAFT LITTLE FRIENDS,2,30.08.2011 12:02,"4,13",,United Kingdom
575144,PAPER BUNTING VINTAGE PAISLEY,6,08.11.2011 15:38,"2,95",12540.0,Spain
550215,GREEN REGENCY TEACUP AND SAUCER,1,15.04.2011 10:43,"5,79",,United Kingdom
545027,BLUE POLKADOT PLATE,7,25.02.2011 14:59,"3,29",,United Kingdom
539322,WOOD BLACK BOARD ANT WHITE FINISH,4,16.12.2010 19:22,"6,45",14713.0,United Kingdom
566757,ANTIQUE SILVER T-LIGHT GLASS,3,14.09.2011 15:54,"2,46",,United Kingdom
571212,SMALL PURPLE BABUSHKA NOTEBOOK,4,14.10.2011 12:53,"0,85",12856.0,United Kingdom
555245,PICTURE DOMINOES,1,01.06.2011 14:12,"1,45",14800.0,United Kingdom
569528,RECYCLING BAG RETROSPOT,4,04.10.2011 14:53,"2,1",16242.0,United Kingdom
558861,FELTCRAFT CUSHION RABBIT,4,04.07.2011 12:19,"3,75",13373.0,United Kingdom
553768,RED RETROSPOT LUGGAGE TAG,1,19.05.2011 10:47,"2,46",,United Kingdom
576857,JUMBO BAG APPLES,1,16.11.2011 15:52,"2,08",12748.0,United Kingdom
548987,IVORY GIANT GARDEN THERMOMETER,2,05.04.2011 12:50,"5,95",14535.0,United Kingdom
549116,WOOD 2 DRAWER CABINET WHITE FINISH,2,06.04.2011 12:49,"6,95",16670.0,United Kingdom
573338,LUNCH BAG VINTAGE DOILY,1,30.10.2011 11:47,"1,65",14546.0,United Kingdom
578827,SET OF 4 ENGLISH ROSE PLACEMATS,1,25.11.2011 14:25,"7,46",,United Kingdom
547863,SET 3 PAPER VINTAGE CHICK PAPER EGG,6,27.03.2011 13:07,"2,95",12728.0,France
558614,BEWARE OF THE CAT METAL SIGN,1,30.06.2011 15:56,"4,13",,United Kingdom
578697,FELTCRAFT PRINCESS LOLA DOLL,4,25.11.2011 10:03,"3,75",14132.0,United Kingdom
561648,OVEN MITT APPLES DESIGN,5,28.07.2011 15:21,"1,45",15746.0,United Kingdom
539631,FLORAL PINK MONSTER,1,20.12.2010 15:03,"7,62",,United Kingdom
558259,REGENCY SUGAR BOWL GREEN,4,28.06.2011 08:19,"4,15",15304.0,United Kingdom
567656,POTTING SHED TEA MUG,2,21.09.2011 14:40,"3,29",14096.0,United Kingdom
550144,CHOCOLATE THIS WAY METAL SIGN,2,14.04.2011 14:14,"2,1",16520.0,United Kingdom
545895,MODERN FLORAL STATIONERY SET,1,07.03.2011 17:14,"2,46",,United Kingdom
575612,HAND WARMER UNION JACK,12,10.11.2011 12:47,"2,1",17416.0,United Kingdom
561091,RED BABY BUNTING,2,25.07.2011 09:55,"5,79",,United Kingdom
551717,CHOCOLATE BOX RIBBONS,2,03.05.2011 15:59,"1,25",13263.0,United Kingdom
545901,FLOWER FAIRY INCENSE BOUQUET,5,07.03.2011 17:52,"1,69",15834.0,United Kingdom
577834,POSTE FRANCE CUSHION COVER,4,22.11.2011 10:21,"3,75",17528.0,United Kingdom
537629,SWEETHEART CERAMIC TRINKET BOX,12,07.12.2010 15:03,"1,25",17419.0,United Kingdom
550474,RED RETROSPOT SUGAR JAM BOWL,2,18.04.2011 13:58,"4,96",,United Kingdom
536592,CHARLIE LOLA BLUE HOT WATER BOTTLE,1,01.12.2010 17:06,"4,21",,United Kingdom
557151,CERAMIC STRAWBERRY CAKE MONEY BANK,1,17.06.2011 11:04,"1,45",,United Kingdom
580028,ANTIQUE SILVER T-LIGHT GLASS,12,01.12.2011 12:11,"1,25",13890.0,United Kingdom
561615,PAPER BUNTING VINTAGE PAISLEY,6,28.07.2011 12:57,"2,95",13319.0,United Kingdom
551291,"KEY FOB , BACK DOOR",48,27.04.2011 14:26,"0,53",14298.0,United Kingdom
573582,ZINC FOLKART SLEIGH BELLS,12,31.10.2011 14:23,"1,69",16633.0,United Kingdom
566849,SET OF 6 T-LIGHTS SNOWMEN,6,15.09.2011 12:03,"2,95",16341.0,United Kingdom
541849,LANTERN CREAM GAZEBO,2,23.01.2011 13:34,"4,95",13230.0,United Kingdom
553861,CHARLOTTE BAG SUKI DESIGN,10,19.05.2011 13:58,"0,85",13591.0,United Kingdom
539488,COFFEE MUG APPLES DESIGN,12,20.12.2010 09:37,"2,55",12377.0,Switzerland
553846,CHILDRENS CUTLERY RETROSPOT RED,8,19.05.2011 12:40,"4,15",15738.0,United Kingdom
540242,HANGING CHICK GREEN DECORATION,24,05.01.2011 15:30,"1,45",15046.0,United Kingdom
575612,CHRISTMAS PUDDING TRINKET POT,48,10.11.2011 12:47,"0,39",17416.0,United Kingdom
546774,MAGIC DRAWING SLATE CIRCUS PARADE,5,16.03.2011 15:45,"0,42",14505.0,United Kingdom
560926,REINDEER HEART DECORATION SILVER,1,22.07.2011 09:20,"1,63",,United Kingdom
562377,DRAWER KNOB CRACKLE GLAZE IVORY,6,04.08.2011 15:04,"1,65",14535.0,United Kingdom
574080,CIRCUS PARADE BABY GIFT SET,1,02.11.2011 16:29,"16,95",16348.0,United Kingdom
551984,LARGE CAKE STAND HANGING HEARTS,16,05.05.2011 14:37,"3,95",15841.0,United Kingdom
558066,OWL DOORSTOP,1,24.06.2011 15:45,"8,29",,United Kingdom
578344,HOT WATER BOTTLE KEEP CALM,1,24.11.2011 09:21,"10,79",,United Kingdom
568047,VINTAGE CHRISTMAS TABLECLOTH,2,23.09.2011 12:27,"12,5",15075.0,United Kingdom
559824,3D HEARTS  HONEYCOMB PAPER GARLAND,1,12.07.2011 17:23,"2,95",17576.0,United Kingdom
574278,MIRRORED WALL ART SNOWFLAKES,12,03.11.2011 14:42,"0,75",15814.0,United Kingdom
555575,RED RETROSPOT APRON,6,05.06.2011 15:47,"5,95",14466.0,United Kingdom
554441,DOORMAT FANCY FONT HOME SWEET HOME,2,24.05.2011 12:22,"7,95",13213.0,United Kingdom
569893,MINI PLAYING CARDS SPACEBOY,20,06.10.2011 15:51,"0,42",12627.0,Germany
540646,SET OF 72 PINK HEART PAPER DOILIES,1,10.01.2011 14:32,"2,98",,United Kingdom
571212,PLASTERS IN TIN SPACEBOY,5,14.10.2011 12:53,"1,65",12856.0,United Kingdom
540473,DAISIES  HONEYCOMB GARLAND,3,07.01.2011 14:31,"1,65",17284.0,United Kingdom
559506,JIGSAW TREE WITH WATERING CAN,1,08.07.2011 15:17,"0,83",,United Kingdom
579471,DOORMAT UNION FLAG,2,29.11.2011 15:08,"14,13",,United Kingdom
568146,JUMBO BAG VINTAGE DOILY,10,25.09.2011 11:33,"2,08",16169.0,United Kingdom
546650,BIG DOUGHNUT FRIDGE MAGNETS,1,15.03.2011 14:17,"8,29",,United Kingdom
570790,LUNCH BAG VINTAGE LEAF DESIGN,10,12.10.2011 11:55,"1,65",13575.0,United Kingdom
561242,LUNCH BAG SPACEBOY DESIGN,10,26.07.2011 11:05,"1,65",16258.0,United Kingdom
560203,MONEY BOX KINGS CHOICE DESIGN,1,15.07.2011 13:13,"1,25",15311.0,United Kingdom
562730,ALARM CLOCK BAKELIKE CHOCOLATE,4,09.08.2011 10:16,"3,75",17554.0,United Kingdom
574280,CHARLOTTE BAG APPLES DESIGN,30,03.11.2011 14:47,"0,85",13408.0,United Kingdom
557937,MOUSE TOY WITH PINK T-SHIRT,1,23.06.2011 15:30,"4,13",,United Kingdom
576650,ALPHABET STENCIL CRAFT,12,16.11.2011 10:34,"1,25",14286.0,United Kingdom
541269,WALL TIDY RETROSPOT,20,17.01.2011 11:01,"0,85",12626.0,Germany
554074,VINTAGE UNION JACK PENNANT,3,22.05.2011 11:28,"1,95",13230.0,United Kingdom
579470,KNITTED UNION FLAG HOT WATER BOTTLE,3,29.11.2011 15:06,"4,25",16549.0,United Kingdom
546082,WOODEN UNION JACK BUNTING,12,09.03.2011 11:25,"5,95",12971.0,United Kingdom
580958,VINTAGE EMBOSSED HEART,6,06.12.2011 14:30,"1,25",17266.0,United Kingdom
537144,RED TEA TOWEL CLASSIC DESIGN,2,05.12.2010 13:00,"1,25",15880.0,United Kingdom
574657,NUMBER TILE VINTAGE FONT 6,1,06.11.2011 11:43,"1,95",13772.0,United Kingdom
561647,GREY HEART HOT WATER BOTTLE,36,28.07.2011 15:20,"3,39",13340.0,United Kingdom
560270,SET OF 36 TEATIME PAPER DOILIES,1,17.07.2011 14:42,"1,45",16744.0,United Kingdom
564172,PACK OF 12 PINK PAISLEY TISSUES,4,23.08.2011 14:19,"0,29",16033.0,United Kingdom
577615,3D CHRISTMAS STAMPS STICKERS,18,21.11.2011 10:22,"1,25",12658.0,Germany
540999,BLACK AND WHITE DOG BOWL,96,13.01.2011 10:08,"0,85",13694.0,United Kingdom
553002,WHITE HANGING HEART T-LIGHT HOLDER,3,12.05.2011 15:26,"2,95",13263.0,United Kingdom
539662,CHOCOLATE HOT WATER BOTTLE,6,21.12.2010 10:18,"4,95",14135.0,United Kingdom
570465,HAND TOWEL PINK FLOWER AND DAISY,1,10.10.2011 16:02,"4,13",,United Kingdom
559802,RED TOADSTOOL LED NIGHT LIGHT,3,12.07.2011 13:48,"4,13",,United Kingdom
561894,BUNDLE OF 3 RETRO NOTE BOOKS,1,31.07.2011 15:00,"1,65",14456.0,United Kingdom
549155,LOVE GARLAND PAINTED ZINC,1,06.04.2011 17:08,"3,29",,United Kingdom
553911,STRAWBERRY FAIRY CAKE TEAPOT,2,19.05.2011 19:02,"4,95",18168.0,United Kingdom
550205,SET OF 6 HERB TINS SKETCHBOOK,1,15.04.2011 10:37,"8,29",,United Kingdom
538349,STARS GIFT TAPE,2,10.12.2010 14:59,"1,66",,United Kingdom
546301,JAM CLOCK MAGNET,6,10.03.2011 15:21,"2,89",16778.0,United Kingdom
540848,GLASS JAR DAISY FRESH COTTON WOOL,1,12.01.2011 09:26,"5,91",,United Kingdom
552037,PANTRY WASHING UP BRUSH,12,05.05.2011 19:48,"1,45",13450.0,United Kingdom
541827,PARTY PIZZA DISH PINK POLKADOT,1,21.01.2011 17:05,"0,42",,United Kingdom
555835,RETROSPOT LARGE MILK JUG,1,07.06.2011 12:34,"4,95",14525.0,United Kingdom
538343,SCOTTIE DOG HOT WATER BOTTLE,12,10.12.2010 14:29,"4,95",13448.0,United Kingdom
548893,HEART IVORY TRELLIS SMALL,1,04.04.2011 15:54,"2,46",,United Kingdom
567552,SET 6 SCHOOL MILK BOTTLES IN CRATE,4,21.09.2011 10:40,"3,75",12583.0,France
575875,WOOD STOCKING CHRISTMAS SCANDISPOT,7,11.11.2011 13:06,"0,83",,United Kingdom
541695,VINTAGE BEAD PINK PURSE,6,20.01.2011 18:01,"1,63",,United Kingdom
557007,ALPHABET STENCIL CRAFT,12,16.06.2011 11:30,"1,25",12484.0,Spain
572897,"METAL SIGN,CUPCAKE SINGLE HOOK",2,26.10.2011 14:42,"2,46",,United Kingdom
580137,ALARM CLOCK BAKELIKE PINK,1,01.12.2011 19:54,"3,75",17566.0,United Kingdom
554617,JUMBO BAG VINTAGE LEAF,1,25.05.2011 11:21,"2,08",14593.0,United Kingdom
578344,WALL ART DOG LICENCE,5,24.11.2011 09:21,"12,46",,United Kingdom
568061,LANTERN CREAM GAZEBO,1,23.09.2011 13:12,"4,95",16910.0,United Kingdom
572661,CLASSIC GLASS COOKIE JAR,24,25.10.2011 12:38,"3,75",17193.0,United Kingdom
575482,MIRROR MOSAIC VOTIVE HOLDER,6,09.11.2011 16:33,"2,1",15916.0,United Kingdom
573585,PAINTED METAL STAR WITH HOLLY BELLS,78,31.10.2011 14:41,"0,83",,United Kingdom
553199,JUMBO BAG PEARS,3,15.05.2011 15:14,"2,08",17758.0,United Kingdom
561535,RED RETROSPOT SMALL MILK JUG,24,28.07.2011 09:48,"2,55",15116.0,United Kingdom
572549,BLUE POLKADOT PASSPORT COVER,1,24.10.2011 17:03,"4,13",,United Kingdom
579188,ICE CREAM SUNDAE LIP GLOSS,24,28.11.2011 15:34,"1,25",12748.0,United Kingdom
541520,LUNCH BAG PINK POLKADOT,20,19.01.2011 09:13,"1,65",12422.0,Australia
570488,TOAST ITS - FAIRY FLOWER,1,10.10.2011 17:12,"2,46",14096.0,United Kingdom
552545,LUNCH BAG VINTAGE LEAF DESIGN,10,10.05.2011 10:30,"1,65",13320.0,United Kingdom
557023,PINK OWL SOFT TOY,6,16.06.2011 13:04,"2,95",16225.0,United Kingdom
543626,PLEASE ONE PERSON METAL SIGN,6,10.02.2011 15:40,"2,1",15796.0,United Kingdom
575507,RED KITCHEN SCALES,2,10.11.2011 10:32,"8,5",17197.0,United Kingdom
542622,SET OF 6 T-LIGHTS CACTI,1,31.01.2011 09:09,"5,79",,United Kingdom
538174,PACK OF 12 COLOURED PENCILS,12,10.12.2010 09:35,"0,85",12471.0,Germany
572312,KEY RING BASEBALL BOOT ASSORTED,20,23.10.2011 15:47,"1,25",15022.0,United Kingdom
573576,SPOTTY PINK DUCK DOORSTOP,3,31.10.2011 14:09,"8,29",14096.0,United Kingdom
548319,SET OF 16 VINTAGE BLACK CUTLERY,1,30.03.2011 12:48,"12,75",14180.0,United Kingdom
574328,PARTY BUNTING,24,04.11.2011 09:05,"4,95",13081.0,United Kingdom
539733,12 COLOURED PARTY BALLOONS,3,21.12.2010 15:13,"0,65",,United Kingdom
574722,SET OF 6 RIBBONS VINTAGE CHRISTMAS,2,06.11.2011 14:45,"2,89",14502.0,United Kingdom
550503,PINK JEWELLED PHOTO FRAME,2,18.04.2011 15:31,"7,95",15508.0,United Kingdom
542284,SMALL POPCORN HOLDER,48,27.01.2011 10:56,"0,85",17311.0,United Kingdom
580367,JUMBO BAG APPLES,3,02.12.2011 16:39,"4,13",,United Kingdom
569898,CARD CHRISTMAS VILLAGE,11,06.10.2011 16:08,"0,42",,United Kingdom
571476,SET OF 72 RETROSPOT PAPER  DOILIES,7,17.10.2011 14:51,"1,45",13546.0,United Kingdom
546552,PLASTERS IN TIN VINTAGE PAISLEY,12,15.03.2011 08:18,"1,65",13082.0,United Kingdom
575875,CLASSIC CAFE SUGAR DISPENSER,2,11.11.2011 13:06,"2,46",,United Kingdom
545460,JUMBO BAG STRAWBERRY,2,02.03.2011 17:33,"1,95",13230.0,United Kingdom
552315,SET OF 6 STRAWBERRY CHOPSTICKS,12,08.05.2011 16:10,"1,25",12700.0,France
550211,JUMBO STORAGE BAG SUKI,1,15.04.2011 10:41,"4,13",,United Kingdom
572336,50'S CHRISTMAS GIFT BAG LARGE,12,24.10.2011 10:29,"1,25",13523.0,United Kingdom
563854,PACK OF 72 RETROSPOT CAKE CASES,24,19.08.2011 15:24,"0,55",12364.0,Belgium
552285,CHILDRENS CUTLERY DOLLY GIRL,1,08.05.2011 12:58,"4,15",14684.0,United Kingdom
568346,MINI JIGSAW DINOSAUR,1,26.09.2011 15:28,"0,83",14096.0,United Kingdom
576617,JUNGLE POPSICLES ICE LOLLY MOULDS,1,15.11.2011 16:57,"2,46",,United Kingdom
573340,GOLD FABRIC MIRROR,6,30.10.2011 11:55,"0,39",14159.0,United Kingdom
556459,OLD ROSE COMBO BEAD NECKLACE,1,10.06.2011 17:25,"2,9",,United Kingdom
568346,SET OF 3 WOODEN HEART DECORATIONS,2,26.09.2011 15:28,"2,5",14096.0,United Kingdom
558475,PINK FAIRY CAKE CUSHION COVER,17,29.06.2011 15:58,"4,13",,United Kingdom
561925,PACK OF 60 DINOSAUR CAKE CASES,48,01.08.2011 12:28,"0,55",16551.0,United Kingdom
544887,PARTY INVITES JAZZ HEARTS,5,24.02.2011 11:54,"0,85",17364.0,United Kingdom
568897,LARGE WHITE HEART OF WICKER,6,29.09.2011 13:17,"2,95",13886.0,United Kingdom
573123,WHITE SKULL HOT WATER BOTTLE,4,27.10.2011 16:23,"4,25",13654.0,United Kingdom
546896,WOODEN FRAME ANTIQUE WHITE,1,17.03.2011 18:24,"7,46",,United Kingdom
540458,12 IVORY ROSE PEG PLACE SETTINGS,12,07.01.2011 12:28,"1,25",12501.0,Germany
551000,FELTCRAFT PRINCESS CHARLOTTE DOLL,4,26.04.2011 09:15,"3,75",18172.0,United Kingdom
545475,VINTAGE KID DOLLY CARD,72,03.03.2011 10:59,"0,36",12415.0,Australia
568659,PLAYING CARDS JUBILEE UNION JACK,12,28.09.2011 12:28,"1,25",13516.0,United Kingdom
555537,CITRONELLA CANDLE FLOWERPOT,3,05.06.2011 12:37,"2,1",15453.0,United Kingdom
574477,NATURAL SLATE HEART CHALKBOARD,2,04.11.2011 12:21,"2,95",15453.0,United Kingdom
542000,CITRUS GARLAND FELT FLOWERS,6,25.01.2011 10:49,"1,95",14257.0,United Kingdom
564840,ENAMEL BREAD BIN CREAM,1,30.08.2011 12:49,"24,96",,United Kingdom
569367,REGENCY CAKESTAND 3 TIER,1,03.10.2011 15:28,"12,75",13994.0,United Kingdom
557414,SPACEBOY BIRTHDAY CARD,12,20.06.2011 11:42,"0,42",15840.0,United Kingdom
576189,SET 12 COLOUR PENCILS LOVE LONDON,4,14.11.2011 11:33,"0,65",14684.0,United Kingdom
573151,PLAYING CARDS KEEP CALM & CARRY ON,1,27.10.2011 20:09,"1,25",17602.0,United Kingdom
537897,CHILDRENS DOLLY GIRL MUG,12,09.12.2010 10:37,"1,65",12683.0,France
549026,ENAMEL BREAD BIN CREAM,8,05.04.2011 16:42,"10,95",17409.0,United Kingdom
577855,ROLL WRAP 50'S CHRISTMAS,1,22.11.2011 11:18,"1,25",15877.0,United Kingdom
568686,"CHARLIE+LOLA""EXTREMELY BUSY"" SIGN",5,28.09.2011 14:26,"0,39",16115.0,United Kingdom
561820,RABBIT NIGHT LIGHT,1,29.07.2011 16:00,"4,13",,United Kingdom
556779,PAPER BUNTING RETROSPOT,2,14.06.2011 12:45,"2,95",16774.0,United Kingdom
546651,PINK BABY BUNTING,1,15.03.2011 14:17,"5,79",,United Kingdom
573352,RABBIT NIGHT LIGHT,48,30.10.2011 12:35,"1,79",14077.0,United Kingdom
568392,JAZZ HEARTS PURSE NOTEBOOK,24,27.09.2011 10:08,"0,39",14272.0,United Kingdom
543397,ANIMAL STICKERS,24,08.02.2011 10:32,"0,21",17859.0,United Kingdom
580115,LUNCH BOX I LOVE LONDON,3,01.12.2011 16:22,"4,13",,United Kingdom
552859,JUMBO BAG PEARS,5,11.05.2011 16:10,"2,08",13069.0,United Kingdom
558706,WHITE WOOD GARDEN PLANT LADDER,8,01.07.2011 12:52,"8,5",16839.0,United Kingdom
546912,MONSTERS STENCIL CRAFT,3,17.03.2011 20:12,"1,25",15861.0,United Kingdom
572082,VINTAGE CHRISTMAS TABLECLOTH,4,20.10.2011 14:18,"12,5",17672.0,United Kingdom
566822,DOLLY GIRL LUNCH BOX,12,15.09.2011 11:33,"1,95",17677.0,United Kingdom
541371,NATURAL SLATE RECTANGLE CHALKBOARD,6,17.01.2011 14:51,"1,65",13983.0,United Kingdom
577502,DOLLY GIRL MINI BACKPACK,4,20.11.2011 12:34,"4,15",12598.0,France
564760,PAPER POCKET TRAVELING FAN,9,30.08.2011 10:47,"0,83",,United Kingdom
546896,FRENCH LAVENDER SCENT HEART,1,17.03.2011 18:24,"4,13",,United Kingdom
572655,SWALLOW WOODEN CHRISTMAS DECORATION,12,25.10.2011 12:20,"0,85",16708.0,United Kingdom
552469,SET OF 20 KIDS COOKIE CUTTERS,2,09.05.2011 15:34,"2,1",12867.0,United Kingdom
578324,CHRISTMAS METAL TAGS ASSORTED,6,23.11.2011 17:32,"0,85",17530.0,United Kingdom
551137,PINK SCOTTIE DOG W FLOWER PATTERN,1,26.04.2011 13:05,"2,55",15581.0,United Kingdom
543507,BIRDCAGE DECORATION TEALIGHT HOLDER,2,09.02.2011 10:49,"1,25",15039.0,United Kingdom
557472,BAKING SET 9 PIECE RETROSPOT,9,20.06.2011 13:27,"4,95",12432.0,Norway
568168,WOODEN HEART CHRISTMAS SCANDINAVIAN,8,25.09.2011 12:46,"0,29",15799.0,United Kingdom
562711,BLUE STRIPE CERAMIC DRAWER KNOB,2,08.08.2011 14:53,"1,25",16788.0,United Kingdom
552890,HOME BUILDING BLOCK WORD,36,12.05.2011 10:45,"5,45",14233.0,United Kingdom
547866,TEA TIME PARTY BUNTING,1,27.03.2011 13:21,"4,95",14878.0,United Kingdom
556784,POPPY'S PLAYHOUSE BATHROOM,2,14.06.2011 13:15,"2,1",14461.0,United Kingdom
573166,ELEPHANT BIRTHDAY CARD,12,28.10.2011 09:15,"0,42",13089.0,United Kingdom
573585,CHARLIE+LOLA RED HOT WATER BOTTLE,4,31.10.2011 14:41,"4,13",,United Kingdom
562264,SET OF 3 BUTTERFLY COOKIE CUTTERS,2,03.08.2011 16:14,"2,46",,United Kingdom
568188,REVOLVER WOODEN RULER,1,25.09.2011 14:33,"1,95",16049.0,United Kingdom
546986,BULL DOG BOTTLE TOP WALL CLOCK,2,18.03.2011 12:56,"8,25",14194.0,United Kingdom
543358,HEART DECORATION RUSTIC HANGING,8,07.02.2011 14:04,"0,79",,United Kingdom
574514,ENAMEL WASH BOWL CREAM,1,04.11.2011 13:34,"3,75",15311.0,United Kingdom
565118,JUMBO SHOPPER VINTAGE RED PAISLEY,30,01.09.2011 11:33,"2,08",15039.0,United Kingdom
580527,HAND OVER THE CHOCOLATE   SIGN,1,04.12.2011 15:19,"2,1",13736.0,United Kingdom
576618,T-LIGHT HOLDER SILVER SAUCER,1,15.11.2011 17:00,"1,63",,United Kingdom
562046,BAKING MOULD HEART MILK CHOCOLATE,6,02.08.2011 10:34,"2,55",12378.0,Switzerland
536989,BOHEMIAN COLLAGE STATIONERY SET,1,03.12.2010 15:10,"2,95",17238.0,United Kingdom
561894,ROCKING HORSE GREEN CHRISTMAS,1,31.07.2011 15:00,"0,85",14456.0,United Kingdom
553540,WOOD BLACK BOARD ANT WHITE FINISH,12,17.05.2011 15:32,"6,75",17511.0,United Kingdom
554514,BEADED CRYSTAL HEART PINK ON STICK,7,24.05.2011 15:58,"0,83",,United Kingdom
562224,PACK OF 12 LONDON TISSUES,432,03.08.2011 14:35,"0,25",17306.0,United Kingdom
548358,RED RETROSPOT PURSE,6,30.03.2011 15:29,"2,95",15832.0,United Kingdom
549577,"DECOUPAGE,GREETING CARD,",12,11.04.2011 08:16,"0,42",14286.0,United Kingdom
570216,IVORY PAPER CUP CAKE CASES,24,09.10.2011 12:04,"0,55",14595.0,United Kingdom
571061,VINTAGE CREAM DOG FOOD CONTAINER,3,13.10.2011 14:33,"16,63",,United Kingdom
550606,JUMBO STORAGE BAG SUKI,10,19.04.2011 12:08,"2,08",12594.0,Italy
580983,4 PEAR BOTANICAL DINNER CANDLES,1,06.12.2011 16:26,"3,29",,United Kingdom
562852,MAGNETS PACK OF 4 SWALLOWS,12,10.08.2011 10:12,"0,39",13050.0,United Kingdom
552039,WHITE HANGING HEART T-LIGHT HOLDER,64,06.05.2011 08:10,"2,55",13081.0,United Kingdom
556480,ANTIQUE TALL SWIRLGLASS TRINKET POT,4,12.06.2011 12:55,"3,75",13617.0,United Kingdom
574063,NOEL GARLAND PAINTED ZINC,1,02.11.2011 14:31,"0,39",13271.0,United Kingdom
569546,CERAMIC STRAWBERRY CAKE MONEY BANK,1,04.10.2011 16:39,"1,45",15276.0,United Kingdom
555581,JAM MAKING SET WITH JARS,6,06.06.2011 08:04,"4,25",13865.0,United Kingdom
555275,PACK OF 20 SKULL PAPER NAPKINS,6,01.06.2011 17:18,"0,85",,United Kingdom
537765,MINI JIGSAW DINOSAUR,1,08.12.2010 12:08,"0,42",14606.0,United Kingdom
568311,RETROSPOT GIANT TUBE MATCHES,2,26.09.2011 12:53,"2,55",17287.0,United Kingdom
579885,EMBOSSED GLASS TEALIGHT HOLDER,8,30.11.2011 17:37,"1,25",15444.0,United Kingdom
557577,SET OF 20 KIDS COOKIE CUTTERS,1,21.06.2011 11:02,"2,1",14606.0,United Kingdom
536987,DAIRY MAID STRIPE MUG,6,03.12.2010 14:54,"2,95",17198.0,United Kingdom
581023,ENAMEL MEASURING JUG CREAM,1,07.12.2011 10:35,"8,29",,United Kingdom
553538,CHARLOTTE BAG DOLLY GIRL DESIGN,10,17.05.2011 15:26,"0,85",15855.0,United Kingdom
576645,BUNNY WOODEN PAINTED WITH BIRD,12,16.11.2011 10:14,"0,39",16245.0,United Kingdom
578088,ICE CREAM PEN LIP GLOSS,20,22.11.2011 16:47,"1,25",16376.0,United Kingdom
562931,IVORY KITCHEN SCALES,1,10.08.2011 16:19,"8,5",14030.0,United Kingdom
538198,FRIDGE MAGNETS LES ENFANTS ASSORTED,24,10.12.2010 11:01,"0,85",17827.0,United Kingdom
580311,RED RETROSPOT SMALL MILK JUG,6,02.12.2011 14:48,"2,55",18245.0,United Kingdom
548367,ICE CREAM SUNDAE LIP GLOSS,24,30.03.2011 15:51,"1,25",17677.0,United Kingdom
547062,ENAMEL MEASURING JUG CREAM,4,20.03.2011 13:28,"4,25",16728.0,United Kingdom
546243,PACK OF 6 SANDCASTLE FLAGS ASSORTED,12,10.03.2011 13:08,"0,85",15308.0,United Kingdom
551293,TRAVEL CARD WALLET SUKI,24,27.04.2011 14:28,"0,36",14298.0,United Kingdom
551137,PASTEL COLOUR HONEYCOMB FAN,2,26.04.2011 13:05,"1,65",15581.0,United Kingdom
564356,3D DOG PICTURE PLAYING CARDS,1,24.08.2011 15:47,"2,95",13969.0,United Kingdom
544455,MULTICOLOUR HONEYCOMB PAPER GARLAND,5,20.02.2011 13:18,"1,65",13097.0,United Kingdom
538894,SET OF 20 VINTAGE CHRISTMAS NAPKINS,4,14.12.2010 17:22,"0,85",16161.0,United Kingdom
564732,WHITE HANGING HEART T-LIGHT HOLDER,6,28.08.2011 13:08,"2,95",16466.0,United Kingdom
540355,3D CHRISTMAS STAMPS STICKERS,2,06.01.2011 15:11,"1,66",,United Kingdom
540468,CAROUSEL DESIGN WASHBAG,2,07.01.2011 13:55,"1,66",,United Kingdom
552318,"KEY FOB , BACK DOOR",6,08.05.2011 16:13,"0,65",17231.0,United Kingdom
546246,PACK OF 20 NAPKINS PANTRY DESIGN,12,10.03.2011 13:28,"0,85",14841.0,United Kingdom
576513,WHITE METAL LANTERN,8,15.11.2011 12:10,"3,75",14715.0,United Kingdom
554556,SET/5 RED RETROSPOT LID GLASS BOWLS,32,25.05.2011 10:11,"2,55",13098.0,United Kingdom
565840,36 PENCILS TUBE WOODLAND,2,07.09.2011 12:02,"2,46",,United Kingdom
578621,PAPER CHAIN KIT 50'S CHRISTMAS,6,24.11.2011 15:26,"2,95",13719.0,United Kingdom
575177,CARD SUKI BIRTHDAY,8,08.11.2011 18:41,"0,42",,United Kingdom
571263,NATURAL SLATE HEART CHALKBOARD,6,16.10.2011 11:06,"2,95",14910.0,United Kingdom
543483,SKULL LUNCH BOX WITH CUTLERY,6,09.02.2011 09:10,"2,55",18075.0,United Kingdom
580602,3 HEARTS HANGING DECORATION RUSTIC,8,05.12.2011 11:29,"2,95",16149.0,United Kingdom
547358,PINK FAIRY CAKE CHILDRENS APRON,1,22.03.2011 12:25,"1,95",15998.0,United Kingdom
562891,PARTY METAL SIGN,12,10.08.2011 12:18,"1,45",13468.0,United Kingdom
580305,CHRISTMAS CRAFT TREE TOP ANGEL,1,02.12.2011 14:26,"2,1",12970.0,United Kingdom
558058,ASSORTED COLOUR BIRD ORNAMENT,16,24.06.2011 15:00,"1,69",14766.0,United Kingdom
573289,URBAN BLACK RIBBONS,12,28.10.2011 14:44,"1,25",12705.0,Germany
551719,PARTY BUNTING,3,03.05.2011 16:09,"10,79",,United Kingdom
548373,NATURAL SLATE HEART CHALKBOARD,1,30.03.2011 16:34,"5,79",,United Kingdom
562701,REGENCY CAKESTAND 3 TIER,6,08.08.2011 13:59,"12,75",13767.0,United Kingdom
573376,PACK OF SIX LED TEA LIGHTS,1,30.10.2011 13:50,"2,89",13617.0,United Kingdom
569544,PINK CAT BOWL,1,04.10.2011 16:33,"1,63",,United Kingdom
538634,WOODEN STAR CHRISTMAS SCANDINAVIAN,6,13.12.2010 13:28,"0,85",14085.0,United Kingdom
548730,RED RETROSPOT PICNIC BAG,5,04.04.2011 10:11,"2,95",17669.0,United Kingdom
544657,LONDON BUS COFFEE MUG,6,22.02.2011 13:08,"2,55",14895.0,United Kingdom
566405,BAG 125g SWIRLY MARBLES,24,12.09.2011 13:41,"0,42",17919.0,United Kingdom
573340,SWEETHEART CERAMIC TRINKET BOX,4,30.10.2011 11:55,"1,25",14159.0,United Kingdom
537638,PACK OF 12 SKULL TISSUES,1,07.12.2010 15:28,"0,85",,United Kingdom
540238,ORANGE TV TRAY TABLE,1,05.01.2011 14:44,"5,91",,United Kingdom
548666,BISCUIT TIN VINTAGE GREEN,3,01.04.2011 14:58,"6,75",13124.0,United Kingdom
568949,SMALL POP BOX FUNKY MONKEY,1,29.09.2011 15:13,"1,63",,United Kingdom
541827,GREEN POLKADOT PLATE,1,21.01.2011 17:05,"3,29",,United Kingdom
576236,LUNCH BAG SUKI DESIGN,2,14.11.2011 13:31,"1,65",13755.0,United Kingdom
576214,MAGNETS PACK OF 4 SWALLOWS,1,14.11.2011 12:49,"0,39",15863.0,United Kingdom
558620,EAU DE NILE HEART SHAPE PHOTO FRAME,1,30.06.2011 16:39,"1,65",15584.0,United Kingdom
549967,AREA PATROLLED METAL SIGN,48,13.04.2011 14:21,"2,1",17873.0,United Kingdom
581492,SMALL RED RETROSPOT MUG IN BOX,3,09.12.2011 10:03,"7,46",,United Kingdom
567721,OPEN CLOSED METAL SIGN,36,22.09.2011 10:38,"4,25",12409.0,Switzerland
575060,ROUND SNACK BOXES SET OF4 WOODLAND,6,08.11.2011 12:29,"2,95",13089.0,United Kingdom
552819,COOK WITH WINE METAL SIGN,48,11.05.2011 12:50,"1,85",16652.0,United Kingdom
541999,EASTER TIN CHICKS PINK DAISY,1,25.01.2011 10:45,"3,29",,United Kingdom
546092,OVAL WALL MIRROR DIAMANTE,1,09.03.2011 11:54,"9,95",17138.0,United Kingdom
537850,FELTCRAFT HAIRBAND RED AND BLUE,12,08.12.2010 15:38,"0,85",16722.0,United Kingdom
539437,MIRRORED DOVE WALL DECORATION,4,17.12.2010 14:54,"4,21",,United Kingdom
562949,METAL SIGN EMPIRE TEA,12,11.08.2011 09:47,"0,79",14346.0,United Kingdom
566237,LARGE WHITE HEART OF WICKER,6,11.09.2011 11:24,"2,95",13742.0,United Kingdom
564139,PLASTERS IN TIN SPACEBOY,2,23.08.2011 11:41,"1,65",16904.0,United Kingdom
572295,GINGERBREAD MAN COOKIE CUTTER,3,23.10.2011 13:49,"1,25",16686.0,United Kingdom
554014,SINGLE HEART ZINC T-LIGHT HOLDER,12,20.05.2011 13:13,"0,95",13856.0,United Kingdom
552824,STRAWBERRY   PICNIC BAG,2,11.05.2011 13:16,"2,95",14056.0,United Kingdom
563210,DOORMAT RED RETROSPOT,1,14.08.2011 12:27,"7,95",16466.0,United Kingdom
568686,JUMBO BAG VINTAGE LEAF,4,28.09.2011 14:26,"2,08",16115.0,United Kingdom
540993,REGENCY CAKESTAND 3 TIER,2,13.01.2011 09:23,"12,75",13284.0,United Kingdom
580128,RED RETROSPOT CAKE STAND,2,01.12.2011 17:56,"10,95",17576.0,United Kingdom
578346,LARGE CIRCULAR MIRROR MOBILE,192,24.11.2011 09:24,"0,85",15270.0,United Kingdom
545996,MAGIC DRAWING SLATE DINOSAUR,3,08.03.2011 14:12,"0,42",14367.0,United Kingdom
545215,MAN FLU METAL SIGN,1,28.02.2011 16:47,"4,13",,United Kingdom
568220,PLAYING CARDS KEEP CALM & CARRY ON,12,26.09.2011 10:03,"1,25",15626.0,United Kingdom
568227,IVORY ENCHANTED FOREST PLACEMAT,4,26.09.2011 10:57,"1,65",17841.0,United Kingdom
536557,HOT WATER BOTTLE BABUSHKA,5,01.12.2010 14:41,"4,65",17841.0,United Kingdom
565407,FELTCRAFT HAIRBAND PINK AND PURPLE,1,04.09.2011 11:00,"0,85",16983.0,United Kingdom
563549,DOTCOM POSTAGE,1,17.08.2011 12:34,"1154,67",,United Kingdom
540848,SALLE DE BAIN HOOK,1,12.01.2011 09:26,"2,51",,United Kingdom
537822,RED RETROSPOT STORAGE JAR,4,08.12.2010 14:22,"3,75",13523.0,United Kingdom
565585,CHARLOTTE BAG VINTAGE ALPHABET,10,05.09.2011 13:22,"0,85",16172.0,United Kingdom
548555,LUNCH BAG CARS BLUE,10,01.04.2011 09:21,"1,65",13758.0,United Kingdom
567457,6 RIBBONS RUSTIC CHARM,12,20.09.2011 12:18,"1,95",14164.0,United Kingdom
554315,CAMOUFLAGE LED TORCH,24,23.05.2011 15:29,"1,69",16086.0,United Kingdom
538566,GROW YOUR OWN BASIL IN ENAMEL MUG,1,13.12.2010 11:21,"4,21",,United Kingdom
580297,CHILDRENS CUTLERY POLKADOT GREEN,72,02.12.2011 13:52,"3,75",15769.0,United Kingdom
541021,BREAD BIN DINER STYLE MINT,4,13.01.2011 12:03,"14,95",13093.0,United Kingdom
563931,MINT DINER WALL CLOCK,2,21.08.2011 15:49,"8,5",14895.0,United Kingdom
551719,LUNCH BAG  BLACK SKULL.,1,03.05.2011 16:09,"4,13",,United Kingdom
545559,LUNCH BAG  BLACK SKULL.,2,03.03.2011 15:31,"1,65",15005.0,United Kingdom
578809,ALARM CLOCK BAKELIKE GREEN,2,25.11.2011 13:23,"3,75",13048.0,United Kingdom
542408,SET/20 RED RETROSPOT PAPER NAPKINS,10,27.01.2011 16:29,"0,85",13280.0,United Kingdom
542107,DOORMAT SPOTTY HOME SWEET HOME,1,25.01.2011 13:38,"7,95",16222.0,United Kingdom
539766,GREY HEART HOT WATER BOTTLE,4,22.12.2010 11:11,"3,75",14092.0,United Kingdom
538524,MAGIC DRAWING SLATE CIRCUS PARADE,2,13.12.2010 09:35,"0,85",,United Kingdom
540848,PAPER CHAIN KIT 50'S CHRISTMAS,3,12.01.2011 09:26,"5,91",,United Kingdom
547911,DOORMAT RESPECTABLE HOUSE,2,28.03.2011 12:25,"7,95",14127.0,United Kingdom
579286,HAND OVER THE CHOCOLATE   SIGN,1,29.11.2011 10:57,"2,1",17772.0,United Kingdom
566408,"RETRO PILL BOX KEY CHAIN,THE KING",5,12.09.2011 13:43,"0,19",16984.0,United Kingdom
575661,IVORY WICKER HEART MEDIUM,5,10.11.2011 14:39,"1,25",12617.0,France
547233,PACK OF 72 SKULL CAKE CASES,24,21.03.2011 16:20,"0,55",17152.0,United Kingdom
542526,FELTCRAFT HAIRBAND PINK AND BLUE,12,28.01.2011 12:43,"0,85",14659.0,United Kingdom
549730,SKULL LUNCH BOX WITH CUTLERY,1,11.04.2011 16:35,"2,55",15867.0,United Kingdom
548404,IVORY DINER WALL CLOCK,2,31.03.2011 09:38,"8,5",16398.0,United Kingdom
572812,VINYL RECORD FRAME SILVER,4,26.10.2011 11:19,"3,75",15089.0,United Kingdom
563256,SET OF 3 WOODEN STOCKING DECORATION,12,15.08.2011 12:07,"1,25",18143.0,United Kingdom
565971,AREA PATROLLED METAL SIGN,2,08.09.2011 11:27,"2,1",13571.0,United Kingdom
545928,JUMBO BAG RED RETROSPOT,10,08.03.2011 11:59,"1,95",14407.0,United Kingdom
561218,SET 20 NAPKINS FAIRY CAKES DESIGN,1,25.07.2011 17:11,"1,63",,United Kingdom
557972,POSTAGE,2,24.06.2011 10:16,18,12500.0,Germany
543546,GREEN PENDANT TRIPLE SHELL NECKLACE,1,09.02.2011 16:52,"5,4",,United Kingdom
559525,SET OF 5 MINI GROCERY MAGNETS,2,10.07.2011 10:30,"2,08",16923.0,United Kingdom
561923,HAPPY STENCIL CRAFT,12,01.08.2011 12:16,"1,25",14112.0,United Kingdom
541968,PAPER CHAIN KIT RETROSPOT,12,24.01.2011 13:37,"2,95",13396.0,United Kingdom
569228,JAZZ HEARTS PURSE NOTEBOOK,3,02.10.2011 14:47,"0,39",15547.0,United Kingdom
538177,"KEY FOB , BACK DOOR",1,10.12.2010 09:51,"1,66",,United Kingdom
579399,FOLDING BUTTERFLY MIRROR IVORY,2,29.11.2011 12:09,"0,83",13137.0,United Kingdom
560209,MAGIC DRAWING SLATE SPACEBOY,2,15.07.2011 14:05,"0,42",15004.0,United Kingdom
557129,DOORMAT KEEP CALM AND COME IN,2,16.06.2011 19:59,"7,95",17841.0,United Kingdom
566060,LANTERN CREAM GAZEBO,2,08.09.2011 15:27,"10,79",,United Kingdom
543000,SPACEBOY LUNCH BOX,2,02.02.2011 12:17,"2,46",,United Kingdom
542936,SKULLS PARTY BAG + STICKER SET,16,02.02.2011 11:10,"1,65",,United Kingdom
564800,MULTICOLOUR HONEYCOMB FAN,12,30.08.2011 11:32,"0,39",14108.0,United Kingdom
576654,EAU DE NILE JEWELLED PHOTOFRAME,1,16.11.2011 10:55,"2,55",15584.0,United Kingdom
564755,TEA BAG PLATE RED RETROSPOT,1,30.08.2011 10:31,"1,63",,United Kingdom
580915,LUNCH BAG VINTAGE LEAF DESIGN,10,06.12.2011 13:45,"1,65",17705.0,United Kingdom
552318,NO SINGING METAL SIGN,2,08.05.2011 16:13,"2,1",17231.0,United Kingdom
567280,LUNCH BAG SPACEBOY DESIGN,100,19.09.2011 11:46,"1,45",14646.0,Netherlands
571548,FELTCRAFT DOLL EMILY,6,18.10.2011 07:56,"2,95",15505.0,United Kingdom
568893,HOT WATER BOTTLE KEEP CALM,24,29.09.2011 13:03,"4,15",15712.0,United Kingdom
560233,POPCORN HOLDER,4,17.07.2011 11:10,"0,85",16813.0,United Kingdom
542599,RED HANGING HEART T-LIGHT HOLDER,2,30.01.2011 11:01,"2,95",17062.0,United Kingdom
562843,VINTAGE UNION JACK BUNTING,1,09.08.2011 17:37,"16,63",,United Kingdom
581381,CHICK GREY HOT WATER BOTTLE,3,08.12.2011 12:54,"4,25",16933.0,United Kingdom
556121,CHILDRENS CUTLERY DOLLY GIRL,1,09.06.2011 10:09,"4,15",15855.0,United Kingdom
576394,LARGE HEART MEASURING SPOONS,80,15.11.2011 10:32,"1,45",12415.0,Australia
536409,TOY TIDY DOLLY GIRL DESIGN,1,01.12.2010 11:45,"2,1",17908.0,United Kingdom
579990,WOOD BLACK BOARD ANT WHITE FINISH,6,01.12.2011 11:20,"7,95",14804.0,United Kingdom
568236,EMBROIDERED RIBBON REEL SUSIE,6,26.09.2011 11:49,"2,08",12820.0,United Kingdom
546314,PACK OF 6 HANDBAG GIFT BOXES,1,10.03.2011 19:05,"2,55",16808.0,United Kingdom
538371,PAPER CHAIN KIT VINTAGE CHRISTMAS,5,12.12.2010 11:07,"2,95",15570.0,United Kingdom
579885,MAGIC DRAWING SLATE PURDEY,3,30.11.2011 17:37,"0,42",15444.0,United Kingdom
577057,DECORATIVE PLANT POT WITH FRIEZE,1,17.11.2011 14:26,"7,95",12748.0,United Kingdom
559797,SET/6 RED SPOTTY PAPER CUPS,12,12.07.2011 13:31,"0,65",12720.0,Germany
543358,MULTICOLOUR RABBIT EGG WARMER,1,07.02.2011 14:04,"4,13",,United Kingdom
578827,WHITE JEWELLED HEART DECORATION,2,25.11.2011 14:25,"1,63",,United Kingdom
553014,LUNCH BAG CARS BLUE,4,12.05.2011 18:49,"1,65",13451.0,United Kingdom
564051,ROUND CAKE TIN VINTAGE GREEN,2,22.08.2011 13:32,"7,95",14265.0,Unspecified
578278,PARTY TIME PENCIL ERASERS,10,23.11.2011 13:51,"0,21",12748.0,United Kingdom
551813,DOORMAT FANCY FONT HOME SWEET HOME,2,04.05.2011 11:43,"7,95",18065.0,United Kingdom
576592,GIANT 50'S CHRISTMAS CRACKER,2,15.11.2011 14:47,"2,89",13614.0,United Kingdom
573665,RED RETROSPOT CHARLOTTE BAG,10,31.10.2011 16:24,"0,85",13982.0,United Kingdom
557570,COFFEE MUG CAT + BIRD DESIGN,2,21.06.2011 10:48,"2,55",15998.0,United Kingdom
571243,CHILDRENS CUTLERY RETROSPOT RED,4,14.10.2011 15:26,"4,15",14595.0,United Kingdom
573578,TRADITIONAL WOODEN CATCH CUP GAME,1,31.10.2011 14:13,"1,25",16018.0,United Kingdom
537153,HEART FILIGREE DOVE LARGE,12,05.12.2010 13:03,"1,65",16718.0,United Kingdom
546122,PARTY BUNTING,2,09.03.2011 14:32,"4,95",15581.0,United Kingdom
536571,60 CAKE CASES VINTAGE CHRISTMAS,24,01.12.2010 15:37,"0,55",14696.0,United Kingdom
577077,FELTCRAFT CHRISTMAS FAIRY,2,17.11.2011 15:16,"4,25",17799.0,United Kingdom
561209,SET OF 6 NATIVITY MAGNETS,1,25.07.2011 16:57,"4,13",,United Kingdom
571119,WHITE SPOT RED CERAMIC DRAWER KNOB,1,14.10.2011 09:04,"3,29",,United Kingdom
566974,JUMBO BAG RED RETROSPOT,10,16.09.2011 09:24,"2,08",13599.0,United Kingdom
551982,CITRONELLA CANDLE GARDEN POT,6,05.05.2011 13:56,"1,25",15023.0,United Kingdom
567672,HEADS AND TAILS SPORTING FUN,2,21.09.2011 15:39,"1,25",16085.0,United Kingdom
539036,PENS ASSORTED FUNNY FACE,72,15.12.2010 14:35,"0,21",14913.0,United Kingdom
551698,SCANDINAVIAN PAISLEY PICNIC BAG,50,03.05.2011 13:52,"1,65",13694.0,United Kingdom
577751,GLITTER HEART DECORATION,12,21.11.2011 14:34,"0,39",12904.0,United Kingdom
537666,VINTAGE BEAD NOTEBOOK,1,07.12.2010 18:36,"5,91",,United Kingdom
578211,12 PENCILS TALL TUBE SKULLS,1,23.11.2011 11:47,"0,85",12748.0,United Kingdom
545667,WOODEN FRAME ANTIQUE WHITE,1,04.03.2011 16:07,"7,46",,United Kingdom
553681,REGENCY TEA PLATE GREEN,12,18.05.2011 13:13,"1,65",15410.0,United Kingdom
570374,FRENCH STYLE STORAGE JAR BONBONS,6,10.10.2011 12:34,"0,29",14719.0,United Kingdom
560104,LUNCH BAG CARS BLUE,2,14.07.2011 18:56,"1,65",17921.0,United Kingdom
541219,CAKE STAND VICTORIAN FILIGREE LARGE,2,14.01.2011 14:06,"8,29",,United Kingdom
568949,36 DOILIES DOLLY GIRL,1,29.09.2011 15:13,"2,92",,United Kingdom
558475,BASKET OF TOADSTOOLS,13,29.06.2011 15:58,"1,25",,United Kingdom
576246,LARGE WHITE HEART OF WICKER,3,14.11.2011 13:42,"2,95",17566.0,United Kingdom
568949,60 CAKE CASES VINTAGE CHRISTMAS,8,29.09.2011 15:13,"1,25",,United Kingdom
566193,ROSES REGENCY TEACUP AND SAUCER,6,09.09.2011 13:37,"2,95",14961.0,United Kingdom
552469,GINGERBREAD MAN COOKIE CUTTER,1,09.05.2011 15:34,"1,25",12867.0,United Kingdom
577514,STAR WREATH DECORATION WITH BELL,12,20.11.2011 13:00,"1,25",16212.0,United Kingdom
552320,VINTAGE SNAP CARDS,12,09.05.2011 08:26,"0,85",13985.0,United Kingdom
536945,SET OF 6 3D KIT CARDS FOR KIDS,2,03.12.2010 12:24,"0,85",14083.0,United Kingdom
565759,PACK OF 12 VINTAGE DOILY TISSUES,24,06.09.2011 13:46,"0,39",12720.0,Germany
577078,3 PIECE SPACEBOY COOKIE CUTTER SET,1,17.11.2011 15:17,"4,13",,United Kingdom
554489,PACK OF 12 LONDON TISSUES,24,24.05.2011 13:46,"0,29",17272.0,United Kingdom
567190,MEDIUM CERAMIC TOP STORAGE JAR,12,19.09.2011 09:14,"1,25",18226.0,United Kingdom
571912,WALL ART STOP FOR TEA,3,19.10.2011 15:26,"5,95",17512.0,United Kingdom
566952,SET OF 12 FORK CANDLES,1,15.09.2011 16:37,"5,79",,United Kingdom
543629,COOK WITH WINE METAL SIGN,1,10.02.2011 15:55,"4,13",,United Kingdom
560504,RED GINGHAM ROSE JEWELLERY BOX,8,19.07.2011 11:47,"1,95",13081.0,United Kingdom
574863,PEG BAG APPLES DESIGN,1,07.11.2011 12:29,"2,55",15719.0,United Kingdom
575176,JAM MAKING SET PRINTED,7,08.11.2011 18:29,"3,29",,United Kingdom
543458,LUNCH BAG  BLACK SKULL.,3,08.02.2011 13:28,"1,65",14587.0,United Kingdom
548522,GROW A FLYTRAP OR SUNFLOWER IN TIN,42,31.03.2011 16:43,"1,25",,United Kingdom
545053,CARD BIRTHDAY COWBOY,12,27.02.2011 12:41,"0,42",17516.0,United Kingdom
575875,HANGING PHOTO CLIP ROPE LADDER,1,11.11.2011 13:06,"3,29",,United Kingdom
580777,"DIAMANTE HEART SHAPED WALL MIRROR,",6,06.12.2011 11:06,"3,95",14547.0,United Kingdom
573002,MINI LIGHTS WOODLAND MUSHROOMS,144,27.10.2011 12:09,"3,29",14646.0,Netherlands
548160,SMALL PURPLE BABUSHKA NOTEBOOK,24,29.03.2011 13:33,"0,85",16253.0,United Kingdom
571931,JUMBO BAG PINK VINTAGE PAISLEY,6,19.10.2011 16:59,"4,13",,United Kingdom
563354,10 COLOUR SPACEBOY PEN,12,15.08.2011 14:35,"0,85",15271.0,United Kingdom
542000,WRAP ENGLISH ROSE,25,25.01.2011 10:49,"0,42",14257.0,United Kingdom
565684,DRAWER KNOB CRACKLE GLAZE IVORY,6,06.09.2011 10:46,"1,65",16455.0,United Kingdom
568912,SET 6 SCHOOL MILK BOTTLES IN CRATE,4,29.09.2011 13:45,"3,75",17528.0,United Kingdom
568134,SET/4 RED MINI ROSE CANDLE IN BOWL,2,23.09.2011 17:02,"1,63",,United Kingdom
542255,DOTCOM POSTAGE,1,26.01.2011 16:43,"246,37",,United Kingdom
554106,CHILDREN'S APRON DOLLY GIRL,6,22.05.2011 14:05,"2,1",12710.0,Germany
545905,SMALL GLASS HEART TRINKET POT,8,08.03.2011 08:53,"2,1",15234.0,United Kingdom
581123,HAND WARMER UNION JACK,12,07.12.2011 12:34,"2,1",15750.0,United Kingdom
563928,JUMBO  BAG BAROQUE BLACK WHITE,2,21.08.2011 15:17,"2,08",17059.0,United Kingdom
542894,SWEETHEART CAKESTAND 3 TIER,1,01.02.2011 13:45,"9,95",12775.0,Netherlands
541251,UTILTY CABINET WITH HOOKS,2,16.01.2011 13:25,10,15046.0,United Kingdom
540157,JUMBO BAG RED RETROSPOT,100,05.01.2011 11:41,"1,65",15311.0,United Kingdom
538968,GIRLS VINTAGE TIN SEASIDE BUCKET,8,15.12.2010 11:34,"2,55",15384.0,United Kingdom
536373,RETRO COFFEE MUGS ASSORTED,6,01.12.2010 09:02,"1,06",17850.0,United Kingdom
550319,ROUND SNACK BOXES SET OF 4 FRUITS,1,17.04.2011 12:37,"2,95",14524.0,United Kingdom
573585,SKULL SHOULDER BAG,19,31.10.2011 14:41,"1,63",,United Kingdom
549959,TRADITIONAL MODELLING CLAY,24,13.04.2011 13:47,"1,25",16097.0,United Kingdom
579471,SET OF 72 RETROSPOT PAPER  DOILIES,1,29.11.2011 15:08,"3,75",,United Kingdom
579196,SET OF 3 WOODEN STOCKING DECORATION,1,28.11.2011 15:54,"2,5",14096.0,United Kingdom
573891,RED  HARMONICA IN BOX,12,01.11.2011 13:56,"1,25",12682.0,France
552039,ROBOT BIRTHDAY CARD,12,06.05.2011 08:10,"0,42",13081.0,United Kingdom
552880,SET 2 PANTRY DESIGN TEA TOWELS,6,12.05.2011 09:59,"3,25",18245.0,United Kingdom
563614,BUFFALO BILL TREASURE BOOK BOX,216,18.08.2011 08:51,"1,95",12415.0,Australia
563193,TEA BAG PLATE RED RETROSPOT,1,12.08.2011 16:30,"1,63",,United Kingdom
547657,ANTIQUE SILVER T-LIGHT GLASS,12,24.03.2011 12:58,"1,25",13871.0,United Kingdom
548212,GUMBALL COAT RACK,6,30.03.2011 09:12,"2,55",12456.0,Switzerland
555633,CARD DOG AND BALL,12,06.06.2011 12:22,"0,42",14534.0,United Kingdom
571498,POLYESTER FILLER PAD 45x30cm,2,17.10.2011 15:06,"1,45",17841.0,United Kingdom
549577,"FEATHER PEN,COAL BLACK",12,11.04.2011 08:16,"0,85",14286.0,United Kingdom
562370,GINGERBREAD MAN COOKIE CUTTER,24,04.08.2011 14:20,"1,25",12626.0,Germany
551747,SET/6 BLACK BIRD T-LIGHT CANDLES,72,04.05.2011 11:00,"0,85",14298.0,United Kingdom
544684,CARD BILLBOARD FONT,4,22.02.2011 16:32,"0,83",,United Kingdom
548565,JUMBO BAG WOODLAND ANIMALS,10,01.04.2011 10:23,"1,95",16180.0,United Kingdom
574035,KITTENS DESIGN FLANNEL,1,02.11.2011 12:45,"0,85",14606.0,United Kingdom
538071,CHRISTMAS CARD SCREEN PRINT,2,09.12.2010 14:09,"0,43",,United Kingdom
544323,CHARLIE+LOLA RED HOT WATER BOTTLE,1,17.02.2011 15:51,"4,13",,United Kingdom
539436,BUTTERFLIES STICKERS,1,17.12.2010 14:49,"1,66",,United Kingdom
568894,SET OF 2 ROUND TINS CAMEMBERT,2,29.09.2011 13:04,"2,95",17528.0,United Kingdom
551016,SMALL HEART FLOWERS HOOK,6,26.04.2011 11:09,"0,85",17975.0,United Kingdom
570230,SET OF 12 MINI LOAF BAKING CASES,2,09.10.2011 13:41,"0,83",18088.0,United Kingdom
573123,PAPER CHAIN KIT RETROSPOT,6,27.10.2011 16:23,"2,95",13654.0,United Kingdom
552727,DOORMAT KEEP CALM AND COME IN,2,11.05.2011 10:32,"7,95",14920.0,United Kingdom
550333,PARTY BUNTING,12,17.04.2011 14:06,"4,95",15410.0,United Kingdom
570273,WOODEN HEART CHRISTMAS SCANDINAVIAN,72,10.10.2011 10:51,"0,29",13373.0,United Kingdom
552624,LOVEBIRD HANGING DECORATION WHITE,3,10.05.2011 12:53,"0,85",14505.0,United Kingdom
568510,HEART SHAPED HOLLY WREATH,6,27.09.2011 12:26,"4,15",13555.0,United Kingdom
579512,SET 12 COLOURING PENCILS DOILY,4,29.11.2011 16:47,"1,25",,United Kingdom
539439,WRAP PINK FAIRY CAKES,25,17.12.2010 15:14,"0,42",13869.0,United Kingdom
564841,RED RETROSPOT OVEN GLOVE,3,30.08.2011 13:42,"3,29",,United Kingdom
559174,SCANDINAVIAN PAISLEY PICNIC BAG,10,07.07.2011 10:04,"1,65",18263.0,United Kingdom
541516,HEARTS  STICKERS,1,18.01.2011 17:34,"0,79",,United Kingdom
543161,DOORMAT WELCOME TO OUR HOME,2,03.02.2011 17:01,"7,95",14497.0,United Kingdom
575514,ROCKING HORSE RED CHRISTMAS,12,10.11.2011 10:40,"0,85",12541.0,Spain
537222,AIRLINE BAG VINTAGE JET SET BROWN,1,05.12.2010 16:00,"4,25",14404.0,United Kingdom
537154,GREY HEART HOT WATER BOTTLE,18,05.12.2010 13:05,"3,75",15808.0,United Kingdom
545238,FELTCRAFT DOLL ROSIE,6,01.03.2011 11:02,"2,95",15241.0,United Kingdom
537050,HEADS AND TAILS SPORTING FUN,4,05.12.2010 11:10,"1,25",14800.0,United Kingdom
556959,RED RETROSPOT MUG,6,16.06.2011 09:17,"2,95",16739.0,United Kingdom
560926,SKULLS WRITING SET,1,22.07.2011 09:20,"0,83",,United Kingdom
556573,VINTAGE UNION JACK BUNTING,6,13.06.2011 13:32,"8,5",14667.0,United Kingdom
538165,LUNCH BOX I LOVE LONDON,10,09.12.2010 17:34,"1,95",14031.0,United Kingdom
581149,BEADED CRYSTAL HEART BLUE  LARGE,1,07.12.2011 14:12,"0,79",15471.0,United Kingdom
568376,ASSORTED COLOUR BIRD ORNAMENT,160,26.09.2011 17:20,"1,45",14031.0,United Kingdom
576931,LUNCH BAG SUKI DESIGN,10,17.11.2011 11:10,"1,65",13028.0,United Kingdom
561320,SINGLE ANTIQUE ROSE HOOK IVORY,4,26.07.2011 12:57,"1,45",16942.0,United Kingdom
552831,ALUMINIUM STAMPED HEART,8,11.05.2011 14:12,"2,49",13052.0,United Kingdom
544089,HEART OF WICKER SMALL,2,15.02.2011 17:51,"3,29",,United Kingdom
575516,3D SHEET OF DOG STICKERS,12,10.11.2011 10:45,"0,85",17340.0,United Kingdom
563549,SET OF 16 VINTAGE BLACK CUTLERY,3,17.08.2011 12:34,"24,96",,United Kingdom
577740,HAND WARMER RED LOVE HEART,3,21.11.2011 13:36,"2,1",17625.0,United Kingdom
542265,SET OF 3 BUTTERFLY COOKIE CUTTERS,2,26.01.2011 17:27,"1,25",15867.0,United Kingdom
552229,PACK OF 6 SANDCASTLE FLAGS ASSORTED,1,06.05.2011 15:40,"1,63",,United Kingdom
574328,SET OF 9 BLACK SKULL BALLOONS,20,04.11.2011 09:05,"0,85",13081.0,United Kingdom
552710,DOORMAT VINTAGE LEAVES DESIGN,10,11.05.2011 07:35,"6,75",13098.0,United Kingdom
568193,BATHROOM METAL SIGN,2,25.09.2011 14:37,"0,55",17107.0,United Kingdom
553381,TEA PARTY BIRTHDAY CARD,12,16.05.2011 15:34,"0,42",13456.0,United Kingdom
581516,CHOCOLATE HOT WATER BOTTLE,6,09.12.2011 11:26,"4,95",14422.0,United Kingdom
566307,STAR T-LIGHT HOLDER WILLIE WINKIE,12,12.09.2011 09:37,"1,65",14307.0,United Kingdom
573033,NATURAL SLATE HEART CHALKBOARD,3,27.10.2011 13:41,"2,95",14099.0,United Kingdom
578022,PACK OF 12 PAISLEY PARK TISSUES,1,22.11.2011 13:25,"0,39",17371.0,United Kingdom
539436,WICKER WREATH LARGE,1,17.12.2010 14:49,"4,21",,United Kingdom
570223,CHRISTMAS TREE HEART DECORATION,4,09.10.2011 13:11,"0,42",15787.0,United Kingdom
552234,IVORY PAPER CUP CAKE CASES,2,06.05.2011 16:01,"1,25",,United Kingdom
576929,RIBBON REEL MAKING SNOWMEN,10,17.11.2011 11:09,"1,65",16638.0,United Kingdom
575331,LUNCH BAG ALPHABET DESIGN,10,09.11.2011 13:52,"1,65",13209.0,United Kingdom
540255,200 RED + WHITE BENDY STRAWS,2,05.01.2011 16:50,"2,51",,United Kingdom
565453,SPACEBOY LUNCH BOX,12,04.09.2011 16:05,"1,95",15136.0,United Kingdom
550464,BLACK KITCHEN SCALES,2,18.04.2011 13:30,"8,5",16550.0,United Kingdom
576339,HANGING HEART MIRROR DECORATION,2,14.11.2011 15:27,"1,25",14096.0,United Kingdom
555289,JUMBO BAG SPACEBOY DESIGN,10,02.06.2011 10:00,"2,08",15078.0,United Kingdom
569228,TRADITIONAL WOODEN SKIPPING ROPE,3,02.10.2011 14:47,"1,45",15547.0,United Kingdom
569670,MINI PLAYING CARDS DOLLY GIRL,2,05.10.2011 13:47,"0,42",14730.0,United Kingdom
558265,ENAMEL BREAD BIN CREAM,1,28.06.2011 10:06,"12,75",12747.0,United Kingdom
556507,RECYCLED ACAPULCO MAT TURQUOISE,4,13.06.2011 09:55,"8,25",12567.0,France
542429,LUNCH BAG SPACEBOY DESIGN,10,28.01.2011 10:08,"1,65",13330.0,United Kingdom
568191,SET OF TEA COFFEE SUGAR TINS PANTRY,2,25.09.2011 14:37,"4,95",16655.0,United Kingdom
553148,CHILDS BREAKFAST SET CIRCUS PARADE,4,13.05.2011 14:09,"8,5",,Hong Kong
541871,CERAMIC BOWL WITH STRAWBERRY DESIGN,1,24.01.2011 09:41,"5,79",,United Kingdom
544846,WOODEN BOX OF DOMINOES,2,24.02.2011 11:11,"1,25",16719.0,United Kingdom
569524,SILVER STARS TABLE DECORATION,1,04.10.2011 14:42,"0,83",14506.0,United Kingdom
574882,PAPER CHAIN KIT VINTAGE CHRISTMAS,3,07.11.2011 13:45,"2,95",13599.0,United Kingdom
545340,6 RIBBONS RUSTIC CHARM,12,02.03.2011 08:41,"1,65",15416.0,United Kingdom
554560,HANGING HEART JAR T-LIGHT HOLDER,12,25.05.2011 10:35,"1,25",13317.0,United Kingdom
540247,RED RETROSPOT SUGAR JAM BOWL,2,05.01.2011 15:56,"2,55",15464.0,United Kingdom
577121,GLITTER CHRISTMAS STAR,36,17.11.2011 18:29,"0,39",12681.0,France
558750,SMALL WHITE HEART OF WICKER,12,03.07.2011 10:47,"1,65",18226.0,United Kingdom
554838,OPEN CLOSED METAL SIGN,2,26.05.2011 16:30,"4,95",18232.0,United Kingdom
556475,WOOD 2 DRAWER CABINET WHITE FINISH,2,12.06.2011 12:03,"6,95",18109.0,United Kingdom
546542,APRON MODERN VINTAGE COTTON,4,14.03.2011 15:13,"1,95",13263.0,United Kingdom
551564,WOODEN OWLS LIGHT GARLAND,4,03.05.2011 10:56,"4,25",16609.0,United Kingdom
543993,GRASS HOPPER WOODEN WALL CLOCK,3,15.02.2011 10:40,"5,95",17612.0,United Kingdom
560772,CANDY SPOT HEART DECORATION,2,20.07.2011 16:12,"0,83",,United Kingdom
565309,GREEN DRAWER KNOB ACRYLIC EDWARDIAN,2,02.09.2011 12:25,"1,25",15311.0,United Kingdom
540255,FRENCH WC SIGN BLUE METAL,1,05.01.2011 16:50,"2,51",,United Kingdom
540992,RED RETROSPOT ROUND CAKE TINS,1,12.01.2011 16:57,"9,95",17364.0,United Kingdom
571554,WHITE SPOT RED CERAMIC DRAWER KNOB,2,18.10.2011 09:13,"3,29",,United Kingdom
562934,MARIE ANTOINETTE TRINKET BOX GOLD,1,10.08.2011 16:56,"12,5",,United Kingdom
554151,SET OF 6 SOLDIER SKITTLES,3,23.05.2011 11:07,"3,75",14049.0,United Kingdom
555493,SILVER HANGING T-LIGHT HOLDER,36,03.06.2011 14:26,"1,65",13695.0,United Kingdom
569844,POPPY'S PLAYHOUSE BATHROOM,6,06.10.2011 13:30,"2,1",12626.0,Germany
580136,FELTCRAFT DOLL EMILY,1,01.12.2011 19:42,"2,95",17841.0,United Kingdom
566603,SET OF 3 BIRD LIGHT PINK FEATHER,1,13.09.2011 16:12,"1,25",,United Kingdom
572861,BLUE STRIPE CERAMIC DRAWER KNOB,6,26.10.2011 12:46,"1,45",14102.0,United Kingdom
541493,CHOCOLATE HOT WATER BOTTLE,7,18.01.2011 14:29,"5,79",,United Kingdom
544824,WOODEN ROUNDERS GARDEN SET,2,24.02.2011 09:32,"9,95",17139.0,United Kingdom
561869,SPOTTY BUNTING,1,31.07.2011 11:38,"4,95",16764.0,United Kingdom
573314,HAND WARMER UNION JACK,5,28.10.2011 17:26,"2,1",16987.0,United Kingdom
565765,MAGIC DRAWING SLATE CIRCUS PARADE,24,06.09.2011 14:19,"0,42",12526.0,Germany
551009,JUMBO STORAGE BAG SUKI,5,26.04.2011 09:50,"4,13",,United Kingdom
578347,RED ENCHANTED FOREST PLACEMAT,3,24.11.2011 09:26,"3,29",,United Kingdom
560018,CITRONELLA CANDLE FLOWERPOT,1,14.07.2011 12:52,"2,1",15987.0,United Kingdom
548038,WOOD BLACK BOARD ANT WHITE FINISH,2,29.03.2011 12:03,"7,9",15696.0,United Kingdom
563925,SET 6 SCHOOL MILK BOTTLES IN CRATE,1,21.08.2011 14:42,"3,75",13610.0,United Kingdom
559318,BLUE HARMONICA IN BOX,3,07.07.2011 14:08,"1,25",18013.0,United Kingdom
581497,RIBBON REEL MAKING SNOWMEN,3,09.12.2011 10:23,"4,13",,United Kingdom
539744,JUMBO BAG SCANDINAVIAN PAISLEY,4,21.12.2010 15:21,"5,06",,United Kingdom
536851,ASSORTED COLOUR MINI CASES,12,03.12.2010 09:49,"7,95",12967.0,United Kingdom
575329,FELTCRAFT GIRL NICOLE KIT,1,09.11.2011 13:50,"4,95",17038.0,United Kingdom
537781,MAKE YOUR OWN MONSOON CARD KIT,1,08.12.2010 12:46,"2,95",17341.0,United Kingdom
540672,POPPY'S PLAYHOUSE BATHROOM,6,10.01.2011 15:51,"2,1",15281.0,United Kingdom
544812,TRAVEL CARD WALLET SKULLS,2,23.02.2011 15:58,"0,83",,United Kingdom
580730,RED VICTORIAN FABRIC OVAL BOX,5,05.12.2011 17:28,"0,83",,United Kingdom
566290,TRADITIONAL MODELLING CLAY,1,11.09.2011 15:24,"1,25",14456.0,United Kingdom
558772,BULL DOG BOTTLE OPENER,6,03.07.2011 16:00,"4,95",15007.0,United Kingdom
563071,WOOD S/3 CABINET ANT WHITE FINISH,2,11.08.2011 15:43,"8,95",17633.0,United Kingdom
568780,MAGIC DRAWING SLATE BAKE A CAKE,24,29.09.2011 08:27,"0,42",18235.0,United Kingdom
537623,T-LIGHT GLASS FLUTED ANTIQUE,12,07.12.2010 14:31,"1,25",15858.0,United Kingdom
564724,SAVE THE PLANET MUG,3,28.08.2011 12:16,"1,25",15555.0,United Kingdom
546636,SET OF 2 WOODEN MARKET CRATES,2,15.03.2011 12:19,"12,75",14534.0,United Kingdom
550473,SET OF 5 PANCAKE DAY MAGNETS,12,18.04.2011 13:54,"2,08",14623.0,United Kingdom
546786,DECORATION  BUTTERFLY  MAGIC GARDEN,16,17.03.2011 09:57,"0,85",16523.0,United Kingdom
569737,HOME BUILDING BLOCK WORD,3,06.10.2011 10:45,"6,25",16295.0,United Kingdom
570818,FELTCRAFT CUSHION RABBIT,2,12.10.2011 12:47,"3,75",17841.0,United Kingdom
537688,CREAM CUPID HEARTS COAT HANGER,32,08.12.2010 10:35,"2,75",17406.0,United Kingdom
546502,JUMBO BAG PINK VINTAGE PAISLEY,1,14.03.2011 11:46,"1,95",16005.0,United Kingdom
566019,KNITTED UNION FLAG HOT WATER BOTTLE,4,08.09.2011 12:44,"4,25",17243.0,United Kingdom
542624,FRENCH BLUE METAL DOOR SIGN 5,1,31.01.2011 09:48,"2,46",,United Kingdom
580876,SMALL PURPLE BABUSHKA NOTEBOOK,1,06.12.2011 12:12,"0,21",14071.0,United Kingdom
567859,GROW A FLYTRAP OR SUNFLOWER IN TIN,24,22.09.2011 13:51,"1,25",12936.0,United Kingdom
557122,CHARLOTTE BAG APPLES DESIGN,10,16.06.2011 17:37,"0,85",16558.0,United Kingdom
565617,TRAVEL CARD WALLET KEEP CALM,1,05.09.2011 15:30,"0,83",,United Kingdom
580619,TOOTHPASTE TUBE PEN,100,05.12.2011 12:08,"0,12",15053.0,United Kingdom
556964,SET OF 6 KASHMIR FOLKART BAUBLES,12,16.06.2011 09:46,"1,65",16145.0,United Kingdom
579196,SCANDINAVIAN REDS RIBBONS,10,28.11.2011 15:54,"2,46",14096.0,United Kingdom
546774,HANGING HEART BASKET,2,16.03.2011 15:45,"2,1",14505.0,United Kingdom
557129,RED RETROSPOT SUGAR JAM BOWL,1,16.06.2011 19:59,"2,55",17841.0,United Kingdom
575955,RED HANGING HEART T-LIGHT HOLDER,2,13.11.2011 12:05,"2,95",14044.0,United Kingdom
557625,CHARLOTTE BAG PINK POLKADOT,10,21.06.2011 14:23,"0,85",15159.0,United Kingdom
545653,GLASS HEART T-LIGHT HOLDER,96,04.03.2011 13:39,"0,64",15311.0,United Kingdom
565850,WOODEN FRAME ANTIQUE WHITE,6,07.09.2011 12:55,"2,95",14530.0,United Kingdom
540567,SET OF 6 T-LIGHTS EASTER CHICKS,6,10.01.2011 11:09,"2,95",16850.0,United Kingdom
564818,LOVEBIRD HANGING DECORATION WHITE,1,30.08.2011 12:10,"1,63",,United Kingdom
554494,RED RETROSPOT CHARLOTTE BAG,3,24.05.2011 14:00,"0,85",16327.0,United Kingdom
549245,WATERING CAN PINK BUNNY,2,07.04.2011 11:59,"1,95",15005.0,United Kingdom
577730,VINTAGE UNION JACK BUNTING,1,21.11.2011 12:59,"8,5",17253.0,United Kingdom
555320,UNION JACK FLAG PASSPORT COVER,1,02.06.2011 11:00,"4,13",,United Kingdom
544156,REGENCY CAKESTAND 3 TIER,3,16.02.2011 12:33,"12,75",12352.0,Norway
554514,CLEAR DRAWER KNOB ACRYLIC EDWARDIAN,2,24.05.2011 15:58,"2,46",,United Kingdom
578470,WOODLAND SMALL BLUE FELT HEART,12,24.11.2011 12:38,"0,83",16824.0,United Kingdom
547567,CLOTHES PEGS RETROSPOT PACK 24,24,24.03.2011 09:44,"1,49",17644.0,United Kingdom
566249,FELTCRAFT BUTTERFLY HEARTS,3,11.09.2011 12:09,"1,45",13527.0,United Kingdom
575868,CRYSTAL STUD EARRINGS CLEAR DISPLAY,36,11.11.2011 12:44,"0,38",12985.0,United Kingdom
542398,WOODEN HEART CHRISTMAS SCANDINAVIAN,12,27.01.2011 15:36,"0,85",13174.0,United Kingdom
552039,LARGE RED RETROSPOT WINDMILL,6,06.05.2011 08:10,"2,1",13081.0,United Kingdom
558861,PINK DINER WALL CLOCK,2,04.07.2011 12:19,"8,5",13373.0,United Kingdom
567637,ENCHANTED BIRD COATHANGER 5 HOOK,4,21.09.2011 13:57,"4,65",17865.0,United Kingdom
543013,LUNCH BAG PINK POLKADOT,1,02.02.2011 13:35,"4,13",,United Kingdom
552732,BREAD BIN DINER STYLE IVORY,1,11.05.2011 10:47,"16,95",17428.0,United Kingdom
573035,GUMBALL COAT RACK,6,27.10.2011 13:43,"2,55",12433.0,Norway
572549,GROW A FLYTRAP OR SUNFLOWER IN TIN,1,24.10.2011 17:03,"2,5",,United Kingdom
570094,FELTCRAFT DOLL MOLLY,720,07.10.2011 11:56,"2,55",16029.0,United Kingdom
571717,PACK OF 60 DINOSAUR CAKE CASES,1,18.10.2011 17:10,"0,55",14381.0,United Kingdom
562553,MEMO BOARD COTTAGE DESIGN,1,05.08.2011 16:34,"10,79",,United Kingdom
552667,AIRLINE BAG VINTAGE TOKYO 78,1,10.05.2011 15:05,"8,29",,United Kingdom
539451,PENCIL CASE LIFE IS BEAUTIFUL,1,17.12.2010 16:59,"5,91",,United Kingdom
569343,SMALL IVORY HEART WALL ORGANISER,120,03.10.2011 14:34,"4,95",18102.0,United Kingdom
563182,LARGE WHITE HEART OF WICKER,6,12.08.2011 14:33,"2,95",17122.0,United Kingdom
569545,ANTIQUE ALL GLASS CANDLESTICK,2,04.10.2011 16:37,"2,46",,United Kingdom
552257,POTTERING MUG,2,08.05.2011 11:08,"1,25",16923.0,United Kingdom
550968,PLACE SETTING WHITE HEART,24,21.04.2011 16:59,"0,42",14961.0,United Kingdom
558769,SPACE CADET RED,1,03.07.2011 14:58,"1,25",17899.0,United Kingdom
573868,RETROSPOT TEA SET CERAMIC 11 PC,3,01.11.2011 12:18,"4,95",12491.0,France
573033,AREA PATROLLED METAL SIGN,12,27.10.2011 13:41,"2,1",14099.0,United Kingdom
551531,TUMBLER NEW ENGLAND,24,01.05.2011 13:45,"0,39",15376.0,United Kingdom
550320,ENAMEL WASH BOWL CREAM,8,17.04.2011 12:37,"3,75",12748.0,United Kingdom
566306,GARAGE KEY FOB,24,12.09.2011 09:36,"0,65",13265.0,United Kingdom
559816,SAVE THE PLANET COTTON TOTE BAG,7,12.07.2011 16:11,"1,63",,United Kingdom
578151,SET OF 3 PANTRY WOODEN SPOONS,12,23.11.2011 11:18,"1,25",16020.0,United Kingdom
563216,ENAMEL FLOWER JUG CREAM,2,14.08.2011 13:14,"5,95",17841.0,United Kingdom
556247,CHARLOTTE BAG PINK POLKADOT,10,09.06.2011 16:16,"0,85",15058.0,United Kingdom
574967,CHOCOLATE BOX RIBBONS,3,08.11.2011 10:51,"2,46",,United Kingdom
581230,COWBOYS AND INDIANS BIRTHDAY CARD,12,08.12.2011 10:24,"0,42",14291.0,United Kingdom
581585,EMBOSSED GLASS TEALIGHT HOLDER,12,09.12.2011 12:31,"1,25",15804.0,United Kingdom
539215,SET OF 3 NOTEBOOKS IN PARCEL,1,16.12.2010 12:42,"1,65",15574.0,United Kingdom
536783,BLACK CANDELABRA T-LIGHT HOLDER,24,02.12.2010 15:19,"1,25",15061.0,United Kingdom
572060,CHOC TRUFFLE GOLD TRINKET POT,12,20.10.2011 12:52,"1,65",12569.0,Germany
554667,CANDLEHOLDER PINK HANGING HEART,12,25.05.2011 15:18,"2,95",15727.0,United Kingdom
579559,JUMBO BAG PAISLEY PARK,1,30.11.2011 11:30,"2,08",16764.0,United Kingdom
548502,IVORY KITCHEN SCALES,1,31.03.2011 14:17,"16,63",,United Kingdom
550512,SOAP DISH BROCANTE,2,18.04.2011 16:31,"2,95",18069.0,United Kingdom
543594,JIGSAW TREE WITH BIRDHOUSE,12,10.02.2011 12:15,"1,45",18093.0,United Kingdom
540031,ALPHABET STENCIL CRAFT,1,04.01.2011 13:50,"1,25",17975.0,United Kingdom
555275,SET/6 BEAD COASTERS GAUZE BAG GOLD,2,01.06.2011 17:18,"1,63",,United Kingdom
567482,BIRD HOUSE HOT WATER BOTTLE,2,20.09.2011 13:42,"2,55",16464.0,United Kingdom
544434,TRAVEL CARD WALLET VINTAGE TICKET,1,18.02.2011 16:12,"0,83",,United Kingdom
572913,OPEN CLOSED METAL SIGN,1,26.10.2011 16:21,"4,95",15993.0,United Kingdom
555275,SILVER PHOTO FRAME,2,01.06.2011 17:18,"4,13",,United Kingdom
551417,DOORMAT HOME SWEET HOME BLUE,2,28.04.2011 13:41,"7,95",15632.0,United Kingdom
547249,PAINTED YELLOW WOODEN DAISY,4,22.03.2011 09:27,"0,83",,United Kingdom
567485,SET OF 3 WOODEN HEART DECORATIONS,3,20.09.2011 13:52,"1,25",15026.0,United Kingdom
538449,HOUSE WRECKING METAL SIGN,2,12.12.2010 12:24,"2,1",17085.0,United Kingdom
571697,LUNCH BAG VINTAGE DOILY,10,18.10.2011 14:49,"1,65",12759.0,Netherlands
564168,FILIGREE HEART BUTTERFLY WHITE,2,23.08.2011 13:51,"1,25",16794.0,United Kingdom
574734,LUNCH BAG VINTAGE DOILY,1,06.11.2011 15:20,"1,65",15025.0,United Kingdom
572651,BOX OF VINTAGE JIGSAW BLOCKS,6,25.10.2011 12:06,"5,95",17350.0,United Kingdom
539610,BLACK/BLUE POLKADOT UMBRELLA,1,20.12.2010 14:33,"5,95",14606.0,United Kingdom
566952,PURPLE DRAWERKNOB ACRYLIC EDWARDIAN,2,15.09.2011 16:37,"2,46",,United Kingdom
546392,CHILDRENS GARDEN GLOVES BLUE,2,11.03.2011 14:15,"1,25",14587.0,United Kingdom
573927,OPEN CLOSED METAL SIGN,2,02.11.2011 09:59,"4,95",13890.0,United Kingdom
578944,BUNDLE OF 3 ALPHABET EXERCISE BOOKS,1,27.11.2011 13:41,"1,65",16005.0,United Kingdom
548894,RED RETROSPOT OVEN GLOVE DOUBLE,1,04.04.2011 16:01,"5,79",,United Kingdom
566364,PACK OF 12 TRADITIONAL CRAYONS,24,12.09.2011 12:32,"0,42",15253.0,United Kingdom
546790,JUMBO STORAGE BAG SKULLS,2,17.03.2011 10:26,"1,95",14713.0,United Kingdom
561625,RED  EGG  SPOON,24,28.07.2011 14:03,"0,12",16843.0,United Kingdom
559320,STANDING FAIRY POLE SUPPORT,24,07.07.2011 14:18,"0,85",13208.0,United Kingdom
552039,PEG BAG APPLES DESIGN,6,06.05.2011 08:10,"2,55",13081.0,United Kingdom
548716,RED GINGHAM TEDDY BEAR,6,03.04.2011 15:50,"2,95",14023.0,United Kingdom
571797,COLOUR GLASS. STAR T-LIGHT HOLDER,1,19.10.2011 11:41,"6,63",,United Kingdom
560188,IVORY REFECTORY CLOCK,2,15.07.2011 12:10,"9,95",18229.0,United Kingdom
543660,PINK POLKADOT BOWL,1,11.02.2011 10:40,"2,46",,United Kingdom
573000,VINTAGE SNAP CARDS,72,27.10.2011 11:55,"0,72",14752.0,United Kingdom
569573,PLAYING CARDS I LOVE LONDON,100,05.10.2011 10:11,"1,04",17511.0,United Kingdom
569799,HANGING MINI COLOURED BOTTLES,48,06.10.2011 11:47,"0,63",13602.0,United Kingdom
541843,IVORY HANGING DECORATION  HEART,24,23.01.2011 12:08,"0,85",13659.0,United Kingdom
538533,MAGIC DRAWING SLATE PURDEY,1,13.12.2010 10:31,"0,42",14796.0,United Kingdom
580262,6 GIFT TAGS VINTAGE CHRISTMAS,12,02.12.2011 12:42,"0,83",16759.0,United Kingdom
551995,PINK REGENCY TEACUP AND SAUCER,1,05.05.2011 15:42,"5,79",,United Kingdom
537781,MOUSE TOY WITH PINK T-SHIRT,1,08.12.2010 12:46,"3,75",17341.0,United Kingdom
567819,PLASTERS IN TIN SPACEBOY,12,22.09.2011 12:42,"1,65",14004.0,United Kingdom
547396,CHILDRENS APRON APPLES DESIGN,1,22.03.2011 16:54,"4,96",,United Kingdom
548557,PINK  POLKADOT PLATE,8,01.04.2011 09:56,"1,69",15018.0,United Kingdom
540352,STRAWBERRY SHOPPER BAG,7,06.01.2011 14:27,"0,85",,United Kingdom
549833,PHOTO FRAME CORNICE,8,12.04.2011 13:19,"2,95",13458.0,United Kingdom
558105,FOLKART HEART NAPKIN RINGS,3,26.06.2011 14:54,"0,79",15644.0,United Kingdom
572549,REGENCY CAKESTAND 3 TIER,3,24.10.2011 17:03,"24,96",,United Kingdom
552881,REGENCY TEA PLATE GREEN,12,12.05.2011 10:03,"1,65",18245.0,United Kingdom
547042,BOHEMIAN COLLAGE STATIONERY SET,1,20.03.2011 11:00,"2,46",,United Kingdom
577740,CHRISTMAS RETROSPOT STAR WOOD,6,21.11.2011 13:36,"0,85",17625.0,United Kingdom
570593,WOODEN HEART CHRISTMAS SCANDINAVIAN,48,11.10.2011 11:38,"0,29",18180.0,United Kingdom
550986,JUMBO BAG WOODLAND ANIMALS,2,21.04.2011 18:06,"4,13",,United Kingdom
568321,3D TRADITIONAL CHRISTMAS STICKERS,18,26.09.2011 13:36,"1,25",13639.0,United Kingdom
552463,VICTORIAN GLASS HANGING T-LIGHT,12,09.05.2011 14:54,"1,25",14699.0,United Kingdom
536592,TRADITIONAL CHRISTMAS RIBBONS,3,01.12.2010 17:06,"2,51",,United Kingdom
547381,RIBBON REEL HEARTS DESIGN,5,22.03.2011 15:25,"1,65",18041.0,United Kingdom
575138,ROSES REGENCY TEACUP AND SAUCER,7,08.11.2011 15:24,"5,79",,United Kingdom
544455,SEWING SUSAN 21 NEEDLE SET,10,20.02.2011 13:18,"0,85",13097.0,United Kingdom
576045,EASTER DECORATION EGG BUNNY,12,13.11.2011 14:42,"0,39",15022.0,United Kingdom
552316,LUNCH BAG APPLE DESIGN,10,08.05.2011 16:11,"1,65",15674.0,United Kingdom
580523,HAND WARMER BIRD DESIGN,1,04.12.2011 15:00,"2,1",17827.0,United Kingdom
539593,FELTCRAFT CHRISTMAS FAIRY,4,20.12.2010 13:31,"4,25",13319.0,United Kingdom
544179,PAINTED METAL PEARS ASSORTED,8,16.02.2011 14:44,"1,69",17422.0,United Kingdom
574348,PENNY FARTHING BIRTHDAY CARD,60,04.11.2011 10:28,"0,42",13756.0,United Kingdom
571713,RED RETROSPOT BOWL,2,18.10.2011 16:58,"2,46",,United Kingdom
568955,VINTAGE CHRISTMAS BUNTING,5,29.09.2011 15:40,"4,95",13759.0,United Kingdom
548203,HERB MARKER BASIL,26,29.03.2011 16:40,"1,95",,United Kingdom
578013,STRAWBERRY BATH SPONGE,1,22.11.2011 12:55,"1,25",17360.0,United Kingdom
542373,WRAP CIRCUS PARADE,25,27.01.2011 13:38,"0,42",16767.0,United Kingdom
549325,MONEY BOX HOUSEKEEPING DESIGN,12,08.04.2011 10:32,"1,25",12717.0,Greece
540848,SUMMER DAISIES BAG CHARM,1,12.01.2011 09:26,"2,51",,United Kingdom
544926,CHILLI LIGHTS,4,24.02.2011 17:50,"5,75",13468.0,United Kingdom
550196,TEA TIME TEAPOT IN GIFT BOX,6,15.04.2011 10:09,"4,95",14796.0,United Kingdom
551987,CHARLOTTE BAG PINK POLKADOT,6,05.05.2011 14:55,"0,85",15005.0,United Kingdom
580311,60 CAKE CASES VINTAGE CHRISTMAS,24,02.12.2011 14:48,"0,55",18245.0,United Kingdom
570419,HANGING  BUTTERFLY T-LIGHT HOLDER,12,10.10.2011 13:33,"1,25",15608.0,United Kingdom
557793,PACK OF 6 SMALL FRUIT STRAWS,24,22.06.2011 17:30,"0,42",14998.0,United Kingdom
551997,WOODEN REGATTA BUNTING,1,05.05.2011 15:47,"12,46",,United Kingdom
537881,OVERNIGHT BAG VINTAGE ROSE PAISLEY,24,09.12.2010 09:23,"4,95",15513.0,United Kingdom
577161,WOODLAND LARGE RED FELT HEART,12,18.11.2011 10:18,"1,25",18210.0,United Kingdom
561520,PACK OF 6 SANDCASTLE FLAGS ASSORTED,1,27.07.2011 17:03,"0,85",17870.0,United Kingdom
552229,FRENCH LAVENDER SCENT HEART,1,06.05.2011 15:40,"4,13",,United Kingdom
547809,COFFEE MUG PEARS  DESIGN,6,25.03.2011 13:54,"2,55",12748.0,United Kingdom
574481,RABBIT NIGHT LIGHT,1,04.11.2011 12:45,"2,08",18022.0,United Kingdom
569843,SET OF 3 HANGING OWLS OLLIE BEAK,1,06.10.2011 13:29,"1,25",14449.0,United Kingdom
579250,VINTAGE JINGLE BELLS HEART,2,28.11.2011 16:35,"8,25",14480.0,United Kingdom
566557,JUMBO BAG 50'S CHRISTMAS,100,13.09.2011 11:47,"1,79",14646.0,Netherlands
547670,6 EGG HOUSE PAINTED WOOD,2,24.03.2011 13:41,"7,95",16769.0,United Kingdom
566307,PAPER CHAIN KIT 50'S CHRISTMAS,6,12.09.2011 09:37,"2,95",14307.0,United Kingdom
578044,DOLLY GIRL MINI BACKPACK,4,22.11.2011 14:41,"4,15",13488.0,United Kingdom
556243,POTTING SHED TEA MUG,1,09.06.2011 16:07,"3,29",,United Kingdom
573029,HOME SWEET HOME BLACKBOARD,2,27.10.2011 13:33,"4,95",14971.0,United Kingdom
573314,GARDENERS KNEELING PAD CUP OF TEA,10,28.10.2011 17:26,"1,65",16987.0,United Kingdom
548912,PICNIC BASKET WICKER SMALL,16,05.04.2011 09:32,"4,95",16586.0,United Kingdom
542999,GUMBALL MONOCHROME COAT RACK,1,02.02.2011 12:16,"2,46",,United Kingdom
541570,ROUND SNACK BOXES SET OF 4 FRUITS,192,19.01.2011 12:34,"2,55",14646.0,Netherlands
580988,CHRISTMAS RETROSPOT ANGEL WOOD,12,06.12.2011 16:41,"0,85",18154.0,United Kingdom
551174,ABSTRACT CIRCLES SKETCHBOOK,1,26.04.2011 17:02,"7,46",,United Kingdom
565242,ROMANTIC IMAGES GIFT WRAP SET,12,02.09.2011 10:13,"0,65",14436.0,United Kingdom
569893,SPACEBOY CHILDRENS CUP,16,06.10.2011 15:51,"1,25",12627.0,Germany
563253,SPOTTY BUNTING,16,15.08.2011 12:04,"4,95",15218.0,United Kingdom
548511,PLASTERS IN TIN CIRCUS PARADE,3,31.03.2011 15:43,"1,65",14056.0,United Kingdom
556486,JIGSAW TREE WITH BIRDHOUSE,12,12.06.2011 13:22,"0,59",17422.0,United Kingdom
562460,CHARLOTTE BAG VINTAGE ALPHABET,1,05.08.2011 11:19,"0,85",17841.0,United Kingdom
541592,SET OF 4 NAPKIN CHARMS 3 KEYS,6,19.01.2011 15:08,"1,63",,United Kingdom
549261,EGG CUP NATURAL CHICKEN,4,07.04.2011 12:35,"1,25",14903.0,United Kingdom
556259,CIRCUS PARADE LUNCH BOX,12,09.06.2011 17:53,"1,95",12721.0,France
564962,ILLUSTRATED CAT BOWL,1,31.08.2011 14:35,"2,55",17777.0,United Kingdom
537237,HERB MARKER THYME,1,06.12.2010 09:58,"1,66",,United Kingdom
570690,COSY SLIPPER SHOES SMALL GREEN,2,11.10.2011 16:37,"2,46",,United Kingdom
536520,PACK OF 6 HANDBAG GIFT BOXES,3,01.12.2010 12:43,"2,55",14729.0,United Kingdom
558483,DOORMAT KEEP CALM AND COME IN,4,30.06.2011 09:59,"7,95",18171.0,United Kingdom
546784,WOODEN BOX OF DOMINOES,12,17.03.2011 09:49,"1,25",18189.0,United Kingdom
569555,ENAMEL COLANDER CREAM,3,05.10.2011 08:17,"4,95",17728.0,United Kingdom
577723,BEWARE OF THE CAT METAL SIGN,2,21.11.2011 12:36,"1,69",16713.0,United Kingdom
548732,SET 7 BABUSHKA NESTING BOXES,2,04.04.2011 10:16,"8,5",16142.0,United Kingdom
548621,STRAWBERRY BATH SPONGE,2,01.04.2011 11:54,"1,25",16960.0,United Kingdom
579399,BLUE STRIPE CERAMIC DRAWER KNOB,4,29.11.2011 12:09,"1,45",13137.0,United Kingdom
576326,MIRRORED WALL ART STARS,1,14.11.2011 15:18,"0,75",16504.0,United Kingdom
540352,4 WILDFLOWER BOTANICAL CANDLES,1,06.01.2011 14:27,"2,51",,United Kingdom
537022,SCANDINAVIAN 3 HEARTS NAPKIN RING,24,03.12.2010 15:45,"0,65",12725.0,Italy
539437,PLACE SETTING WHITE STAR,1,17.12.2010 14:54,"1,66",,United Kingdom
542627,PLACE SETTING WHITE HEART,24,31.01.2011 09:51,"0,42",14426.0,United Kingdom
563239,PACK OF 12 LONDON TISSUES,24,15.08.2011 10:02,"0,29",15048.0,United Kingdom
554630,STRAWBERRY FAIRY CAKE TEAPOT,2,25.05.2011 11:34,"4,95",13268.0,United Kingdom
562130,ALARM CLOCK BAKELIKE PINK,4,03.08.2011 09:13,"3,75",12750.0,Poland
563404,PARTY BUNTING,20,16.08.2011 11:04,"4,95",16303.0,United Kingdom
558878,MINI CAKE STAND T-LIGHT HOLDER,6,04.07.2011 13:53,"0,42",16385.0,United Kingdom
569470,BEWARE OF THE CAT METAL SIGN,2,04.10.2011 12:25,"1,69",17673.0,United Kingdom
552234,JUMBO BAG PEARS,6,06.05.2011 16:01,"2,08",,United Kingdom
538171,HOME SWEET HOME MUG,2,09.12.2010 20:01,"1,25",17530.0,United Kingdom
562790,WRAP  VINTAGE DOILEY,50,09.08.2011 13:51,"0,42",14646.0,Netherlands
570499,WOODEN STAR CHRISTMAS SCANDINAVIAN,12,11.10.2011 09:19,"0,29",12772.0,Portugal
565649,CLASSIC FRENCH STYLE BASKET NATURAL,3,05.09.2011 16:27,"3,95",16712.0,United Kingdom
579145,T-LIGHT GLASS FLUTED ANTIQUE,6,28.11.2011 13:13,"1,25",14597.0,United Kingdom
563241,WRAP BIRD GARDEN,25,15.08.2011 10:22,"0,42",12758.0,Portugal
559144,CHILDRENS CUTLERY POLKADOT BLUE,8,06.07.2011 14:17,"4,15",12921.0,United Kingdom
541869,WELCOME  WOODEN BLOCK LETTERS,1,24.01.2011 09:35,"19,96",,United Kingdom
567917,CHRISTMAS DECOUPAGE CANDLE,72,22.09.2011 17:19,"0,39",14298.0,United Kingdom
545721,WOOD BLACK BOARD ANT WHITE FINISH,1,07.03.2011 10:52,"7,9",15039.0,United Kingdom
572192,DECORATIVE WICKER HEART LARGE,1,21.10.2011 11:30,"1,65",18118.0,United Kingdom
549193,PLASTERS IN TIN SPACEBOY,12,07.04.2011 10:24,"1,65",12580.0,Germany
542894,MINI CAKE STAND  HANGING STRAWBERY,8,01.02.2011 13:45,"1,65",12775.0,Netherlands
575117,PINK ROSE FABRIC MIRROR,1,08.11.2011 14:22,"1,25",12748.0,United Kingdom
546984,JUMBO BAG SCANDINAVIAN BLUE PAISLEY,2,18.03.2011 12:35,"1,95",15019.0,United Kingdom
575950,CHRISTMAS PUDDING TRINKET POT,2,13.11.2011 11:53,"0,39",16983.0,United Kingdom
575193,LUNCH BOX WITH CUTLERY RETROSPOT,6,09.11.2011 09:34,"2,55",12681.0,France
563626,IVORY WICKER HEART LARGE,12,18.08.2011 10:31,"1,65",16187.0,United Kingdom
573272,POPCORN HOLDER,48,28.10.2011 13:02,"0,85",13102.0,United Kingdom
555351,SPOTTY BUNTING,24,02.06.2011 12:37,"4,95",13408.0,United Kingdom
568553,PANTRY ROLLING PIN,12,27.09.2011 15:17,"3,75",15674.0,United Kingdom
537638,ASSORTED TUTTI FRUTTI KEYRING BALL,1,07.12.2010 15:28,"1,66",,United Kingdom
548621,IVORY KITCHEN SCALES,1,01.04.2011 11:54,"8,5",16960.0,United Kingdom
551655,PICNIC BASKET WICKER SMALL,2,03.05.2011 12:07,"5,95",17757.0,United Kingdom
544485,FRENCH BLUE METAL DOOR SIGN No,1,21.02.2011 11:35,"1,25",17757.0,United Kingdom
568901,AGED GLASS SILVER T-LIGHT HOLDER,12,29.09.2011 13:22,"0,65",15050.0,United Kingdom
580983,VINTAGE DOILY DELUXE SEWING KIT,2,06.12.2011 16:26,"12,46",,United Kingdom
559052,NOVELTY BISCUITS CAKE STAND 3 TIER,1,05.07.2011 16:53,"19,96",,United Kingdom
575607,VINTAGE GLASS T-LIGHT HOLDER,3,10.11.2011 12:37,"1,63",14096.0,United Kingdom
571288,ASSORTED MINI MADRAS NOTEBOOK,48,16.10.2011 15:13,"0,39",16052.0,United Kingdom
559923,RED FLOWER CROCHET FOOD COVER,3,13.07.2011 16:07,"3,29",,United Kingdom
564835,RED RETROSPOT CHARLOTTE BAG,1,30.08.2011 12:31,"1,63",,United Kingdom
546367,OWL DOORSTOP,16,11.03.2011 11:38,"4,25",15513.0,United Kingdom
537367,AREA PATROLLED METAL SIGN,12,06.12.2010 12:39,"2,1",15078.0,United Kingdom
551287,SET/6 RED SPOTTY PAPER CUPS,8,27.04.2011 14:17,"0,65",17961.0,United Kingdom
574532,TRIPLE PHOTO FRAME CORNICE,2,04.11.2011 14:19,"9,95",15676.0,United Kingdom
573814,ASS FLORAL PRINT MULTI SCREWDRIVER,24,01.11.2011 11:31,"0,42",13268.0,United Kingdom
578852,SMALL MEDINA STAMPED METAL BOWL,1,27.11.2011 11:12,"0,85",17841.0,United Kingdom
560249,DO NOT TOUCH MY STUFF DOOR HANGER,12,17.07.2011 12:26,"0,39",17571.0,United Kingdom
568593,CARD HOLDER GINGHAM HEART,12,28.09.2011 10:54,"2,89",13988.0,United Kingdom
579694,SET 6 SCHOOL MILK BOTTLES IN CRATE,3,30.11.2011 14:11,"7,46",,United Kingdom
580696,MINT KITCHEN SCALES,1,05.12.2011 16:04,"8,5",17757.0,United Kingdom
536750,IVORY EMBROIDERED QUILT,2,02.12.2010 14:04,"35,75",17850.0,United Kingdom
576651,MULTI COLOUR SILVER T-LIGHT HOLDER,24,16.11.2011 10:37,"0,85",14626.0,United Kingdom
574941,ANTIQUE SILVER T-LIGHT GLASS,168,07.11.2011 17:42,"2,95",,United Kingdom
576617,BLUE HARMONICA IN BOX,1,15.11.2011 16:57,"2,46",,United Kingdom
559506,CHARLIE LOLA BLUE HOT WATER BOTTLE,1,08.07.2011 15:17,"4,13",,United Kingdom
578819,GLITTER HANGING BUTTERFLY STRING,2,25.11.2011 13:52,"2,1",15311.0,United Kingdom
546944,COFFEE MUG CAT + BIRD DESIGN,6,18.03.2011 11:13,"2,55",14701.0,United Kingdom
569866,GARDEN PATH JOURNAL,2,06.10.2011 14:50,"2,55",12757.0,Portugal
573905,MUSICAL ZINC HEART DECORATION,2,01.11.2011 15:06,"0,29",16971.0,United Kingdom
571271,OPEN CLOSED METAL SIGN,2,16.10.2011 12:16,"4,95",15440.0,United Kingdom
558035,SET OF 3 CAKE TINS PANTRY DESIGN,3,24.06.2011 12:30,"4,95",15258.0,United Kingdom
560251,BUNDLE OF 3 RETRO NOTE BOOKS,2,17.07.2011 12:32,"1,65",17774.0,United Kingdom
575875,YELLOW GIANT GARDEN THERMOMETER,2,11.11.2011 13:06,"12,46",,United Kingdom
539635,WHITE SKULL HOT WATER BOTTLE,12,20.12.2010 15:14,"3,75",14051.0,United Kingdom
558096,SET OF 4 NAPKIN CHARMS CUTLERY,2,26.06.2011 13:24,"2,55",15532.0,United Kingdom
555568,CHILDS GARDEN FORK PINK,3,05.06.2011 15:25,"0,85",17589.0,United Kingdom
559923,BIRD DECORATION GREEN POLKADOT,2,13.07.2011 16:07,"0,83",,United Kingdom
579744,JUMBO BAG 50'S CHRISTMAS,16,30.11.2011 14:38,"2,08",,United Kingdom
543482,IVORY GIANT GARDEN THERMOMETER,2,08.02.2011 17:16,"5,95",17881.0,United Kingdom
568047,HEART SHAPED HOLLY WREATH,12,23.09.2011 12:27,"4,15",15075.0,United Kingdom
548652,BLUE DRAWER KNOB ACRYLIC EDWARDIAN,12,01.04.2011 13:34,"1,25",16928.0,United Kingdom
544767,KINGS CHOICE BISCUIT TIN,1,23.02.2011 11:10,"8,29",,United Kingdom
578472,RETROSPOT TEA SET CERAMIC 11 PC,3,24.11.2011 12:40,"4,95",12476.0,Germany
560491,SMALL CERAMIC TOP STORAGE JAR,1,19.07.2011 10:51,"0,83",12415.0,Australia
555835,JUMBO BAG STRAWBERRY,1,07.06.2011 12:34,"2,08",14525.0,United Kingdom
566233,HEART T-LIGHT HOLDER WILLIE WINKIE,12,11.09.2011 11:04,"1,65",12635.0,Germany
549927,TOTE BAG I LOVE LONDON,120,13.04.2011 10:19,"1,69",16684.0,United Kingdom
553316,PACK OF 20 NAPKINS RED APPLES,12,16.05.2011 12:04,"0,85",12682.0,France
547062,CLASSICAL ROSE CANDLESTAND,2,20.03.2011 13:28,"1,25",16728.0,United Kingdom
542240,BREAD BIN DINER STYLE MINT,2,26.01.2011 14:45,"16,95",16124.0,United Kingdom
548894,CHRISTMAS TREE HEART DECORATION,2,04.04.2011 16:01,"0,42",,United Kingdom
577319,SET OF 12 MINI LOAF BAKING CASES,4,18.11.2011 13:43,"0,83",17301.0,United Kingdom
554348,UNION STRIPE CUSHION COVER,12,24.05.2011 08:49,"1,25",13523.0,United Kingdom
554415,SWEETHEART WIRE MAGAZINE RACK,2,24.05.2011 12:10,"7,95",18202.0,United Kingdom
539436,JAM MAKING SET WITH JARS,1,17.12.2010 14:49,"8,47",,United Kingdom
577557,ALUMINIUM STAMPED HEART,4,20.11.2011 15:36,"2,49",15426.0,United Kingdom
574726,SET OF 3 WOODEN HEART DECORATIONS,12,06.11.2011 14:56,"1,25",14664.0,United Kingdom
546951,FELTCRAFT 6 FLOWER FRIENDS,1,18.03.2011 11:30,"2,1",17673.0,United Kingdom
539338,SET OF 72 RETROSPOT PAPER  DOILIES,288,17.12.2010 10:54,"1,45",17404.0,Sweden
551440,ENCHANTED BIRD PLANT CAGE,1,28.04.2011 15:29,"3,75",15311.0,United Kingdom
537209,BLUE POLKADOT PASSPORT COVER,1,05.12.2010 15:12,"2,1",14606.0,United Kingdom
543984,IF YOU CAN'T STAND THE HEAT MUG,12,15.02.2011 09:35,"1,25",15601.0,United Kingdom
543358,RED DRAWER KNOB ACRYLIC EDWARDIAN,5,07.02.2011 14:04,"2,46",,United Kingdom
548894,BLUE CAT BISCUIT BARREL PINK HEART,1,04.04.2011 16:01,"4,13",,United Kingdom
557502,"AIRLINE LOUNGE,METAL SIGN",2,20.06.2011 15:32,"1,63",,United Kingdom
540975,CHICK GREY HOT WATER BOTTLE,1,12.01.2011 14:57,"3,45",14040.0,United Kingdom
578044,DOLLY CABINET 3 DRAWERS,2,22.11.2011 14:41,"14,95",13488.0,United Kingdom
539579,RED RETROSPOT CHILDRENS UMBRELLA,2,20.12.2010 12:51,"3,25",16713.0,United Kingdom
539436,GREEN ROSE WASHBAG,1,17.12.2010 14:49,"3,36",,United Kingdom
578811,PINK FAIRY CAKE CHILDRENS APRON,8,25.11.2011 13:28,"1,95",12438.0,Norway
559371,DOORMAT HEARTS,2,08.07.2011 10:20,"7,95",14264.0,United Kingdom
544066,EMPIRE DESIGN ROSETTE,10,15.02.2011 13:53,"1,25",12971.0,United Kingdom
570652,RED TOADSTOOL LED NIGHT LIGHT,12,11.10.2011 13:45,"1,65",17863.0,United Kingdom
549295,PINK AND WHITE CHRISTMAS TREE 120CM,1,07.04.2011 19:49,"5,79",,United Kingdom
559457,SILVER PLATE CANDLE BOWL SMALL,12,08.07.2011 12:50,"2,95",14918.0,United Kingdom
550188,PLASTERS IN TIN CIRCUS PARADE,12,14.04.2011 18:57,"1,65",12457.0,Switzerland
541524,WHEELBARROW FOR CHILDREN,2,19.01.2011 10:49,"12,75",17091.0,United Kingdom
543264,TOY TIDY SPACEBOY,10,04.02.2011 16:34,"2,1",13069.0,United Kingdom
565765,PINK BLUE FELT CRAFT TRINKET BOX,12,06.09.2011 14:19,"1,25",12526.0,Germany
573927,FELTCRAFT PRINCESS CHARLOTTE DOLL,4,02.11.2011 09:59,"3,75",13890.0,United Kingdom
568708,FAIRY TALE COTTAGE NIGHT LIGHT,12,28.09.2011 15:41,"1,95",12393.0,Australia
570646,BISCUIT TIN VINTAGE CHRISTMAS,6,11.10.2011 12:49,"2,89",12824.0,United Kingdom
559038,PLASTERS IN TIN VINTAGE PAISLEY,1,05.07.2011 15:31,"3,29",,United Kingdom
580178,FRENCH BLUE METAL DOOR SIGN 3,20,02.12.2011 11:53,"1,19",16013.0,United Kingdom
553570,GIN & TONIC DIET GREETING CARD,12,18.05.2011 09:23,"0,42",13756.0,United Kingdom
564754,STRAWBERRY LUNCH BOX WITH CUTLERY,1,30.08.2011 10:29,"4,96",,United Kingdom
564729,RED RETROSPOT SMALL MILK JUG,2,28.08.2011 12:44,"2,55",13137.0,United Kingdom
540551,EAU DE NIL LOVE BIRD CANDLE,2,10.01.2011 09:43,"0,85",,United Kingdom
550626,CHARLIE AND LOLA FIGURES TINS,2,19.04.2011 14:23,"1,95",13184.0,United Kingdom
580146,CHARLOTTE BAG SUKI DESIGN,181,02.12.2011 10:07,"2,46",,United Kingdom
579106,RED SPOT PAPER GIFT BAG,48,28.11.2011 11:42,"0,82",16705.0,United Kingdom
573002,JUMBO BAG WOODLAND ANIMALS,100,27.10.2011 12:09,"1,79",14646.0,Netherlands
564825,PIG MUG IN TWO COLOUR DESIGNS,24,30.08.2011 12:26,"2,06",,United Kingdom
554808,LUNCH BAG ALPHABET DESIGN,2,26.05.2011 13:01,"1,65",17059.0,United Kingdom
573405,RED POLKADOT BEAKER,6,30.10.2011 15:55,"0,39",13822.0,United Kingdom
566281,DOORSTOP RETROSPOT HEART,2,11.09.2011 14:15,"3,75",12748.0,United Kingdom
550541,LARGE CIRCULAR MIRROR MOBILE,1,19.04.2011 11:33,"2,46",,United Kingdom
540943,FIRST CLASS HOLIDAY PURSE,1,12.01.2011 12:31,"2,95",17841.0,United Kingdom
537781,MAGIC DRAWING SLATE SPACEBOY,1,08.12.2010 12:46,"0,42",17341.0,United Kingdom
566179,ROSE DU SUD CUSHION COVER,2,09.09.2011 12:42,"6,35",,Israel
565208,DOORMAT HEARTS,4,01.09.2011 16:50,"7,95",18172.0,United Kingdom
541842,HEART OF WICKER SMALL,6,23.01.2011 12:07,"1,65",16085.0,United Kingdom
554286,ZINC T-LIGHT HOLDER STARS LARGE,12,23.05.2011 14:16,"0,95",17686.0,United Kingdom
549155,SET OF 5 PANCAKE DAY MAGNETS,1,06.04.2011 17:08,"4,13",,United Kingdom
578858,PLAYING CARDS KEEP CALM & CARRY ON,10,27.11.2011 11:22,"1,25",18145.0,United Kingdom
566602,RED RETROSPOT UMBRELLA,1,13.09.2011 16:05,"12,46",,United Kingdom
558904,POLKA DOT RAFFIA FOOD COVER,2,04.07.2011 16:18,"3,29",,United Kingdom
577077,PLACE SETTING WHITE HEART,8,17.11.2011 15:16,"0,42",17799.0,United Kingdom
572669,MISTLETOE HEART WREATH GREEN,1,25.10.2011 13:10,"4,15",16549.0,United Kingdom
581430,JAM MAKING SET PRINTED,12,08.12.2011 15:44,"1,45",13471.0,United Kingdom
544598,ZINC HEART LATTICE T-LIGHT HOLDER,3,21.02.2011 18:10,"2,46",,United Kingdom
544914,LUNCH BAG RED RETROSPOT,10,24.02.2011 15:39,"1,65",16722.0,United Kingdom
564481,BREAD BIN DINER STYLE IVORY,4,25.08.2011 13:33,"14,95",12464.0,Belgium
544657,SET OF 4 PANTRY JELLY MOULDS,12,22.02.2011 13:08,"1,25",14895.0,United Kingdom
555705,LUNCH BAG  BLACK SKULL.,3,06.06.2011 15:24,"1,65",14713.0,United Kingdom
566441,ALARM CLOCK BAKELIKE GREEN,4,12.09.2011 15:23,"3,75",17719.0,United Kingdom
572499,12 MESSAGE CARDS WITH ENVELOPES,12,24.10.2011 14:10,"1,65",15786.0,United Kingdom
571965,CHILDRENS CUTLERY POLKADOT GREEN,3,20.10.2011 10:41,"4,15",17238.0,United Kingdom
537567,FELTCRAFT CHRISTMAS FAIRY,2,07.12.2010 11:59,"4,25",18119.0,United Kingdom
576339,10 COLOUR SPACEBOY PEN,3,14.11.2011 15:27,"1,63",14096.0,United Kingdom
563845,PACK OF 60 SPACEBOY CAKE CASES,24,19.08.2011 14:39,"0,55",12991.0,United Kingdom
569469,SET OF 6 3D KIT CARDS FOR KIDS,2,04.10.2011 12:22,"0,85",16360.0,United Kingdom
559506,PINK GREEN EMBROIDERY COSMETIC BAG,3,08.07.2011 15:17,"1,63",,United Kingdom
549317,VINTAGE CREAM CAT FOOD CONTAINER,2,08.04.2011 09:58,"6,35",15109.0,United Kingdom
572662,SET 36 COLOURING PENCILS DOILY,5,25.10.2011 12:54,"1,25",15443.0,United Kingdom
548555,ORGANISER WOOD ANTIQUE WHITE,2,01.04.2011 09:21,"8,5",13758.0,United Kingdom
554491,CHERRY BLOSSOM PASSPORT COVER,1,24.05.2011 13:50,"2,1",14606.0,United Kingdom
555572,SET OF 5 PANCAKE DAY MAGNETS,12,05.06.2011 15:37,"2,08",12449.0,Belgium
565226,COFFEE MUG DOG + BALL DESIGN,6,02.09.2011 08:50,"2,55",16992.0,United Kingdom
551163,WAKE UP COCKEREL TILE HOOK,1,26.04.2011 15:52,"2,1",12573.0,France
539437,ALARM CLOCK BAKELIKE IVORY,1,17.12.2010 14:54,"7,62",,United Kingdom
577768,SILVER/AMETHYST DROP EARRINGS LEAF,1,21.11.2011 15:18,"2,9",,United Kingdom
545036,ENAMEL FLOWER JUG CREAM,1,25.02.2011 17:25,"5,95",14573.0,United Kingdom
547000,CHILDS GARDEN FORK PINK,12,18.03.2011 13:51,"0,85",14282.0,United Kingdom
566073,3 TIER CAKE TIN GREEN AND CREAM,1,08.09.2011 19:58,"14,95",14562.0,United Kingdom
572278,DOORMAT FANCY FONT HOME SWEET HOME,1,23.10.2011 10:46,"8,25",16326.0,United Kingdom
541423,"METAL SIGN,CUPCAKE SINGLE HOOK",8,17.01.2011 17:54,"0,83",,United Kingdom
536945,"ASSORTED FLOWER COLOUR ""LEIS""",1,03.12.2010 12:24,"0,65",14083.0,United Kingdom
566949,GREEN FERN NOTEBOOK,1,15.09.2011 16:32,"1,63",,United Kingdom
567619,JUMBO BAG RED RETROSPOT,10,21.09.2011 12:28,"2,08",15203.0,United Kingdom
540821,PINK  HONEYCOMB PAPER BALL,2,11.01.2011 13:16,"1,66",,United Kingdom
567671,RED RETROSPOT BOWL,1,21.09.2011 15:34,"2,46",,United Kingdom
578146,IVORY KITCHEN SCALES,1,23.11.2011 11:07,"8,5",13742.0,United Kingdom
538349,FLORAL SOFT CAR TOY,1,10.12.2010 14:59,"7,62",,United Kingdom
578950,JUMBO BAG DOLLY GIRL DESIGN,1,27.11.2011 14:40,"2,08",17885.0,United Kingdom
559813,PACK OF 20 NAPKINS PANTRY DESIGN,36,12.07.2011 15:42,"0,85",18272.0,United Kingdom
565316,WHITE WICKER STAR,12,02.09.2011 12:52,"2,1",15628.0,United Kingdom
545053,REGENCY CAKESTAND 3 TIER,1,27.02.2011 12:41,"12,75",17516.0,United Kingdom
551283,HEARTS  STICKERS,6,27.04.2011 14:01,"0,85",16755.0,United Kingdom
567665,SMALL CHOCOLATES PINK BOWL,1,21.09.2011 15:22,"0,83",,United Kingdom
557267,SUNSET CHECK HAMMOCK,2,19.06.2011 11:23,"7,95",16805.0,United Kingdom
579512,PLASTERS IN TIN WOODLAND ANIMALS,2,29.11.2011 16:47,"3,29",,United Kingdom
571056,JUMBO SHOPPER VINTAGE RED PAISLEY,10,13.10.2011 14:10,"2,08",15367.0,United Kingdom
540473,RED HEART SHAPE LOVE BUCKET,3,07.01.2011 14:31,"2,95",17284.0,United Kingdom
544599,PACK OF 12 CIRCUS PARADE TISSUES,1,21.02.2011 18:15,"0,83",,United Kingdom
575169,JUMBO BAG VINTAGE LEAF,10,08.11.2011 17:21,"2,08",14367.0,United Kingdom
564856,SET OF 4 JAM JAR MAGNETS,12,31.08.2011 09:11,"2,08",12477.0,Germany
577485,LUNCH BAG CARS BLUE,2,20.11.2011 11:56,"1,65",16360.0,United Kingdom
544795,SET OF 16 VINTAGE PISTACHIO CUTLERY,1,23.02.2011 13:21,"12,75",15858.0,United Kingdom
576617,GARDENERS KNEELING PAD KEEP CALM,2,15.11.2011 16:57,"3,29",,United Kingdom
551833,GRAND CHOCOLATECANDLE,72,04.05.2011 13:12,"1,25",16779.0,United Kingdom
558762,SET OF 4 KNICK KNACK TINS DOILEY,3,03.07.2011 13:05,"4,15",15023.0,United Kingdom
567883,REGENCY SUGAR BOWL GREEN,4,22.09.2011 15:03,"4,15",12906.0,United Kingdom
552295,ROUND CONTAINER SET OF 5 RETROSPOT,1,08.05.2011 14:08,"1,65",14224.0,United Kingdom
543300,VINTAGE UNION JACK APRON,3,07.02.2011 11:42,"6,95",13334.0,United Kingdom
560872,JUMBO BAG SPACEBOY DESIGN,10,21.07.2011 14:41,"2,08",14745.0,United Kingdom
558247,SET/3 VANILLA SCENTED CANDLE IN BOX,5,27.06.2011 16:46,"4,25",14167.0,United Kingdom
549910,REX CASH+CARRY JUMBO SHOPPER,1,12.04.2011 17:12,"0,95",16697.0,United Kingdom
560047,LOVE BUILDING BLOCK WORD,1,14.07.2011 15:01,"5,95",17259.0,United Kingdom
577352,BLACK RECORD COVER FRAME,4,18.11.2011 15:41,"3,75",14820.0,United Kingdom
578666,COTTON APRON PANTRY DESIGN,2,24.11.2011 17:06,"4,95",17727.0,United Kingdom
576254,VINTAGE SNAP CARDS,24,14.11.2011 14:02,"0,85",16422.0,United Kingdom
564724,PLASTERS IN TIN CIRCUS PARADE,2,28.08.2011 12:16,"1,65",15555.0,United Kingdom
572540,VINTAGE CREAM DOG FOOD CONTAINER,1,24.10.2011 16:17,"16,63",,United Kingdom
569374,CHRISTMAS RETROSPOT ANGEL WOOD,1,03.10.2011 16:14,"1,63",,United Kingdom
571228,RED HANGING HEART T-LIGHT HOLDER,12,14.10.2011 14:00,"2,95",15132.0,United Kingdom
548708,NO SINGING METAL SIGN,3,03.04.2011 12:41,"2,1",13269.0,United Kingdom
580720,HAND WARMER RED LOVE HEART,1,05.12.2011 16:55,"2,1",14629.0,United Kingdom
566602,LA JARDIN BOTANIQUE CUSHION COVER,1,13.09.2011 16:05,"10,79",,United Kingdom
569229,SET OF 2 TRAYS HOME SWEET HOME,1,02.10.2011 14:56,"9,95",14502.0,United Kingdom
538116,15CM CHRISTMAS GLASS BALL 20 LIGHTS,2,09.12.2010 15:32,"7,95",13327.0,United Kingdom
545045,CANDLEHOLDER PINK HANGING HEART,2,27.02.2011 11:40,"2,95",15708.0,United Kingdom
554075,FAIRY CAKE BIRTHDAY CANDLE SET,4,22.05.2011 11:29,"3,75",16038.0,United Kingdom
545024,VINTAGE BILLBOARD DRINK ME MUG,1,25.02.2011 14:38,"2,46",,United Kingdom
574654,WOODLAND BUNNIES LOLLY MAKERS,2,06.11.2011 11:32,"2,08",15571.0,United Kingdom
571239,DOORMAT RED RETROSPOT,10,14.10.2011 14:54,"7,08",12744.0,Singapore
579508,SET OF 6 RIBBONS COUNTRY STYLE,2,29.11.2011 16:33,"5,79",,United Kingdom
563933,SILVER CHRISTMAS TREE BAUBLE STAND,1,21.08.2011 15:54,"16,95",16536.0,United Kingdom
541686,WHITE BROCANTE SOAP DISH,6,20.01.2011 15:42,"2,95",16912.0,United Kingdom
541205,PHOTO FRAME CORNICE,2,14.01.2011 12:23,"2,95",18106.0,United Kingdom
572240,CARD BILLBOARD FONT,12,21.10.2011 15:18,"0,42",13709.0,United Kingdom
568517,DECORATIVE WICKER HEART LARGE,2,27.09.2011 12:52,"1,65",14456.0,United Kingdom
540520,PAINT YOUR OWN CANVAS SET,2,09.01.2011 12:31,"1,65",17555.0,United Kingdom
579430,KNITTED UNION FLAG HOT WATER BOTTLE,1,29.11.2011 13:06,"4,25",12748.0,United Kingdom
555406,WOODEN UNION JACK BUNTING,1,02.06.2011 19:50,"5,95",17231.0,United Kingdom
542664,HEART DECORATION RUSTIC HANGING,14,31.01.2011 12:14,"0,79",,United Kingdom
565541,LUNCH BOX I LOVE LONDON,1,05.09.2011 12:00,"1,95",14159.0,United Kingdom
553521,SEASIDE FLYING DISC,1,17.05.2011 14:35,0,,United Kingdom
580094,BOX OF 6 CHRISTMAS CAKE DECORATIONS,1,01.12.2011 14:50,"3,75",15904.0,United Kingdom
539434,PURPLE ENAMEL FLOWER RING,1,17.12.2010 14:41,"2,96",,United Kingdom
573585,WALL TIDY RETROSPOT,2,31.10.2011 14:41,"4,13",,United Kingdom
542412,RETROSPOT RED WASHING UP GLOVES,1,27.01.2011 16:49,"2,1",16725.0,United Kingdom
537689,WORLD WAR 2 GLIDERS ASSTD DESIGNS,48,08.12.2010 10:36,"0,29",15750.0,United Kingdom
577893,4 PEAR BOTANICAL DINNER CANDLES,1,22.11.2011 11:47,"1,25",17073.0,United Kingdom
581023,OVERNIGHT BAG VINTAGE ROSE PAISLEY,4,07.12.2011 10:35,"10,79",,United Kingdom
542709,GLASS JAR ENGLISH CONFECTIONERY,6,31.01.2011 13:17,"2,95",15144.0,United Kingdom
581492,HANGING HEART MIRROR DECORATION,1,09.12.2011 10:03,"1,25",,United Kingdom
565234,FRYING PAN PINK POLKADOT,1,02.09.2011 09:38,"8,29",,United Kingdom
572652,TRADTIONAL ALPHABET STAMP SET,4,25.10.2011 12:11,"4,95",15805.0,United Kingdom
541830,PINK STITCHED WALL CLOCK,1,21.01.2011 17:09,"3,29",,United Kingdom
558262,RED TOADSTOOL LED NIGHT LIGHT,144,28.06.2011 08:45,"1,45",14646.0,Netherlands
577855,HANGING CHICK GREEN DECORATION,1,22.11.2011 11:18,"1,45",15877.0,United Kingdom
552325,COFFEE MUG APPLES DESIGN,12,09.05.2011 09:47,"2,55",12490.0,France
581221,HEART WREATH DECORATION WITH BELL,36,08.12.2011 09:40,"1,25",17856.0,United Kingdom
576784,CERAMIC HEART FAIRY CAKE MONEY BANK,4,16.11.2011 13:40,"1,45",16204.0,United Kingdom
581439,FOOD COVER WITH BEADS SET 2,1,08.12.2011 16:30,"7,46",,United Kingdom
546635,CITRONELLA CANDLE GARDEN POT,6,15.03.2011 12:11,"1,25",16392.0,United Kingdom
572775,DECROTIVEVINTAGE COFFEE GRINDER BOX,3,26.10.2011 10:43,"4,95",13126.0,United Kingdom
575137,BAKING SET 9 PIECE RETROSPOT,48,08.11.2011 15:13,"4,25",13090.0,United Kingdom
552285,DINOSAURS  WRITING SET,2,08.05.2011 12:58,"1,65",14684.0,United Kingdom
568949,CHRISTMAS TREE HANGING SILVER,1,29.09.2011 15:13,"1,63",,United Kingdom
579145,JUMBO BAG WOODLAND ANIMALS,1,28.11.2011 13:13,"2,08",14597.0,United Kingdom
572652,PACK OF 12 VINTAGE DOILY TISSUES,24,25.10.2011 12:11,"0,39",15805.0,United Kingdom
580908,BUBBLEGUM RING ASSORTED,1,06.12.2011 13:20,"0,42",16495.0,United Kingdom
574491,CHILDREN'S APRON DOLLY GIRL,6,04.11.2011 13:05,"2,1",16318.0,United Kingdom
549755,MONSTERS STENCIL CRAFT,72,12.04.2011 11:34,"1,06",16843.0,United Kingdom
578344,ROCKING HORSE RED CHRISTMAS,3,24.11.2011 09:21,"1,63",,United Kingdom
553008,SKULL AND CROSSBONES  GARLAND,2,12.05.2011 16:52,"1,65",17315.0,United Kingdom
573485,WHITE SKULL HOT WATER BOTTLE,2,31.10.2011 11:37,"4,25",15752.0,United Kingdom
566446,"FANCY FONT BIRTHDAY CARD,",1,12.09.2011 15:40,"0,83",,United Kingdom
579516,BLUE/CREAM STRIPE CUSHION COVER,2,29.11.2011 17:52,"1,25",17841.0,United Kingdom
541423,DAISY JOURNAL,3,17.01.2011 17:54,"4,96",,United Kingdom
563771,TEA BAG PLATE RED RETROSPOT,1,19.08.2011 11:17,"0,85",17841.0,United Kingdom
575176,SET/4 BADGES DOGS,2,08.11.2011 18:29,"2,46",,United Kingdom
562710,IVORY WICKER HEART MEDIUM,24,08.08.2011 14:37,"1,04",14298.0,United Kingdom
538849,SET OF 6 SPICE TINS PANTRY DESIGN,2,14.12.2010 13:31,"3,95",14415.0,United Kingdom
580482,ALARM CLOCK BAKELIKE CHOCOLATE,2,04.12.2011 12:44,"3,75",16033.0,United Kingdom
560569,PINK  POLKADOT CUP,8,19.07.2011 14:04,"0,85",12480.0,Germany
548502,PACK OF 20 SKULL PAPER NAPKINS,1,31.03.2011 14:17,"1,63",,United Kingdom
580559,DOORMAT KEEP CALM AND COME IN,8,05.12.2011 10:24,"8,25",15628.0,United Kingdom
574079,THREE MINI HANGING FRAMES,1,02.11.2011 16:19,"4,15",17595.0,United Kingdom
579516,HOME SWEET HOME BLACKBOARD,1,29.11.2011 17:52,"4,95",17841.0,United Kingdom
537823,PLASTERS IN TIN WOODLAND ANIMALS,3,08.12.2010 14:25,"3,36",,United Kingdom
567183,DRAWER KNOB CRACKLE GLAZE PINK,6,18.09.2011 15:32,"1,65",14769.0,United Kingdom
573345,STAR  T-LIGHT HOLDER,2,30.10.2011 12:14,"1,45",17609.0,United Kingdom
555095,DOLLY GIRL LUNCH BOX,12,31.05.2011 13:32,"1,95",12540.0,Spain
568134,DECORATIVE WICKER HEART SMALL,10,23.09.2011 17:02,"1,25",,United Kingdom
576607,SPACEBOY CHILDRENS CUP,8,15.11.2011 15:42,"1,25",12474.0,Germany
552286,SET OF 4 PANTRY JELLY MOULDS,12,08.05.2011 13:07,"1,25",16393.0,United Kingdom
546686,VICTORIAN  METAL POSTCARD SPRING,8,16.03.2011 09:52,"1,69",14636.0,United Kingdom
562166,PINK REGENCY TEACUP AND SAUCER,6,03.08.2011 12:10,"2,95",13209.0,United Kingdom
548993,PACK OF 12 RED RETROSPOT TISSUES,96,05.04.2011 13:56,"0,29",12753.0,Japan
551417,SET OF 3 NOTEBOOKS IN PARCEL,12,28.04.2011 13:41,"1,65",15632.0,United Kingdom
540238,BLUE ROSE FABRIC MIRROR,2,05.01.2011 14:44,"0,85",,United Kingdom
573601,RABBIT NIGHT LIGHT,1,31.10.2011 15:24,"4,13",,United Kingdom
580613,50'S CHRISTMAS GIFT BAG LARGE,12,05.12.2011 12:03,"1,25",14759.0,United Kingdom
546888,PAPERWEIGHT KINGS CHOICE,1,17.03.2011 18:15,"4,96",,United Kingdom
548162,ROUND SNACK BOXES SET OF 4 SKULLS,2,29.03.2011 13:42,"6,63",,United Kingdom
569652,VINTAGE CHRISTMAS GIFT SACK,4,05.10.2011 12:51,"4,15",15628.0,United Kingdom
547720,CANDLEHOLDER PINK HANGING HEART,6,25.03.2011 10:08,"2,95",14209.0,United Kingdom
564755,GLASS BON BON JAR,2,30.08.2011 10:31,"3,29",,United Kingdom
578463,SET OF 4 KNICK KNACK TINS POPPIES,6,24.11.2011 12:30,"4,15",12757.0,Portugal
550504,CHILDS BREAKFAST SET DOLLY GIRL,2,18.04.2011 15:43,"9,95",16654.0,United Kingdom
540126,LARGE CAKE TOWEL PINK SPOTS,48,05.01.2011 10:45,"1,95",13798.0,United Kingdom
552975,WHITE SPOT BLUE CERAMIC DRAWER KNOB,12,12.05.2011 13:58,"1,25",17932.0,United Kingdom
543631,PINK POLKADOT WRAP,25,10.02.2011 16:17,"0,42",14081.0,United Kingdom
551062,REGENCY CAKESTAND 3 TIER,16,26.04.2011 12:16,"10,95",18092.0,United Kingdom
572681,STOOL HOME SWEET HOME,1,25.10.2011 13:51,"12,5",13510.0,United Kingdom
578844,DAISY GARDEN MARKER,2,25.11.2011 16:14,"2,46",,United Kingdom
568703,MODERN FLORAL STATIONERY SET,2,28.09.2011 15:21,"1,25",12748.0,United Kingdom
553162,WOODLAND CHARLOTTE BAG,1,13.05.2011 15:53,"1,63",,United Kingdom
538836,JOY LARGE WOOD LETTERS,1,14.12.2010 13:09,"9,95",12748.0,United Kingdom
549238,PACK OF 6 BIRDY GIFT TAGS,17,07.04.2011 11:30,"1,25",14667.0,United Kingdom
566060,LARGE CAMPHOR WOOD FIELD MUSHROOM,1,08.09.2011 15:27,"10,79",,United Kingdom
538855,GUMBALL MAGAZINE RACK,2,14.12.2010 13:50,"7,65",16503.0,United Kingdom
572886,PACK OF 72 RETROSPOT CAKE CASES,24,26.10.2011 13:46,"0,55",12448.0,Spain
555526,JUMBO BAG SCANDINAVIAN BLUE PAISLEY,100,05.06.2011 11:42,"1,79",14364.0,United Kingdom
551546,RECYCLED ACAPULCO MAT RED,2,03.05.2011 09:34,"8,25",18062.0,United Kingdom
557311,MOTORING TISSUE BOX,2,19.06.2011 15:36,"1,25",15700.0,United Kingdom
539736,LUNCH BOX I LOVE LONDON,3,21.12.2010 15:18,"2,51",,United Kingdom
581471,DOORMAT HOME SWEET HOME BLUE,1,08.12.2011 19:29,"8,25",14702.0,United Kingdom
544294,EMBOSSED GLASS TEALIGHT HOLDER,12,17.02.2011 12:42,"1,25",15601.0,United Kingdom
580287,KEY RING BASEBALL BOOT UNION JACK,5,02.12.2011 13:28,"1,25",14594.0,United Kingdom
581404,STORAGE TIN HOME SWEET HOME,4,08.12.2011 13:47,"0,79",13680.0,United Kingdom
554123,SWEETHEART CAKESTAND 3 TIER,1,22.05.2011 15:44,"9,95",16818.0,United Kingdom
574958,ICE CREAM PEN LIP GLOSS,24,08.11.2011 10:00,"1,25",14050.0,United Kingdom
546769,HANGING HEART MIRROR DECORATION,24,16.03.2011 14:57,"0,65",17504.0,United Kingdom
575964,BALLOONS  WRITING SET,1,13.11.2011 12:31,"1,65",15021.0,United Kingdom
555509,AGED GLASS SILVER T-LIGHT HOLDER,72,03.06.2011 17:07,"0,65",13435.0,United Kingdom
550203,RECYCLING BAG RETROSPOT,4,15.04.2011 10:37,"4,96",,United Kingdom
570113,WRAP SUKI AND FRIENDS,125,07.10.2011 12:31,"0,42",15874.0,United Kingdom
576520,PEARLISED IVORY HEART SMALL,8,15.11.2011 12:33,"1,25",14467.0,United Kingdom
574725,REX CASH+CARRY JUMBO SHOPPER,1,06.11.2011 14:50,"0,95",15883.0,United Kingdom
547063,HOT BATHS METAL SIGN,3,20.03.2011 13:33,"2,1",14769.0,United Kingdom
576346,NATURAL HANGING QUILTED HEARTS,12,14.11.2011 15:37,"0,83",13835.0,United Kingdom
580611,SET OF 6 FUNKY BEAKERS,1,05.12.2011 11:49,"2,95",12748.0,United Kingdom
554950,REGENCY SUGAR BOWL GREEN,4,27.05.2011 14:48,"4,15",14227.0,United Kingdom
574903,HOME GARLAND PAINTED ZINC,24,07.11.2011 15:27,"0,75",17302.0,United Kingdom
578016,PEARLISED IVORY HEART SMALL,4,22.11.2011 13:02,"1,25",14506.0,United Kingdom
570197,LUNCH BAG VINTAGE LEAF DESIGN,3,07.10.2011 15:45,"1,65",13755.0,United Kingdom
571713,VINTAGE KID DOLLY CARD,1,18.10.2011 16:58,"0,83",,United Kingdom
572552,WHITE HANGING HEART T-LIGHT HOLDER,2,24.10.2011 17:07,"5,79",14096.0,United Kingdom
564091,SWALLOWS GREETING CARD,12,23.08.2011 09:57,"0,42",15804.0,United Kingdom
578811,CHILDRENS APRON SPACEBOY DESIGN,8,25.11.2011 13:28,"1,95",12438.0,Norway
548714,BLACK AND WHITE DOG BOWL,1,03.04.2011 15:07,"2,95",17337.0,United Kingdom
550805,LUNCH BAG SUKI DESIGN,30,20.04.2011 15:38,"1,65",13162.0,United Kingdom
552651,ROSE DU SUD COSMETICS BAG,1,10.05.2011 14:09,"4,25",16431.0,United Kingdom
550331,BUNNY WOODEN PAINTED WITH FLOWER,1,17.04.2011 13:43,"0,85",15555.0,United Kingdom
574354,ROLL WRAP VINTAGE CHRISTMAS,1,04.11.2011 10:47,"1,25",17203.0,United Kingdom
562456,HEART OF WICKER SMALL,12,05.08.2011 10:39,"1,65",15194.0,United Kingdom
571276,SET OF 12 MINI LOAF BAKING CASES,8,16.10.2011 12:30,"0,83",14702.0,United Kingdom
559157,VINTAGE RED ENAMEL TRIM JUG,4,06.07.2011 15:53,"3,75",13999.0,United Kingdom
564760,GARDENERS KNEELING PAD CUP OF TEA,1,30.08.2011 10:47,"3,29",,United Kingdom
573585,BAG 250g SWIRLY MARBLES,1,31.10.2011 14:41,"1,63",,United Kingdom
570488,GINGHAM HEART DECORATION,5,10.10.2011 17:12,"1,63",14096.0,United Kingdom
571183,STRAWBERRY CERAMIC TRINKET BOX,4,14.10.2011 11:08,"1,25",14796.0,United Kingdom
580612,HANGING HEART ZINC T-LIGHT HOLDER,1,05.12.2011 11:58,"2,08",,United Kingdom
581217,JINGLE BELL HEART DECORATION,3,08.12.2011 09:20,"1,65",,United Kingdom
575176,CHRISTMAS CRAFT TREE TOP ANGEL,1,08.11.2011 18:29,"4,13",,United Kingdom
580137,IVORY WICKER HEART MEDIUM,2,01.12.2011 19:54,"1,25",17566.0,United Kingdom
550128,COFFEE MUG PEARS  DESIGN,1,14.04.2011 13:13,"2,55",,United Kingdom
551340,FRENCH BLUE METAL DOOR SIGN 5,6,27.04.2011 17:23,"1,25",,United Kingdom
573387,WOODEN STAR CHRISTMAS SCANDINAVIAN,1,30.10.2011 14:33,"0,29",15054.0,United Kingdom
572758,SET 6 SCHOOL MILK BOTTLES IN CRATE,1,25.10.2011 18:39,"7,46",,United Kingdom
572726,REGENCY CAKESTAND 3 TIER,2,25.10.2011 15:19,"12,75",16056.0,United Kingdom
547860,WHITE JEWELLED HEART DECORATION,6,27.03.2011 12:21,"0,85",17625.0,United Kingdom
566270,CHRISTMAS CRAFT TREE TOP ANGEL,6,11.09.2011 13:40,"2,1",16523.0,United Kingdom
558068,BLUE OWL SOFT TOY,1,24.06.2011 15:51,"5,79",,United Kingdom
557772,TOILET METAL SIGN,12,22.06.2011 14:47,"0,55",16458.0,United Kingdom
570690,CERAMIC CHERRY CAKE MONEY BANK,1,11.10.2011 16:37,"3,29",,United Kingdom
558475,DOORMAT TOPIARY,2,29.06.2011 15:58,"15,79",,United Kingdom
578936,GREEN REGENCY TEACUP AND SAUCER,7,27.11.2011 13:00,"2,95",16923.0,United Kingdom
565465,BOX OF 6 MINI VINTAGE CRACKERS,6,05.09.2011 09:46,"2,49",15364.0,United Kingdom
575895,MUSICAL ZINC HEART DECORATION,1,11.11.2011 14:50,"0,29",17052.0,United Kingdom
571716,75 GREEN PETIT FOUR CASES,1,18.10.2011 17:05,"0,83",,United Kingdom
579741,CHRISTMAS TABLE SILVER CANDLE SPIKE,6,30.11.2011 14:33,"0,83",16910.0,United Kingdom
561907,TRADITIONAL KNITTING NANCY,12,01.08.2011 10:08,"1,65",14060.0,United Kingdom
536569,SWALLOW WOODEN CHRISTMAS DECORATION,3,01.12.2010 15:35,"0,85",16274.0,United Kingdom
542717,PACK OF 20 NAPKINS PANTRY DESIGN,1,31.01.2011 14:07,"0,85",17580.0,United Kingdom
544928,RED RETROSPOT CHARLOTTE BAG,1,24.02.2011 18:07,"1,63",,United Kingdom
548736,BASKET OF TOADSTOOLS,408,04.04.2011 11:01,"1,06",13984.0,United Kingdom
571735,PAPER CHAIN KIT 50'S CHRISTMAS,40,19.10.2011 10:03,"2,55",14229.0,United Kingdom
560245,BIRD HOUSE HOT WATER BOTTLE,1,17.07.2011 12:15,"2,55",,Switzerland
576659,High Resolution Image,1,16.11.2011 11:09,21,15373.0,United Kingdom
551014,GREEN REGENCY TEACUP AND SAUCER,6,26.04.2011 11:04,"2,95",13209.0,United Kingdom
556189,JUMBO BAG APPLES,20,09.06.2011 11:57,"2,08",15615.0,United Kingdom
537374,GROW YOUR OWN HERBS SET OF 3,3,06.12.2010 12:55,"7,95",17259.0,United Kingdom
569238,PACK OF 60 SPACEBOY CAKE CASES,1,02.10.2011 15:52,"0,55",17954.0,United Kingdom
576254,RED RETROSPOT BOWL,72,14.11.2011 14:02,"1,06",16422.0,United Kingdom
561029,RED  HARMONICA IN BOX,12,24.07.2011 11:25,"1,25",12490.0,France
540463,CREAM FELT EASTER EGG BASKET,6,07.01.2011 13:13,"1,65",12489.0,France
551519,CHILDS GARDEN BRUSH BLUE,6,01.05.2011 11:50,"2,1",14304.0,United Kingdom
580729,SPACEBOY BABY GIFT SET,1,05.12.2011 17:24,"10,79",,United Kingdom
576014,CINAMMON SET OF 9 T-LIGHTS,3,13.11.2011 14:29,"0,85",17218.0,United Kingdom
567654,IVORY DINER WALL CLOCK,2,21.09.2011 14:38,"8,5",16627.0,United Kingdom
546982,LONDON BUS COFFEE MUG,1,18.03.2011 12:26,"2,55",15483.0,United Kingdom
568207,BOX OF 6 MINI VINTAGE CRACKERS,6,25.09.2011 15:34,"2,49",15150.0,United Kingdom
576840,ROTATING SILVER ANGELS T-LIGHT HLDR,1,16.11.2011 15:23,"4,96",,United Kingdom
581217,BELLE JARDINIERE CUSHION COVER,1,08.12.2011 09:20,"10,79",,United Kingdom
558614,BLUE CALCULATOR RULER,6,30.06.2011 15:56,"0,83",,United Kingdom
541859,REGENCY CAKESTAND 3 TIER,1,23.01.2011 15:34,"12,75",14606.0,United Kingdom
578027,SET 36 COLOUR PENCILS DOLLY GIRL,4,22.11.2011 13:29,"1,25",15977.0,United Kingdom
540977,CINAMMON SET OF 9 T-LIGHTS,1,12.01.2011 15:01,"1,66",,United Kingdom
570872,SCANDINAVIAN REDS RIBBONS,2,12.10.2011 16:40,"2,46",,United Kingdom
552532,PINK HAPPY BIRTHDAY BUNTING,6,10.05.2011 09:39,"5,45",15615.0,United Kingdom
536865,FOUR HOOK  WHITE LOVEBIRDS,1,03.12.2010 11:28,"4,21",,United Kingdom
553909,PAPER BUNTING VINTAGE PAISLEY,6,19.05.2011 19:00,"2,95",12951.0,United Kingdom
546096,CHILDREN'S CIRCUS PARADE MUG,12,09.03.2011 11:59,"1,65",15502.0,United Kingdom
541219,BOTTLE BAG RETROSPOT,3,14.01.2011 14:06,"1,63",,United Kingdom
540157,PAPER BUNTING RETROSPOT,1,05.01.2011 11:41,"2,95",15311.0,United Kingdom
536381,PAPER CHAIN KIT RETROSPOT,1,01.12.2010 09:41,"2,95",15311.0,United Kingdom
562540,WOODEN SCHOOL COLOURING SET,3,05.08.2011 15:38,"1,65",17400.0,United Kingdom
568346,SET/4 RED MINI ROSE CANDLE IN BOWL,4,26.09.2011 15:28,"1,63",14096.0,United Kingdom
539920,T-LIGHT HOLDER SWEETHEART HANGING,4,23.12.2010 11:06,"1,95",14085.0,United Kingdom
544591,HERB MARKER THYME,12,21.02.2011 15:20,"0,65",13044.0,United Kingdom
556121,HOT BATHS METAL SIGN,2,09.06.2011 10:09,"2,1",15855.0,United Kingdom
553182,DOORMAT UNION JACK GUNS AND ROSES,10,15.05.2011 12:21,"6,75",17107.0,United Kingdom
577341,GINGHAM HEART DECORATION,12,18.11.2011 15:00,"0,85",16279.0,United Kingdom
575640,PINK VINTAGE PAISLEY PICNIC BAG,1,10.11.2011 14:01,"1,65",13148.0,United Kingdom
549524,HANGING WOOD AND FELT BUTTERFLY,3,08.04.2011 15:42,"0,79",,United Kingdom
549906,SWALLOWS GREETING CARD,12,12.04.2011 16:28,"0,42",14998.0,United Kingdom
578827,LE JARDIN BOTANIQUE CUSHION COVER,2,25.11.2011 14:25,"10,79",,United Kingdom
553496,PINK HAPPY BIRTHDAY BUNTING,3,17.05.2011 12:47,"5,45",14410.0,United Kingdom
551270,PLASTERS IN TIN CIRCUS PARADE,1,27.04.2011 12:35,"1,65",15891.0,United Kingdom
574941,PLAYING CARDS I LOVE LONDON,75,07.11.2011 17:42,"2,95",,United Kingdom
551539,ICE CREAM PEN LIP GLOSS,48,03.05.2011 08:40,"1,25",12598.0,France
560233,TOY TIDY PINK POLKADOT,2,17.07.2011 11:10,"2,1",16813.0,United Kingdom
554933,36 DOILIES DOLLY GIRL,3,27.05.2011 13:26,"1,45",13232.0,United Kingdom
558774,TOY TIDY PINK POLKADOT,1,04.07.2011 10:17,"4,13",,United Kingdom
549431,PACK OF 12 WOODLAND TISSUES,12,08.04.2011 12:17,"0,29",15874.0,United Kingdom
566428,MAGNETS PACK OF 4 SWALLOWS,24,12.09.2011 14:24,"0,39",15932.0,United Kingdom
573286,LADIES & GENTLEMEN METAL SIGN,1,28.10.2011 14:38,"2,55",,Switzerland
567111,6 GIFT TAGS VINTAGE CHRISTMAS,12,16.09.2011 13:37,"0,83",17663.0,United Kingdom
544461,FRENCH TOILET SIGN BLUE METAL,24,20.02.2011 14:08,"1,25",13744.0,United Kingdom
567631,YOU'RE CONFUSING ME METAL SIGN,12,21.09.2011 13:33,"1,69",13350.0,United Kingdom
575073,SET 36 COLOURING PENCILS DOILY,3,08.11.2011 13:10,"1,25",13975.0,United Kingdom
572322,RED FLORAL FELTCRAFT SHOULDER BAG,4,24.10.2011 09:34,"3,75",13138.0,United Kingdom
571564,PLAYING CARDS KEEP CALM & CARRY ON,12,18.10.2011 10:16,"1,25",16019.0,United Kingdom
562584,TEA TIME PARTY BUNTING,4,07.08.2011 14:16,"4,95",13752.0,United Kingdom
571229,CHRISTMAS RETROSPOT TREE WOOD,6,14.10.2011 14:04,"0,85",15453.0,United Kingdom
541986,IVORY DINER WALL CLOCK,2,24.01.2011 15:59,"8,5",17001.0,United Kingdom
572662,SET 36 COLOUR PENCILS SPACEBOY,4,25.10.2011 12:54,"1,25",15443.0,United Kingdom
579777,PACK OF 12 SPACEBOY TISSUES,4,30.11.2011 15:13,"0,83",,United Kingdom
560926,HANGING JAM JAR T-LIGHT HOLDER,16,22.07.2011 09:20,"1,66",,United Kingdom
561085,LUNCH BAG  BLACK SKULL.,10,25.07.2011 09:26,"1,65",14367.0,United Kingdom
561085,JUMBO BAG PINK VINTAGE PAISLEY,10,25.07.2011 09:26,"2,08",14367.0,United Kingdom
542224,VICTORIAN GLASS HANGING T-LIGHT,6,26.01.2011 12:45,"1,25",17888.0,United Kingdom
556781,WRAP RED APPLES,25,14.06.2011 12:47,"0,42",13384.0,United Kingdom
547649,STRAWBERRY LUNCH BOX WITH CUTLERY,6,24.03.2011 12:02,"2,55",18118.0,United Kingdom
556484,WHITE WOOD GARDEN PLANT LADDER,1,12.06.2011 13:17,"9,95",16938.0,United Kingdom
548158,FLOWER VINE RAFFIA FOOD COVER,1,29.03.2011 13:28,"3,75",15906.0,United Kingdom
569544,HEART MIRROR ANTIQUE WHITE,2,04.10.2011 16:33,"15,79",,United Kingdom
567675,BOX OF 6 ASSORTED COLOUR TEASPOONS,1,21.09.2011 15:54,"4,25",15351.0,United Kingdom
571549,HOMEMADE JAM SCENTED CANDLES,12,18.10.2011 08:12,"1,45",13536.0,United Kingdom
568201,SET/6 PURPLE BUTTERFLY T-LIGHTS,3,25.09.2011 14:58,"2,1",14712.0,United Kingdom
575668,TRADITIONAL WOODEN SKIPPING ROPE,1,10.11.2011 14:59,"1,45",18283.0,United Kingdom
577150,SPOTTY BUNTING,11,18.11.2011 09:48,"10,79",,United Kingdom
576840,METAL DECORATION NAUGHTY CHILDREN,4,16.11.2011 15:23,"1,66",,United Kingdom
578757,FELTCRAFT GIRL AMELIE KIT,1,25.11.2011 11:41,"4,95",12748.0,United Kingdom
563615,JUMBO BAG SPACEBOY DESIGN,10,18.08.2011 09:01,"2,08",16945.0,United Kingdom
567192,CAMOUFLAGE LED TORCH,1,19.09.2011 09:20,"1,69",17961.0,United Kingdom
543732,RED RETROSPOT CAKE STAND,1,11.02.2011 12:02,"20,79",,United Kingdom
543099,SMALL GLASS HEART TRINKET POT,96,03.02.2011 12:00,"1,85",16684.0,United Kingdom
562370,DOUGHNUT LIP GLOSS,20,04.08.2011 14:20,"1,25",12626.0,Germany
550470,BOX OF 24 COCKTAIL PARASOLS,1,18.04.2011 13:49,"0,83",,United Kingdom
559923,COSMETIC BAG VINTAGE ROSE PAISLEY,1,13.07.2011 16:07,"1,63",,United Kingdom
540817,HOME BUILDING BLOCK WORD,3,11.01.2011 12:56,"5,95",14209.0,United Kingdom
580730,STAR WOODEN CHRISTMAS DECORATION,5,05.12.2011 17:28,"1,63",,United Kingdom
570236,SCOTTIE DOGS BABY BIB,1,09.10.2011 14:45,"0,39",,United Kingdom
551243,adjust,-53,27.04.2011 11:49,0,,United Kingdom
553485,LARGE IVORY HEART WALL ORGANISER,1,17.05.2011 12:25,"8,25",13208.0,United Kingdom
560878,CHARLOTTE BAG VINTAGE ALPHABET,2,21.07.2011 15:16,"0,85",14410.0,United Kingdom
581168,OFFICE MUG WARMER PINK,12,07.12.2011 14:52,"1,25",16779.0,United Kingdom
575086,RED DRAWER KNOB ACRYLIC EDWARDIAN,12,08.11.2011 13:52,"1,25",16618.0,United Kingdom
563195,FELT EGG COSY BLUE RABBIT,1,12.08.2011 16:36,"1,63",,United Kingdom
568324,SET OF 6 TEA TIME BAKING CASES,8,26.09.2011 13:48,"1,25",16778.0,United Kingdom
569474,PACK OF 12 SPACEBOY TISSUES,6,04.10.2011 12:39,"0,39",14178.0,United Kingdom
556494,RETROSPOT TEA SET CERAMIC 11 PC,2,12.06.2011 14:57,"4,95",17802.0,United Kingdom
563444,CHILDS BREAKFAST SET SPACEBOY,1,16.08.2011 13:50,"9,95",16033.0,United Kingdom
560249,SCANDINAVIAN REDS RIBBONS,1,17.07.2011 12:26,"1,25",17571.0,United Kingdom
537995,HOLIDAY FUN LUDO,4,09.12.2010 11:39,"3,75",12712.0,Germany
540703,TROPICAL  HONEYCOMB PAPER GARLAND,48,11.01.2011 09:58,"2,1",14135.0,United Kingdom
574830,SET 12 KIDS COLOUR  CHALK STICKS,24,07.11.2011 11:21,"0,42",16053.0,United Kingdom
569374,SET/3 CHRISTMAS DECOUPAGE CANDLES,1,03.10.2011 16:14,"2,46",,United Kingdom
577545,TRAVEL CARD WALLET KEEP CALM,6,20.11.2011 14:43,"0,42",16931.0,United Kingdom
580514,SILVER HANGING T-LIGHT HOLDER,10,04.12.2011 14:01,"1,65",16905.0,United Kingdom
559893,72 SWEETHEART FAIRY CAKE CASES,2,13.07.2011 12:06,"0,55",14498.0,United Kingdom
544768,PINK REGENCY TEACUP AND SAUCER,1,23.02.2011 11:10,"5,79",,United Kingdom
563540,WOODLAND PARTY BAG + STICKER SET,8,17.08.2011 12:04,"1,65",12473.0,Germany
543399,"BIRTHDAY CARD, RETRO SPOT",1,08.02.2011 11:07,"0,83",,United Kingdom
561324,DAIRY MAID STRIPE MUG,36,26.07.2011 13:45,"0,79",14414.0,United Kingdom
564479,SPOTTY BUNTING,3,25.08.2011 13:12,"4,95",12682.0,France
568174,BISCUIT TIN VINTAGE RED,1,25.09.2011 13:23,"6,75",16261.0,United Kingdom
579196,COLOUR GLASS T-LIGHT HOLDER HANGING,4,28.11.2011 15:54,"1,24",14096.0,United Kingdom
547664,RED POLKADOT BEAKER,12,24.03.2011 13:16,"0,39",13069.0,United Kingdom
558752,HEART IVORY TRELLIS SMALL,3,03.07.2011 11:40,"1,25",16931.0,United Kingdom
577329,BAKING SET SPACEBOY DESIGN,2,18.11.2011 14:15,"4,95",17779.0,United Kingdom
576329,DAISIES  HONEYCOMB GARLAND,1,14.11.2011 15:22,"3,29",,United Kingdom
537859,CHEST OF DRAWERS GINGHAM HEART,1,08.12.2010 16:11,"16,95",14030.0,United Kingdom
547069,PACK 3 BOXES BIRD PANNETONE,1,20.03.2011 13:52,"1,95",16710.0,United Kingdom
549306,PICNIC BASKET WICKER LARGE,2,08.04.2011 08:48,"9,95",16837.0,United Kingdom
554494,ALARM CLOCK BAKELIKE IVORY,2,24.05.2011 14:00,"3,75",16327.0,United Kingdom
550986,PICNIC BASKET WICKER SMALL,2,21.04.2011 18:06,"10,79",,United Kingdom
551291,GARDEN PATH SKETCHBOOK,16,27.04.2011 14:26,"2,95",14298.0,United Kingdom
572028,ALARM CLOCK BAKELIKE IVORY,4,20.10.2011 11:47,"3,75",15296.0,United Kingdom
565232,CHOCOLATE BOX RIBBONS,1,02.09.2011 09:30,"2,46",,United Kingdom
570514,CHARLOTTE BAG APPLES DESIGN,12,11.10.2011 10:36,"0,85",13089.0,United Kingdom
546648,VINTAGE SNAKES & LADDERS,1,15.03.2011 14:15,"7,46",,United Kingdom
560930,SET OF 12  VINTAGE POSTCARD SET,24,22.07.2011 10:23,"0,65",15829.0,United Kingdom
564760,GIFT BAG BIRTHDAY,1,30.08.2011 10:47,"0,83",,United Kingdom
563589,DOORMAT RED RETROSPOT,20,17.08.2011 19:40,8,17450.0,United Kingdom
567670,GIRAFFE WOODEN RULER,1,21.09.2011 15:32,"4,13",,United Kingdom
552659,CHARLOTTE BAG VINTAGE ALPHABET,1,10.05.2011 15:03,"2,46",,United Kingdom
541280,ORIGAMI LAVENDER INCENSE/CANDL SET,6,17.01.2011 11:57,"2,55",15296.0,United Kingdom
542433,TRADITIONAL MODELLING CLAY,24,28.01.2011 10:45,"1,25",12726.0,France
567306,60 CAKE CASES DOLLY GIRL DESIGN,24,19.09.2011 13:32,"0,55",12752.0,Norway
542255,PACK 20 ENGLISH ROSE PAPER NAPKINS,7,26.01.2011 16:43,"1,63",,United Kingdom
575739,POPPY'S PLAYHOUSE KITCHEN,1,11.11.2011 09:05,"4,13",,United Kingdom
548732,RED DINER WALL CLOCK,2,04.04.2011 10:16,"8,5",16142.0,United Kingdom
548006,CLEAR DRAWER KNOB ACRYLIC EDWARDIAN,12,29.03.2011 10:50,"1,25",18226.0,United Kingdom
544463,CANDLEHOLDER PINK HANGING HEART,1,20.02.2011 14:31,"2,95",12988.0,United Kingdom
540672,S/6 WOODEN SKITTLES IN COTTON BAG,6,10.01.2011 15:51,"2,95",15281.0,United Kingdom
544822,4 PINK DINNER CANDLE SILVER FLOCK,6,24.02.2011 09:08,"2,55",18231.0,United Kingdom
572517,RECIPE BOX RETROSPOT,1,24.10.2011 14:47,"2,95",15068.0,United Kingdom
547809,CHILDS GARDEN TROWEL PINK,2,25.03.2011 13:54,"0,85",12748.0,United Kingdom
557644,REGENCY SUGAR BOWL GREEN,4,21.06.2011 17:06,"8,29",,United Kingdom
551171,"KEY FOB , BACK DOOR",4,26.04.2011 16:45,"0,65",13263.0,United Kingdom
580729,ENGLISH ROSE NOTEBOOK A7 SIZE,2,05.12.2011 17:24,"0,83",,United Kingdom
578696,VINTAGE DOILY JUMBO BAG RED,10,25.11.2011 10:02,"2,08",13985.0,United Kingdom
567679,RED RETROSPOT BUTTER DISH,3,21.09.2011 16:15,"4,95",14606.0,United Kingdom
549023,ENGLISH ROSE SCENTED HANGING FLOWER,4,05.04.2011 16:27,"2,46",,United Kingdom
578683,ZINC FOLKART SLEIGH BELLS,12,25.11.2011 08:55,"1,69",15134.0,United Kingdom
580262,PAPER CHAIN KIT VINTAGE CHRISTMAS,6,02.12.2011 12:42,"2,95",16759.0,United Kingdom
561926,RED RETROSPOT ROUND CAKE TINS,2,01.08.2011 12:48,"9,95",12749.0,United Kingdom
562517,PACK OF 20 NAPKINS RED APPLES,1,05.08.2011 12:27,"0,85",15719.0,United Kingdom
570126,TOILET METAL SIGN,1,07.10.2011 13:16,"0,55",16910.0,United Kingdom
547360,ROSES REGENCY TEACUP AND SAUCER,6,22.03.2011 12:30,"2,95",16135.0,United Kingdom
567280,ROUND SNACK BOXES SET OF 4 FRUITS,48,19.09.2011 11:46,"2,55",14646.0,Netherlands
569208,GLASS APOTHECARY BOTTLE TONIC,1,02.10.2011 11:10,"3,95",16693.0,United Kingdom
549023,DOTCOM POSTAGE,1,05.04.2011 16:27,"185,28",,United Kingdom
537237,GENTLEMAN SHIRT REPAIR KIT,3,06.12.2010 09:58,"1,66",,United Kingdom
574948,ALARM CLOCK BAKELIKE PINK,8,08.11.2011 09:07,"3,75",15805.0,United Kingdom
546438,PACK OF 20 NAPKINS PANTRY DESIGN,96,14.03.2011 09:59,"0,64",15125.0,United Kingdom
561515,SET OF 3 HEART COOKIE CUTTERS,1,27.07.2011 15:16,"2,46",,United Kingdom
567981,CHOCOLATE BOX RIBBONS,1,23.09.2011 11:22,"2,46",,United Kingdom
552974,LUNCH BAG DOILEY PATTERN,10,12.05.2011 13:54,"1,65",16186.0,United Kingdom
548493,ANTIQUE SILVER T-LIGHT GLASS,72,31.03.2011 13:14,"1,06",16839.0,United Kingdom
571276,WALL ART VILLAGE SHOW,2,16.10.2011 12:30,"5,95",14702.0,United Kingdom
545713,ALARM CLOCK BAKELIKE PINK,2,07.03.2011 10:11,"8,29",,United Kingdom
571080,CLASSIC GLASS COOKIE JAR,6,13.10.2011 15:19,"4,15",13719.0,United Kingdom
571714,QUEENS GUARD COFFEE MUG,1,18.10.2011 17:00,"4,96",,United Kingdom
542353,ASSORTED COLOUR BIRD ORNAMENT,8,27.01.2011 12:19,"1,69",16700.0,United Kingdom
567181,TRAVEL CARD WALLET UNION JACK,24,18.09.2011 15:15,"0,42",17750.0,United Kingdom
570688,MIRROR MOSAIC GOBLET CANDLE HOLDER,10,11.10.2011 16:29,"4,13",,United Kingdom
544484,FUNKY DIVA PEN,48,21.02.2011 11:10,"0,85",15321.0,United Kingdom
537775,TROPICAL  HONEYCOMB PAPER GARLAND,12,08.12.2010 12:41,"2,55",17722.0,United Kingdom
578347,CREAM HEART CARD HOLDER,1,24.11.2011 09:26,"8,29",,United Kingdom
561874,JUMBO SHOPPER VINTAGE RED PAISLEY,1,31.07.2011 12:02,"2,08",16255.0,United Kingdom
559034,SKULLS AND CROSSBONES WRAP,25,05.07.2011 14:56,"0,42",13109.0,United Kingdom
561195,METAL SIGN HIS DINNER IS SERVED,4,25.07.2011 13:57,"0,79",14796.0,United Kingdom
575067,ROUND SNACK BOXES SET OF4 WOODLAND,6,08.11.2011 12:45,"2,95",12583.0,France
558924,RED RETROSPOT CHARLOTTE BAG,10,05.07.2011 10:07,"0,85",15785.0,United Kingdom
577161,TOADSTOOL BEDSIDE LIGHT,2,18.11.2011 10:18,"8,95",18210.0,United Kingdom
564666,CARD PSYCHEDELIC APPLES,12,26.08.2011 14:51,"0,42",12492.0,Germany
580115,FRENCH WC SIGN BLUE METAL,1,01.12.2011 16:22,"2,46",,United Kingdom
551163,LARGE RED RETROSPOT WINDMILL,4,26.04.2011 15:52,"2,1",12573.0,France
557112,CHRISTMAS CARD SINGING ANGEL,1,16.06.2011 16:31,"0,42",,United Kingdom
549729,JUMBO BAG RED RETROSPOT,2,11.04.2011 16:17,"2,08",13634.0,United Kingdom
567853,BUFFALO BILL TREASURE BOOK BOX,4,22.09.2011 13:31,"2,25",15484.0,United Kingdom
565840,RIBBON REEL HEARTS DESIGN,1,07.09.2011 12:02,"3,29",,United Kingdom
568709,WRAP PINK FAIRY CAKES,25,28.09.2011 15:42,"0,42",15036.0,United Kingdom
555488,CHARLIE AND LOLA FIGURES TINS,2,03.06.2011 13:43,"1,95",16942.0,United Kingdom
575368,LAUREL STAR ANTIQUE SILVER,2,09.11.2011 15:07,"1,25",14482.0,United Kingdom
543802,PLASTERS IN TIN VINTAGE PAISLEY,2,13.02.2011 12:03,"1,65",13742.0,United Kingdom
577095,SET/6 PINK  BUTTERFLY T-LIGHTS,2,17.11.2011 16:39,"2,1",15867.0,United Kingdom
576081,JUMBO BAG PAISLEY PARK,10,14.11.2011 08:16,"2,08",15203.0,United Kingdom
540026,S/4 CACTI CANDLES,6,04.01.2011 13:25,"4,21",,United Kingdom
539451,ROTATING SILVER ANGELS T-LIGHT HLDR,1,17.12.2010 16:59,"5,06",,United Kingdom
556740,TRAVEL CARD WALLET VINTAGE TICKET,10,14.06.2011 12:06,"0,42",17346.0,United Kingdom
569374,CHRISTMAS HANGING STAR WITH BELL,1,03.10.2011 16:14,"0,83",,United Kingdom
549569,AIRLINE BAG VINTAGE TOKYO 78,1,10.04.2011 15:15,"4,25",15547.0,United Kingdom
572550,SET 6 SCHOOL MILK BOTTLES IN CRATE,2,24.10.2011 17:06,"7,46",,United Kingdom
561209,BAG 250g SWIRLY MARBLES,2,25.07.2011 16:57,"1,63",,United Kingdom
547406,BROCADE RING PURSE,36,23.03.2011 08:26,"0,29",16948.0,United Kingdom
570592,RECIPE BOX BLUE SKETCHBOOK DESIGN,3,11.10.2011 11:37,"6,63",,United Kingdom
537201,6 RIBBONS RUSTIC CHARM,24,05.12.2010 14:19,"1,65",12472.0,Germany
555835,PARTY INVITES FOOTBALL,1,07.06.2011 12:34,"0,85",14525.0,United Kingdom
558614,BEADED CRYSTAL HEART PINK ON STICK,1,30.06.2011 15:56,"0,83",,United Kingdom
552956,DOORMAT KEEP CALM AND COME IN,4,12.05.2011 12:34,"7,95",12431.0,Australia
577008,RABBIT NIGHT LIGHT,4,17.11.2011 12:02,"2,08",16869.0,United Kingdom
572306,TREASURE TIN BUFFALO BILL,1,23.10.2011 15:11,"2,08",17841.0,United Kingdom
538015,CINNAMON SCENTED VOTIVE CANDLE,24,09.12.2010 12:49,"0,29",13240.0,United Kingdom
576201,CHRYSANTHEMUM  JOURNAL,2,14.11.2011 12:18,"2,55",14606.0,United Kingdom
571441,SEASIDE FLYING DISC,2,17.10.2011 13:31,"2,46",14096.0,United Kingdom
536860,STAR DECORATION RUSTIC,10,03.12.2010 10:43,"0,42",16905.0,United Kingdom
581219,SNACK TRAY RED VINTAGE DOILY,3,08.12.2011 09:28,"4,13",,United Kingdom
580673,ASSORTED COLOUR BIRD ORNAMENT,48,05.12.2011 14:30,"1,69",13089.0,United Kingdom
567473,SET OF 16 VINTAGE BLACK CUTLERY,1,20.09.2011 12:50,"12,75",17841.0,United Kingdom
567826,CARD DOLLY GIRL,12,22.09.2011 13:05,"0,42",12877.0,United Kingdom
564170,ASSORTED BOTTLE TOP  MAGNETS,24,23.08.2011 13:59,"0,42",17696.0,United Kingdom
552191,FELTCRAFT GIRL NICOLE KIT,1,06.05.2011 14:12,"4,95",16832.0,United Kingdom
575736,CHRISTMAS METAL POSTCARD WITH BELLS,72,11.11.2011 08:47,"0,39",12697.0,Sweden
542908,BIRD HOUSE HOT WATER BOTTLE,2,01.02.2011 15:24,"2,55",13110.0,United Kingdom
575932,GREEN REGENCY TEACUP AND SAUCER,6,13.11.2011 10:35,"2,95",16923.0,United Kingdom
538071,3D VINTAGE CHRISTMAS STICKERS,1,09.12.2010 14:09,"2,51",,United Kingdom
551014,REVOLVER WOODEN RULER,12,26.04.2011 11:04,"1,95",13209.0,United Kingdom
553141,RED RETROSPOT UMBRELLA,1,13.05.2011 13:01,"5,95",15907.0,United Kingdom
552702,RED POLKADOT BEAKER,3,10.05.2011 16:00,"1,63",,United Kingdom
561329,WOOD 2 DRAWER CABINET WHITE FINISH,2,26.07.2011 13:57,"6,95",15044.0,United Kingdom
574950,CLEAR DRAWER KNOB ACRYLIC EDWARDIAN,4,08.11.2011 09:29,"2,46",,United Kingdom
562153,ALPHABET STENCIL CRAFT,24,03.08.2011 11:21,"1,06",14088.0,United Kingdom
547571,WOODEN UNION JACK BUNTING,6,24.03.2011 09:52,"5,95",16265.0,United Kingdom
576246,WHITE WOOD GARDEN PLANT LADDER,1,14.11.2011 13:42,"9,95",17566.0,United Kingdom
569493,PACK OF 12 TRADITIONAL CRAYONS,24,04.10.2011 13:35,"0,42",13317.0,United Kingdom
575875,SET/10 IVORY POLKADOT PARTY CANDLES,1,11.11.2011 13:06,"0,83",,United Kingdom
569105,JUMBO BAG PEARS,1,30.09.2011 12:35,"2,08",16729.0,United Kingdom
547669,FAIRY SOAP SOAP HOLDER,1,24.03.2011 13:37,"1,69",12748.0,United Kingdom
561051,RECYCLED ACAPULCO MAT RED,10,24.07.2011 13:11,"8,25",16684.0,United Kingdom
545515,PAPER BUNTING RETROSPOT,12,03.03.2011 12:06,"2,95",12727.0,France
545475,LUNCH BAG DOLLY GIRL DESIGN,100,03.03.2011 10:59,"1,45",12415.0,Australia
544453,MIRROR LOVE BIRD T-LIGHT HOLDER,5,20.02.2011 13:06,"3,75",17214.0,United Kingdom
573083,WALL ART 70'S ALPHABET,3,27.10.2011 14:22,"8,25",13735.0,United Kingdom
539010,JUMBO BAG OWLS,2,15.12.2010 13:24,"1,95",15005.0,United Kingdom
566303,HEART MIRROR ANTIQUE WHITE,4,12.09.2011 08:24,"7,5",12997.0,United Kingdom
564060,WRAP PAISLEY PARK,25,22.08.2011 14:37,"0,42",17073.0,United Kingdom
576217,HAND WARMER RED RETROSPOT,1,14.11.2011 12:56,"2,1",17081.0,United Kingdom
577297,TRAVEL CARD WALLET VINTAGE TICKET,1,18.11.2011 12:48,"0,42",14593.0,United Kingdom
554808,BLUE HAPPY BIRTHDAY BUNTING,2,26.05.2011 13:01,"5,45",17059.0,United Kingdom
540468,SMALLFOLKART BAUBLE CHRISTMAS DEC,2,07.01.2011 13:55,"1,66",,United Kingdom
549274,RED RETROSPOT WRAP,25,07.04.2011 13:07,"0,42",12721.0,France
577038,SPACEBOY LUNCH BOX,2,17.11.2011 13:30,"1,95",14796.0,United Kingdom
578347,GUMBALL MAGAZINE RACK,1,24.11.2011 09:26,"14,96",,United Kingdom
545154,PINK REGENCY TEACUP AND SAUCER,6,28.02.2011 13:09,"2,95",12921.0,United Kingdom
579256,72 SWEETHEART FAIRY CAKE CASES,24,29.11.2011 08:07,"0,55",13349.0,United Kingdom
546670,LARGE CIRCULAR MIRROR MOBILE,1,15.03.2011 15:37,"1,25",13451.0,United Kingdom
553125,ZINC PLANT POT HOLDER,8,13.05.2011 12:13,"2,89",17139.0,United Kingdom
578151,HOT WATER BOTTLE TEA AND SYMPATHY,4,23.11.2011 11:18,"4,25",16020.0,United Kingdom
541970,SPACEBOY TV DINNER TRAY,3,24.01.2011 13:48,"4,95",15179.0,United Kingdom
546670,SET OF 3 CAKE TINS PANTRY DESIGN,2,15.03.2011 15:37,"4,95",13451.0,United Kingdom
546933,MINT KITCHEN SCALES,1,18.03.2011 11:02,0,,United Kingdom
551337,RED STRIPE CERAMIC DRAWER KNOB,3,27.04.2011 16:54,"1,25",16418.0,United Kingdom
549939,PINK  HEART CONFETTI IN TUBE,12,13.04.2011 11:46,"1,65",16309.0,United Kingdom
537823,COSY SLIPPER SHOES SMALL  RED,1,08.12.2010 14:25,"5,91",,United Kingdom
541604,72 SWEETHEART FAIRY CAKE CASES,2,19.01.2011 17:23,"0,55",14572.0,United Kingdom
564725,MIRRORED WALL ART STARS,2,28.08.2011 12:28,"0,75",18041.0,United Kingdom
537773,GREY HEART HOT WATER BOTTLE,1,08.12.2010 12:36,"3,75",16016.0,United Kingdom
569374,EMBROIDERED RIBBON REEL CLAIRE,1,03.10.2011 16:14,"7,46",,United Kingdom
547969,JUMBO STORAGE BAG SUKI,3,28.03.2011 16:27,"1,95",17238.0,United Kingdom
549275,LARGE ROUND WICKER PLATTER,1,07.04.2011 13:09,"5,95",15916.0,United Kingdom
550206,GUMBALL MONOCHROME COAT RACK,2,15.04.2011 10:38,"2,46",,United Kingdom
568554,POSTAGE,1,27.09.2011 15:31,28,12455.0,Spain
580639,LUNCH BAG WOODLAND,1,05.12.2011 12:46,"1,65",17254.0,United Kingdom
551014,QUEENS GUARD COFFEE MUG,6,26.04.2011 11:04,"2,55",13209.0,United Kingdom
551879,WOOD S/3 CABINET ANT WHITE FINISH,8,05.05.2011 08:33,"8,95",13831.0,United Kingdom
568668,VINTAGE PAISLEY STATIONERY SET,3,28.09.2011 13:00,"1,25",15750.0,United Kingdom
577181,RED WOOLLY HOTTIE WHITE HEART.,48,18.11.2011 11:35,"3,75",,United Kingdom
562044,MULTICOLOUR HONEYCOMB FAN,12,02.08.2011 10:24,"0,39",16607.0,United Kingdom
550987,200 RED + WHITE BENDY STRAWS,1,21.04.2011 18:10,"2,46",,United Kingdom
552039,SPACEBOY LUNCH BOX,12,06.05.2011 08:10,"1,95",13081.0,United Kingdom
540352,SET OF 4 ENGLISH ROSE PLACEMATS,4,06.01.2011 14:27,"3,36",,United Kingdom
573485,IVORY WICKER HEART LARGE,6,31.10.2011 11:37,"1,65",15752.0,United Kingdom
549976,CHILDREN'S APRON DOLLY GIRL,6,13.04.2011 14:39,"2,1",15855.0,United Kingdom
557897,DOORMAT WELCOME PUPPIES,4,23.06.2011 14:25,"7,95",13881.0,United Kingdom
580546,CHECK,-21,05.12.2011 09:27,0,,United Kingdom
561485,WHITE HANGING HEART T-LIGHT HOLDER,4,27.07.2011 13:42,"2,95",17841.0,United Kingdom
568301,6 RIBBONS ELEGANT CHRISTMAS,5,26.09.2011 12:45,"1,65",16383.0,United Kingdom
575258,CHERRY BLOSSOM  DECORATIVE FLASK,1,09.11.2011 12:00,"3,75",13623.0,United Kingdom
539631,SET OF 3 BUTTERFLY COOKIE CUTTERS,1,20.12.2010 15:03,"2,51",,United Kingdom
557333,PARTY BUNTING,150,20.06.2011 10:25,"4,15",17723.0,United Kingdom
553942,PIGGY BANK RETROSPOT,4,20.05.2011 10:37,"2,55",18055.0,United Kingdom
579694,FRYING PAN PINK POLKADOT,1,30.11.2011 14:11,"8,29",,United Kingdom
541830,BOUDOIR SQUARE TISSUE BOX,1,21.01.2011 17:09,"2,46",,United Kingdom
550437,MULTICOLOUR HONEYCOMB FAN,1,18.04.2011 12:14,"1,65",16923.0,United Kingdom
539631,DOORMAT ENGLISH ROSE,1,20.12.2010 15:03,"14,43",,United Kingdom
540977,HEARTS GIFT TAPE,4,12.01.2011 15:01,"0,43",,United Kingdom
558193,WOODEN OWLS LIGHT GARLAND,48,27.06.2011 12:25,"3,37",16029.0,United Kingdom
574950,ROTATING LEAVES T-LIGHT HOLDER,6,08.11.2011 09:29,"2,46",,United Kingdom
559704,PICNIC BOXES SET OF 3 RETROSPOT,4,12.07.2011 09:54,"4,95",12669.0,France
571899,ROSE 1 WICK MORRIS BOXED CANDLE,3,19.10.2011 14:22,"1,25",16885.0,United Kingdom
579472,BLUE HARMONICA IN BOX,1,29.11.2011 15:09,"1,25",13521.0,United Kingdom
580115,FELT EGG COSY CHICKEN,1,01.12.2011 16:22,"1,63",,United Kingdom
566271,SET OF 4 KNICK KNACK TINS DOILY,6,11.09.2011 13:44,"4,15",14250.0,United Kingdom
550641,WHITE BELL HONEYCOMB PAPER,1,19.04.2011 15:54,"1,65",,United Kingdom
580294,TRADITIONAL NAUGHTS & CROSSES,4,02.12.2011 13:46,"1,65",17364.0,United Kingdom
567968,SET OF 3 HANGING OWLS OLLIE BEAK,12,23.09.2011 09:44,"1,25",12546.0,Spain
580529,SCANDINAVIAN REDS RIBBONS,1,04.12.2011 15:35,"1,25",14658.0,United Kingdom
550477,SET/5 RED RETROSPOT LID GLASS BOWLS,3,18.04.2011 14:01,"2,95",17338.0,United Kingdom
548408,RED RETROSPOT PICNIC BAG,5,31.03.2011 10:26,"2,95",17438.0,United Kingdom
561113,PACK OF 12 RED RETROSPOT TISSUES,12,25.07.2011 12:09,"0,29",17841.0,United Kingdom
562843,RIBBON REEL SNOWY VILLAGE,1,09.08.2011 17:37,"3,29",,United Kingdom
545080,TEA PARTY BIRTHDAY CARD,12,28.02.2011 10:33,"0,42",13004.0,United Kingdom
570247,BICYCLE SAFTEY WALL ART,4,10.10.2011 08:23,"5,95",15193.0,United Kingdom
548735,JUMBO BAG PINK POLKADOT,20,04.04.2011 10:52,"2,08",15039.0,United Kingdom
555835,REGENCY TEA PLATE ROSES,12,07.06.2011 12:34,"1,65",14525.0,United Kingdom
546984,BOX OF 24 COCKTAIL PARASOLS,1,18.03.2011 12:35,"0,42",15019.0,United Kingdom
572912,GLASS JAR PEACOCK BATH SALTS,2,26.10.2011 16:07,"2,95",16915.0,United Kingdom
562770,GREEN REGENCY TEACUP AND SAUCER,6,09.08.2011 11:56,"2,95",17139.0,United Kingdom
556243,WOODEN UNION JACK BUNTING,2,09.06.2011 16:07,"12,46",,United Kingdom
578993,SILVER AND BLACK ORBIT NECKLACE,1,27.11.2011 15:38,"2,95",15987.0,United Kingdom
566060,SET OF 3 HANGING OWLS OLLIE BEAK,1,08.09.2011 15:27,"2,46",,United Kingdom
559311,RED RETROSPOT CHARLOTTE BAG,20,07.07.2011 13:35,"0,85",14459.0,United Kingdom
556243,RED METAL BEACH SPADE,1,09.06.2011 16:07,"2,46",,United Kingdom
539453,DIAMOND LAS VEGAS NECKLACE 45CM,1,17.12.2010 17:08,"5,94",,United Kingdom
573379,REINDEER HEART DECORATION SILVER,12,30.10.2011 14:03,"0,83",15680.0,United Kingdom
579399,MIRRORED WALL ART GENTS,1,29.11.2011 12:09,"0,75",13137.0,United Kingdom
566213,DOLLY GIRL CHILDRENS BOWL,8,09.09.2011 15:09,"1,25",14895.0,United Kingdom
543118,MOUSE TOY WITH PINK T-SHIRT,4,03.02.2011 13:31,"3,75",13842.0,United Kingdom
566914,ASSORTED BOTTLE TOP  MAGNETS,1,15.09.2011 14:08,"0,42",15466.0,United Kingdom
564837,SMALL WHITE HEART OF WICKER,1,30.08.2011 12:40,"3,29",,United Kingdom
569520,PINK CREAM FELT CRAFT TRINKET BOX,12,04.10.2011 14:32,"1,25",17667.0,United Kingdom
559552,MINI WOODEN HAPPY BIRTHDAY GARLAND,1,10.07.2011 16:29,"1,69",16014.0,United Kingdom
559696,LUNCH BAG PINK POLKADOT,3,11.07.2011 16:59,"1,65",15577.0,United Kingdom
549023,BUNNY WOODEN PAINTED WITH BIRD,1,05.04.2011 16:27,"1,63",,United Kingdom
539484,HOME SWEET HOME MUG,12,19.12.2010 15:44,"1,25",15640.0,United Kingdom
559043,SET 12 RETRO WHITE CHALK STICKS,1,05.07.2011 15:35,"0,79",,United Kingdom
572872,FRYING PAN RED RETROSPOT,1,26.10.2011 13:27,"4,25",15320.0,United Kingdom
559051,SET OF 36 DINOSAUR PAPER DOILIES,1,05.07.2011 16:47,"1,25",,United Kingdom
553890,SET OF 36 TEATIME PAPER DOILIES,1,19.05.2011 16:32,"2,92",,United Kingdom
566595,72 SWEETHEART FAIRY CAKE CASES,600,13.09.2011 15:03,"0,42",18251.0,United Kingdom
565472,SET OF 5 PANCAKE DAY MAGNETS,6,05.09.2011 10:15,"2,08",16255.0,United Kingdom
572540,OWL DOORSTOP,1,24.10.2011 16:17,"8,29",,United Kingdom
558386,SET OF 3 BIRD LIGHT PINK FEATHER,24,29.06.2011 09:32,"0,39",14883.0,United Kingdom
579444,VINTAGE DOILY JUMBO BAG RED,10,29.11.2011 13:40,"2,08",13999.0,United Kingdom
571283,STOOL HOME SWEET HOME,1,16.10.2011 13:51,"12,5",16533.0,United Kingdom
560584,FIVE CATS HANGING DECORATION,1,19.07.2011 15:38,"2,95",13827.0,United Kingdom
550477,COFFEE MUG CAT + BIRD DESIGN,6,18.04.2011 14:01,"2,55",17338.0,United Kingdom
541423,SMALL WHITE RETROSPOT MUG IN BOX,1,17.01.2011 17:54,"3,29",,United Kingdom
579472,METAL SIGN HIS DINNER IS SERVED,1,29.11.2011 15:09,"0,79",13521.0,United Kingdom
574856,CHRISTMAS CRAFT LITTLE FRIENDS,14,07.11.2011 12:06,"4,13",,United Kingdom
580058,PACK OF 12 VINTAGE CHRISTMAS TISSUE,24,01.12.2011 13:19,"0,39",14367.0,United Kingdom
551696,RED RETROSPOT OVEN GLOVE,10,03.05.2011 13:39,"1,25",14110.0,United Kingdom
542114,NATURAL SLATE HEART CHALKBOARD,12,25.01.2011 14:00,"2,95",16943.0,United Kingdom
555926,HOMEMADE JAM SCENTED CANDLES,12,07.06.2011 17:34,"1,45",,United Kingdom
545294,TRAVEL CARD WALLET RETRO PETALS,24,01.03.2011 12:07,"0,42",17965.0,United Kingdom
550925,IVORY DINER WALL CLOCK,1,21.04.2011 14:37,"8,5",17061.0,United Kingdom
560926,KINGS CHOICE TEA CADDY,7,22.07.2011 09:20,"2,46",,United Kingdom
561214,MOODY GIRL DOOR HANGER,1,25.07.2011 17:00,"3,29",,United Kingdom
536876,CARD HOLDER GINGHAM HEART,3,03.12.2010 11:36,"2,55",,United Kingdom
557233,ALARM CLOCK BAKELIKE RED,3,17.06.2011 14:44,"3,75",15356.0,United Kingdom
580025,HEART OF WICKER LARGE,1,01.12.2011 11:53,"2,95",15021.0,United Kingdom
541104,SET OF 6 SPICE TINS PANTRY DESIGN,2,13.01.2011 14:29,"8,29",,United Kingdom
566599,PACK OF 20 SKULL PAPER NAPKINS,4,13.09.2011 15:37,"0,85",15998.0,United Kingdom
567160,SET OF TEA COFFEE SUGAR TINS PANTRY,2,18.09.2011 10:35,"4,95",14562.0,United Kingdom
547488,AIRLINE BAG VINTAGE JET SET RED,2,23.03.2011 11:30,"4,25",13821.0,United Kingdom
563019,SWEETHEART RECIPE BOOK STAND,6,11.08.2011 12:58,"6,75",17340.0,United Kingdom
570887,BUBBLEGUM RING ASSORTED,36,13.10.2011 10:25,"0,42",17169.0,United Kingdom
573138,EGG FRYING PAN BLUE,2,27.10.2011 17:22,"2,08",15023.0,United Kingdom
574826,6 RIBBONS ELEGANT CHRISTMAS,1,07.11.2011 10:58,"1,65",15870.0,United Kingdom
566713,WHITE HANGING HEART T-LIGHT HOLDER,6,14.09.2011 12:05,"2,95",15933.0,United Kingdom
562571,MINI CAKE STAND  HANGING STRAWBERY,1,07.08.2011 12:21,"1,65",13782.0,United Kingdom
568696,VINTAGE UNION JACK MEMOBOARD,2,28.09.2011 14:56,"9,95",13842.0,United Kingdom
568551,WICKER WREATH SMALL,12,27.09.2011 14:58,"1,45",14883.0,United Kingdom
574692,CREAM HEART CARD HOLDER,7,06.11.2011 13:28,"3,95",16771.0,United Kingdom
569100,SILVER FLOWR PINK SHELL NECKLACE,3,30.09.2011 12:19,"7,5",12748.0,United Kingdom
542934,LARGE HEART MEASURING SPOONS,36,02.02.2011 11:01,"1,65",13093.0,United Kingdom
549524,SET OF 4 PANTRY JELLY MOULDS,1,08.04.2011 15:42,"2,46",,United Kingdom
578258,FILIGREE HEART BIRD WHITE,5,23.11.2011 13:01,"1,25",13263.0,United Kingdom
561600,FELTCRAFT HAIRBAND RED AND BLUE,2,28.07.2011 11:29,"0,85",15861.0,United Kingdom
553404,RED RETROSPOT CHARLOTTE BAG,10,17.05.2011 08:34,"0,85",14952.0,United Kingdom
567190,HAND WARMER OWL DESIGN,12,19.09.2011 09:14,"2,1",18226.0,United Kingdom
578347,CARD PSYCHEDELIC APPLES,10,24.11.2011 09:26,"0,42",,United Kingdom
563549,PAPER BUNTING RETROSPOT,5,17.08.2011 12:34,"6,63",,United Kingdom
538201,MAGNETS PACK OF 4 RETRO PHOTO,1,10.12.2010 11:12,"1,25",15723.0,United Kingdom
559052,JAM MAKING SET PRINTED,4,05.07.2011 16:53,"3,29",,United Kingdom
576098,50'S CHRISTMAS PAPER GIFT BAG,20,14.11.2011 10:01,"0,82",14862.0,United Kingdom
550626,DOVE DECORATION PAINTED ZINC,5,19.04.2011 14:23,"0,65",13184.0,United Kingdom
569470,BINGO SET,3,04.10.2011 12:25,"3,75",17673.0,United Kingdom
563638,FRENCH KITCHEN SIGN BLUE METAL,2,18.08.2011 10:36,"1,25",15311.0,United Kingdom
537769,ROUND PINK HEART MIRROR,2,08.12.2010 12:17,"2,1",15021.0,United Kingdom
549153,EASTER TIN CHICKS IN GARDEN,6,06.04.2011 15:47,"1,65",13771.0,United Kingdom
571065,RED SPOT CERAMIC DRAWER KNOB,24,13.10.2011 14:59,"1,45",12613.0,Germany
541111,PACK OF 60 PINK PAISLEY CAKE CASES,24,13.01.2011 15:13,"0,55",15687.0,United Kingdom
548920,SPACEBOY CHILDRENS EGG CUP,12,05.04.2011 10:19,"1,25",13018.0,United Kingdom
571203,DOORMAT KEEP CALM AND COME IN,10,14.10.2011 12:33,"7,08",17677.0,United Kingdom
575983,BOX OF 6 MINI 50'S CRACKERS,1,13.11.2011 13:45,"2,49",13379.0,United Kingdom
569246,SET OF 3 WOODEN HEART DECORATIONS,1,03.10.2011 09:57,"2,5",14096.0,United Kingdom
548214,SINGLE HEART ZINC T-LIGHT HOLDER,12,30.03.2011 09:17,"0,95",13720.0,United Kingdom
568696,SMALL WHITE HEART OF WICKER,12,28.09.2011 14:56,"1,65",13842.0,United Kingdom
558896,LUNCH BAG SUKI DESIGN,1,04.07.2011 15:55,"1,65",,United Kingdom
547248,FELT TOADSTOOL  SMALL,10,22.03.2011 09:23,"1,63",,United Kingdom
573329,SCANDINAVIAN REDS RIBBONS,1,30.10.2011 11:19,"1,25",14810.0,United Kingdom
555949,SET OF 6 KASHMIR FOLKART BAUBLES,12,08.06.2011 10:50,"1,65",16626.0,United Kingdom
541711,PICNIC BOXES SET OF 3 RETROSPOT,8,21.01.2011 11:18,"4,95",14646.0,Netherlands
569481,FELTCRAFT PRINCESS OLIVIA DOLL,4,04.10.2011 12:43,"3,75",15255.0,United Kingdom
540645,4 LAVENDER BOTANICAL DINNER CANDLES,12,10.01.2011 14:20,"1,25",14060.0,United Kingdom
559493,SET/6 RED SPOTTY PAPER CUPS,1,08.07.2011 13:53,"1,63",,United Kingdom
564319,GLASS JAR ENGLISH CONFECTIONERY,1,24.08.2011 13:18,"2,95",15059.0,United Kingdom
566291,HAND WARMER BIRD DESIGN,2,11.09.2011 15:31,"2,1",12965.0,United Kingdom
570601,SET OF 12 FAIRY CAKE BAKING CASES,8,11.10.2011 12:08,"0,83",17620.0,United Kingdom
539256,DOORMAT RED RETROSPOT,4,16.12.2010 14:27,"7,95",15601.0,United Kingdom
557643,CHARLIE AND LOLA TABLE TINS,1,21.06.2011 16:36,"8,29",,United Kingdom
558127,BLACK RECORD COVER FRAME,120,27.06.2011 10:42,"3,39",13777.0,United Kingdom
538903,SILVER HANGING T-LIGHT HOLDER,12,15.12.2010 10:17,"1,65",13496.0,United Kingdom
565859,PORCELAIN ROSE SMALL,16,07.09.2011 14:40,"0,85",16818.0,United Kingdom
568531,MAGNETS PACK OF 4 RETRO PHOTO,4,27.09.2011 13:49,"0,39",16713.0,United Kingdom
541421,PINK GLASS CHUNKY CHARM BRACELET,1,17.01.2011 17:44,"9,15",,United Kingdom
580066,VINTAGE SNAP CARDS,12,01.12.2011 13:33,"0,85",14309.0,United Kingdom
575739,CARD CHRISTMAS VILLAGE,2,11.11.2011 09:05,"0,42",,United Kingdom
552666,DOTCOM POSTAGE,1,10.05.2011 15:05,"109,25",,United Kingdom
542121,STEEL SWEETHEART ROUND TABLE CREAM,1,25.01.2011 14:33,"14,95",17515.0,United Kingdom
551811,JUMBO STORAGE BAG SUKI,10,04.05.2011 11:37,"2,08",15039.0,United Kingdom
557877,HANGING ENGRAVED METAL HEART,4,23.06.2011 13:13,"4,15",15379.0,United Kingdom
569129,JUMBO BAG 50'S CHRISTMAS,2,30.09.2011 13:40,"2,08",15034.0,United Kingdom
579472,ROUND CAKE TIN VINTAGE RED,1,29.11.2011 15:09,"7,95",13521.0,United Kingdom
536943,RIBBON REEL MAKING SNOWMEN,1,03.12.2010 12:11,"1,65",17884.0,United Kingdom
555509,VINTAGE CARAVAN GREETING CARD,12,03.06.2011 17:07,"0,42",13435.0,United Kingdom
578315,CAKE STAND 3 TIER MAGIC GARDEN,2,23.11.2011 16:34,"12,75",17725.0,United Kingdom
549182,WRAP I LOVE LONDON,25,07.04.2011 09:12,"0,42",15646.0,United Kingdom
537434,SET OF PICTURE FRAME  STICKERS,1,06.12.2010 16:57,"5,91",,United Kingdom
553211,PICNIC BASKET WICKER LARGE,2,16.05.2011 09:40,"9,95",15358.0,United Kingdom
539728,RETROSPOT TEA SET CERAMIC 11 PC,3,21.12.2010 14:26,"4,95",16270.0,United Kingdom
580979,SET OF 3 WOODEN SLEIGH DECORATIONS,12,06.12.2011 15:40,"1,25",12362.0,Belgium
548178,TEA TIME PARTY BUNTING,12,29.03.2011 14:35,"4,95",14367.0,United Kingdom
575164,SMALL PARISIENNE HEART PHOTO FRAME,8,08.11.2011 16:55,"2,49",18216.0,United Kingdom
536378,RED CHARLIE+LOLA PERSONAL DOORSIGN,96,01.12.2010 09:37,"0,38",14688.0,United Kingdom
549567,JUMBO  BAG BAROQUE BLACK WHITE,2,10.04.2011 15:07,"2,08",13632.0,United Kingdom
545054,PAINTED METAL HEART WITH HOLLY BELL,1,27.02.2011 12:41,"1,45",14472.0,United Kingdom
568719,MODERN FLORAL STATIONERY SET,2,28.09.2011 16:19,"2,46",,United Kingdom
557954,LOVE BUILDING BLOCK WORD,1,23.06.2011 18:44,"5,95",15023.0,United Kingdom
580727,S/4 IVORY MINI ROSE CANDLE IN BOWL,6,05.12.2011 17:17,"1,63",14096.0,United Kingdom
542103,SET 6 FOOTBALL CELEBRATION CANDLES,12,25.01.2011 13:26,"1,25",13198.0,United Kingdom
572901,GIANT 50'S CHRISTMAS CRACKER,2,26.10.2011 14:54,"2,89",16332.0,United Kingdom
549052,ANT WHITE WIRE HEART SPIRAL,5,06.04.2011 10:19,"3,95",17682.0,United Kingdom
558461,HERB MARKER PARSLEY,2,29.06.2011 15:03,"0,65",13263.0,United Kingdom
579938,HEART FILIGREE DOVE  SMALL,24,01.12.2011 10:18,"1,25",14146.0,United Kingdom
541137,"RECORD FRAME 7"" SINGLE SIZE",60,14.01.2011 10:39,"2,1",13777.0,United Kingdom
537065,ALARM CLOCK BAKELIKE RED,4,05.12.2010 11:57,"3,75",12567.0,France
552336,CHARLIE AND LOLA FIGURES TINS,12,09.05.2011 11:26,"1,95",15159.0,United Kingdom
547075,FRENCH BLUE METAL DOOR SIGN 6,10,20.03.2011 14:35,"1,25",15288.0,United Kingdom
571105,SET 36 COLOUR PENCILS DOLLY GIRL,4,13.10.2011 16:01,"1,25",17614.0,United Kingdom
550659,GIN & TONIC DIET GREETING CARD,12,20.04.2011 09:02,"0,42",17730.0,United Kingdom
548188,TRAVEL CARD WALLET RETRO PETALS,3,29.03.2011 15:12,"0,42",13263.0,United Kingdom
576190,RECYCLED ACAPULCO MAT GREEN,1,14.11.2011 11:46,"8,25",15039.0,United Kingdom
578057,VINTAGE LEAF MAGNETIC NOTEPAD,1,22.11.2011 15:05,"1,45",12920.0,United Kingdom
539259,PACK OF 12 COLOURED PENCILS,12,16.12.2010 14:32,"0,85",13050.0,United Kingdom
550636,WASHROOM METAL SIGN,1,19.04.2011 15:37,"2,46",,United Kingdom
565432,PAPER CHAIN KIT VINTAGE CHRISTMAS,2,04.09.2011 13:16,"2,95",16241.0,United Kingdom
545464,MIDNIGHT GLAMOUR SCARF KNITTING KIT,1,03.03.2011 09:10,"2,46",,United Kingdom
551152,SPACEBOY CHILDRENS EGG CUP,1,26.04.2011 14:47,"1,25",13230.0,United Kingdom
562922,PACK OF 12 PINK POLKADOT TISSUES,24,10.08.2011 14:26,"0,29",12594.0,Italy
560104,RIBBON REEL POLKADOTS,1,14.07.2011 18:56,"1,65",17921.0,United Kingdom
570871,REINDEER HEART DECORATION SILVER,10,12.10.2011 16:36,"1,63",,United Kingdom
555076,HERB MARKER CHIVES,12,31.05.2011 12:11,"0,65",13900.0,United Kingdom
556780,CHILDRENS CUTLERY POLKADOT BLUE,3,14.06.2011 12:46,"4,15",14524.0,United Kingdom
538040,BALLOON PUMP WITH 10 BALLOONS,3,09.12.2010 13:08,"1,95",16520.0,United Kingdom
546527,WOODLAND CHARLOTTE BAG,20,14.03.2011 13:00,"0,72",15061.0,United Kingdom
556641,RECYCLED ACAPULCO MAT TURQUOISE,2,13.06.2011 15:44,"8,25",13663.0,United Kingdom
544768,BLACK MINI TAPE MEASURE,1,23.02.2011 11:10,"1,63",,United Kingdom
580367,JUMBO STORAGE BAG SUKI,1,02.12.2011 16:39,"4,13",,United Kingdom
570818,PAPER BUNTING RETROSPOT,5,12.10.2011 12:47,"2,95",17841.0,United Kingdom
580983,POPPY'S PLAYHOUSE BEDROOM,1,06.12.2011 16:26,"4,13",,United Kingdom
564755,VINTAGE CHRISTMAS CAKE FRILL,1,30.08.2011 10:31,"3,29",,United Kingdom
541596,FELTCRAFT DOLL ROSIE,2,19.01.2011 16:18,"2,95",17602.0,United Kingdom
554937,WATERING CAN GARDEN MARKER,10,27.05.2011 13:32,"1,25",15402.0,United Kingdom
565219,WOODEN SCHOOL COLOURING SET,12,01.09.2011 18:07,"1,65",14420.0,United Kingdom
565850,ENCHANTED BIRD COATHANGER 5 HOOK,2,07.09.2011 12:55,"4,65",14530.0,United Kingdom
538881,BATHROOM METAL SIGN,1,14.12.2010 15:54,"1,28",,United Kingdom
570465,ROLL WRAP 50'S CHRISTMAS,1,10.10.2011 16:02,"2,46",,United Kingdom
541238,LARGE PURPLE BABUSHKA NOTEBOOK,1,16.01.2011 10:42,"1,25",16746.0,United Kingdom
576025,CHRISTMAS PUDDING TRINKET POT,1,13.11.2011 14:34,"0,39",13232.0,United Kingdom
544203,SMALL SKULL WINDMILL,12,17.02.2011 10:30,"1,25",12362.0,Belgium
552532,SPOTTY BUNTING,6,10.05.2011 09:39,"4,95",15615.0,United Kingdom
541839,4 TRADITIONAL SPINNING TOPS,2,23.01.2011 11:15,"1,25",17769.0,United Kingdom
579297,TRADITIONAL KNITTING NANCY,3,29.11.2011 11:23,"3,29",,United Kingdom
551395,"FANCY FONT BIRTHDAY CARD,",12,28.04.2011 12:47,"0,42",14271.0,United Kingdom
559669,MINI CAKE STAND WITH HANGING CAKES,8,11.07.2011 13:47,"1,45",16332.0,United Kingdom
580727,CHRISTMAS STAR WISH LIST CHALKBOARD,6,05.12.2011 17:17,"2,46",14096.0,United Kingdom
579091,LIGHT GARLAND BUTTERFILES PINK,4,28.11.2011 10:49,"4,25",14893.0,United Kingdom
572935,ALARM CLOCK BAKELIKE IVORY,4,27.10.2011 10:26,"3,75",14189.0,United Kingdom
554948,POPPY'S PLAYHOUSE KITCHEN,6,27.05.2011 14:29,"2,1",14447.0,United Kingdom
562218,WHITE HANGING HEART T-LIGHT HOLDER,12,03.08.2011 14:07,"2,95",13851.0,United Kingdom
544158,GIN + TONIC DIET METAL SIGN,6,16.02.2011 12:47,"2,55",14944.0,United Kingdom
576658,RED ENCHANTED FOREST PLACEMAT,8,16.11.2011 11:05,"1,65",14534.0,United Kingdom
566293,WRAP ALPHABET DESIGN,25,11.09.2011 15:35,"0,42",14533.0,United Kingdom
552234,CARD BIRTHDAY COWBOY,1,06.05.2011 16:01,"0,83",,United Kingdom
540014,ZINC WILLIE WINKIE  CANDLE STICK,1,04.01.2011 11:34,"0,85",14606.0,United Kingdom
542617,PACK OF 12 HEARTS DESIGN TISSUES,12,30.01.2011 15:48,"0,29",17463.0,United Kingdom
542147,LOLITA  DESIGN  COTTON TOTE BAG,6,26.01.2011 10:02,"2,25",12782.0,Portugal
540468,SET OF 16 VINTAGE SKY BLUE CUTLERY,1,07.01.2011 13:55,"8,47",,United Kingdom
561897,METAL 4 HOOK HANGER FRENCH CHATEAU,2,31.07.2011 15:24,"2,95",17841.0,United Kingdom
564342,PARTY METAL SIGN,3,24.08.2011 14:53,"1,45",16340.0,United Kingdom
545035,JUMBO BAG SCANDINAVIAN BLUE PAISLEY,10,25.02.2011 17:03,"1,95",15078.0,United Kingdom
565465,CHRISTMAS STAR WISH LIST CHALKBOARD,12,05.09.2011 09:46,"1,25",15364.0,United Kingdom
574304,SET 36 COLOURING PENCILS DOILY,1,03.11.2011 16:30,"1,25",14428.0,United Kingdom
577128,CARDHOLDER HOLLY WREATH METAL,1,17.11.2011 19:48,"3,75",14508.0,United Kingdom
561485,VIP PASSPORT COVER,4,27.07.2011 13:42,"2,1",17841.0,United Kingdom
552694,SET/5 RED RETROSPOT LID GLASS BOWLS,6,10.05.2011 15:25,"2,95",12749.0,United Kingdom
539050,SET OF 20 VINTAGE CHRISTMAS NAPKINS,1,15.12.2010 16:21,"0,85",12577.0,France
581439,GUMBALL MAGAZINE RACK,1,08.12.2011 16:30,"14,96",,United Kingdom
555002,LUNCH BAG SUKI DESIGN,10,31.05.2011 08:50,"1,65",17682.0,United Kingdom
563557,NATURAL SLATE CHALKBOARD LARGE,3,17.08.2011 13:33,"4,95",15786.0,United Kingdom
543474,RED RETROSPOT TRADITIONAL TEAPOT,1,08.02.2011 15:09,"7,95",14415.0,United Kingdom
555091,BLUE POLKADOT GARDEN PARASOL,2,31.05.2011 12:50,"7,95",12748.0,United Kingdom
568197,JUMBO BAG OWLS,10,25.09.2011 14:52,"2,08",16746.0,United Kingdom
536536,RETROSPOT HEART HOT WATER BOTTLE,3,01.12.2010 13:45,"4,95",18144.0,United Kingdom
551855,JUMBO BAG SPACEBOY DESIGN,5,04.05.2011 15:08,"2,08",12836.0,United Kingdom
553767,JUMBO BAG DOLLY GIRL DESIGN,1,19.05.2011 10:46,"4,13",,United Kingdom
544294,GIN & TONIC DIET GREETING CARD,12,17.02.2011 12:42,"0,42",15601.0,United Kingdom
547490,GREEN EASTER EGG HUNT START POST,1,23.03.2011 11:48,"1,95",17507.0,United Kingdom
545035,GIN + TONIC DIET METAL SIGN,12,25.02.2011 17:03,"2,55",15078.0,United Kingdom
540179,HAND OVER THE CHOCOLATE   SIGN,4,05.01.2011 12:54,"2,1",16033.0,United Kingdom
574575,SET OF 6 RIBBONS VINTAGE CHRISTMAS,1,04.11.2011 17:03,"2,89",14971.0,United Kingdom
556102,LUNCH BAG ALPHABET DESIGN,10,08.06.2011 16:15,"1,65",13115.0,United Kingdom
566275,6 RIBBONS ELEGANT CHRISTMAS,1,11.09.2011 13:58,"1,65",16549.0,United Kingdom
572073,CHRISTMAS HANGING STAR WITH BELL,20,20.10.2011 13:46,"0,39",13263.0,United Kingdom
554514,CHOCOLATE HOT WATER BOTTLE,1,24.05.2011 15:58,"10,79",,United Kingdom
544681,ILLUSTRATED CAT BOWL,1,22.02.2011 16:28,"4,96",,United Kingdom
568134,"AIRLINE LOUNGE,METAL SIGN",1,23.09.2011 17:02,"1,63",,United Kingdom
557469,DOVE DECORATION PAINTED ZINC,6,20.06.2011 13:18,"0,65",12904.0,United Kingdom
570672,CHILDS BREAKFAST SET DOLLY GIRL,2,11.10.2011 14:52,"9,95",12536.0,France
573585,TRAVEL CARD WALLET SKULLS,4,31.10.2011 14:41,"0,83",,United Kingdom
576779,ANTIQUE GLASS PLACE SETTING,10,16.11.2011 13:25,"1,25",14554.0,United Kingdom
579561,VINTAGE DOILY JUMBO BAG RED,2,30.11.2011 11:32,"2,08",16115.0,United Kingdom
540480,CHILDREN'S SPACEBOY MUG,12,07.01.2011 15:27,"1,65",12480.0,Germany
573905,SET OF 16 VINTAGE PISTACHIO CUTLERY,1,01.11.2011 15:06,"12,75",16971.0,United Kingdom
543165,FELTCRAFT BUTTERFLY HEARTS,3,03.02.2011 19:58,"1,45",13230.0,United Kingdom
538349,RED RETROSPOT CHILDRENS UMBRELLA,1,10.12.2010 14:59,"6,77",,United Kingdom
559496,SALLE DE BAIN HOOK,1,08.07.2011 13:54,"2,46",,United Kingdom
581404,CINAMMON & ORANGE WREATH,3,08.12.2011 13:47,"6,75",13680.0,United Kingdom
564483,SET OF 20 KIDS COOKIE CUTTERS,12,25.08.2011 13:46,"2,1",14050.0,United Kingdom
569252,PARISIENNE JEWELLERY DRAWER,2,03.10.2011 10:38,"7,5",14333.0,United Kingdom
569137,JUMBO STORAGE BAG SUKI,12,30.09.2011 14:45,"4,13",,United Kingdom
546498,PINK OVAL JEWELLED MIRROR,2,14.03.2011 11:44,"5,95",15493.0,United Kingdom
552545,CHARLOTTE BAG APPLES DESIGN,10,10.05.2011 10:30,"0,85",13320.0,United Kingdom
572734,PENS ASSORTED FUNNY FACE,360,25.10.2011 15:34,"0,19",13694.0,United Kingdom
574716,HEART DECORATION RUSTIC HANGING,1,06.11.2011 14:33,"0,19",14502.0,United Kingdom
581150,GOLD EAR MUFF HEADPHONES,1,07.12.2011 14:12,"1,95",17266.0,United Kingdom
549178,,-19,06.04.2011 17:33,0,,United Kingdom
567792,ROLL WRAP VINTAGE CHRISTMAS,12,22.09.2011 11:40,"1,25",17581.0,United Kingdom
578678,SET OF 6 T-LIGHTS TOADSTOOLS,1,24.11.2011 19:59,"2,95",17841.0,United Kingdom
552193,PLASTERS IN TIN CIRCUS PARADE,12,06.05.2011 14:22,"1,65",15114.0,United Kingdom
580875,CERAMIC STRAWBERRY CAKE MONEY BANK,36,06.12.2011 12:11,"0,39",17744.0,United Kingdom
537470,REGENCY CAKESTAND 3 TIER,4,07.12.2010 10:47,"12,75",15018.0,United Kingdom
536876,GLAMOROUS  MUG,2,03.12.2010 11:36,"3,36",,United Kingdom
567183,GLASS APOTHECARY BOTTLE TONIC,3,18.09.2011 15:33,"3,95",14769.0,United Kingdom
581492,COFFEE MUG CAT + BIRD DESIGN,1,09.12.2011 10:03,"4,96",,United Kingdom
570167,36 PENCILS TUBE RED RETROSPOT,16,07.10.2011 14:04,"1,25",15615.0,United Kingdom
564754,HANGING JAM JAR T-LIGHT HOLDERS,4,30.08.2011 10:29,"1,66",,United Kingdom
573137,JUMBO BAG WOODLAND ANIMALS,1,27.10.2011 17:15,"4,13",,United Kingdom
567296,TRAVEL CARD WALLET KEEP CALM,24,19.09.2011 12:19,"0,42",12682.0,France
559064,HOME SWEET HOME METAL SIGN,12,06.07.2011 10:15,"2,95",15673.0,United Kingdom
569148,VINTAGE SNAKES & LADDERS,4,30.09.2011 15:52,"3,75",16613.0,United Kingdom
564050,LUNCH BAG WOODLAND,10,22.08.2011 13:32,"1,65",17160.0,United Kingdom
570465,WALL ART TREASURE AHOY,1,10.10.2011 16:02,"7,46",,United Kingdom
563193,LUNCH BAG SPACEBOY DESIGN,1,12.08.2011 16:30,"4,13",,United Kingdom
578041,72 SWEETHEART FAIRY CAKE CASES,4,22.11.2011 14:23,"0,55",17338.0,United Kingdom
541508,JUMBO BAG SPACEBOY DESIGN,1,18.01.2011 16:06,"4,96",,United Kingdom
570420,SET OF 20 KIDS COOKIE CUTTERS,1,10.10.2011 13:33,"2,1",17841.0,United Kingdom
544681,NATURAL SLATE CHALKBOARD LARGE,2,22.02.2011 16:28,"9,96",,United Kingdom
550464,DOLLY MIXTURE CHILDREN'S UMBRELLA,2,18.04.2011 13:30,"3,25",16550.0,United Kingdom
569910,LUNCH BAG CARS BLUE,10,06.10.2011 16:47,"1,65",17139.0,United Kingdom
580983,6 RIBBONS SHIMMERING PINKS,4,06.12.2011 16:26,"1,25",,United Kingdom
558751,36 FOIL STAR CAKE CASES,6,03.07.2011 11:26,"2,1",16009.0,United Kingdom
560504,LUNCH BAG DOLLY GIRL DESIGN,20,19.07.2011 11:47,"1,65",13081.0,United Kingdom
540551,RETRO LONGBOARD IRONING BOARD COVER,1,10.01.2011 09:43,"3,36",,United Kingdom
559493,JUMBO SHOPPER VINTAGE RED PAISLEY,4,08.07.2011 13:53,"4,13",,United Kingdom
549825,POSTAGE,2,12.04.2011 12:47,18,12463.0,Belgium
561885,ORIGAMI JASMINE INCENSE/CANDLE SET,1,31.07.2011 13:13,"0,85",15532.0,United Kingdom
549129,6 ROCKET BALLOONS,10,06.04.2011 14:53,"0,65",17042.0,United Kingdom
565233,LUNCH BAG  BLACK SKULL.,4,02.09.2011 09:34,"4,13",,United Kingdom
563431,DOORMAT ENGLISH ROSE,2,16.08.2011 12:00,"7,95",16266.0,United Kingdom
542110,ALARM CLOCK BAKELIKE GREEN,4,25.01.2011 13:46,"3,75",14189.0,United Kingdom
544071,WRAP WEDDING DAY,25,15.02.2011 14:30,"0,42",16317.0,United Kingdom
538641,JUMBO STORAGE BAG SUKI,20,13.12.2010 14:36,"1,95",15640.0,United Kingdom
576840,PETIT TRAY CHIC,1,16.11.2011 15:23,"3,29",,United Kingdom
578942,LANDMARK FRAME CAMDEN TOWN,1,27.11.2011 13:29,"12,5",17288.0,United Kingdom
579711,DELUXE SEWING KIT,1,30.11.2011 14:17,"5,95",15060.0,United Kingdom
576984,ROTATING SILVER ANGELS T-LIGHT HLDR,36,17.11.2011 11:54,"2,55",14332.0,United Kingdom
566233,BIRTHDAY PARTY CORDON BARRIER TAPE,12,11.09.2011 11:04,"1,25",12635.0,Germany
562432,JUMBO BAG RED RETROSPOT,10,04.08.2011 17:38,"2,08",14004.0,United Kingdom
576837,PENS ASSORTED FUNKY JEWELED,12,16.11.2011 15:16,"0,42",,United Kingdom
575949,ZINC FOLKART SLEIGH BELLS,72,13.11.2011 11:51,"1,49",16711.0,United Kingdom
559607,RECYCLED ACAPULCO MAT PINK,2,11.07.2011 11:39,"8,25",12681.0,France
538855,ROUND SNACK BOXES SET OF 4 SKULLS,6,14.12.2010 13:50,"2,95",16503.0,United Kingdom
555924,JUMBO BAG APPLES,5,07.06.2011 17:12,"4,13",,United Kingdom
562053,BLACK CHAMPAGNE GLASS,96,02.08.2011 12:11,"0,39",16701.0,United Kingdom
579471,MINI LIGHTS WOODLAND MUSHROOMS,2,29.11.2011 15:08,"7,46",,United Kingdom
562558,PARTY BUNTING,3,05.08.2011 16:43,"4,95",13451.0,United Kingdom
564906,POSTAGE,2,31.08.2011 12:18,18,12682.0,France
559816,HANGING HEART JAR T-LIGHT HOLDER,1,12.07.2011 16:11,"2,46",,United Kingdom
538167,INFLATABLE POLITICAL GLOBE,12,09.12.2010 18:58,"0,85",14713.0,United Kingdom
545667,RED RETROSPOT OVEN GLOVE,1,04.03.2011 16:07,"2,46",,United Kingdom
556578,GUMBALL COAT RACK,6,13.06.2011 14:13,"2,55",12472.0,Germany
565445,SILVER HEARTS TABLE DECORATION,4,04.09.2011 14:50,"0,83",13548.0,United Kingdom
575176,BUTTERFLIES STICKERS,1,08.11.2011 18:29,"1,63",,United Kingdom
577485,72 SWEETHEART FAIRY CAKE CASES,2,20.11.2011 11:56,"0,55",16360.0,United Kingdom
567973,ORANGE SCENTED SET/9 T-LIGHTS,12,23.09.2011 10:17,"0,85",13994.0,United Kingdom
561334,JUMBO BAG VINTAGE LEAF,1,26.07.2011 14:27,"2,08",15440.0,United Kingdom
569659,COOK WITH WINE METAL SIGN,12,05.10.2011 13:04,"2,08",14099.0,United Kingdom
544110,CLASSIC METAL BIRDCAGE PLANT HOLDER,1,16.02.2011 11:03,"12,75",15059.0,United Kingdom
553549,SET/20 RED RETROSPOT PAPER NAPKINS,1,17.05.2011 16:09,"1,63",,United Kingdom
539434,4 IVORY DINNER CANDLES SILVER FLOCK,6,17.12.2010 14:41,"3,36",,United Kingdom
546133,PACK OF 60 SPACEBOY CAKE CASES,24,09.03.2011 15:20,"0,55",14291.0,United Kingdom
580129,HAND WARMER OWL DESIGN,12,01.12.2011 18:03,"2,1",17426.0,United Kingdom
578155,TRADITIONAL KNITTING NANCY,2,23.11.2011 11:32,"1,65",12748.0,United Kingdom
564090,FAMILY PHOTO FRAME CORNICE,2,23.08.2011 09:53,"9,95",17041.0,United Kingdom
565233,WOOD BLACK BOARD ANT WHITE FINISH,1,02.09.2011 09:34,"16,63",,United Kingdom
580367,PANTRY APPLE CORER,1,02.12.2011 16:39,"2,92",,United Kingdom
557747,DOORMAT VINTAGE LEAVES DESIGN,2,22.06.2011 12:25,"7,95",13611.0,United Kingdom
572316,CITRONELLA CANDLE FLOWERPOT,1,23.10.2011 16:13,"2,1",17836.0,United Kingdom
560926,NUMBER TILE VINTAGE FONT 9,1,22.07.2011 09:20,"4,13",,United Kingdom
540681,WOOD STAMP SET THANK YOU,2,10.01.2011 16:25,"1,66",,United Kingdom
569897,NATURAL SLATE HEART CHALKBOARD,3,06.10.2011 16:01,"2,95",17813.0,United Kingdom
576696,ZINC FOLKART SLEIGH BELLS,6,16.11.2011 12:26,"1,69",16669.0,United Kingdom
537034,SET OF 72 SKULL PAPER  DOILIES,12,03.12.2010 17:20,"1,45",13081.0,United Kingdom
536532,MINI JIGSAW CIRCUS PARADE,24,01.12.2010 13:24,"0,42",12433.0,Norway
573886,BOOZE & WOMEN GREETING CARD,12,01.11.2011 13:37,"0,42",14401.0,United Kingdom
578067,VINTAGE SNAP CARDS,3,22.11.2011 15:43,"1,63",,United Kingdom
571544,TRAVEL CARD WALLET I LOVE LONDON,3,17.10.2011 16:53,"0,42",17757.0,United Kingdom
552108,JUMBO STORAGE BAG SUKI,1,06.05.2011 11:36,"2,08",17841.0,United Kingdom
550972,RED METAL BEACH SPADE,1,21.04.2011 17:05,"1,25",14031.0,United Kingdom
575930,DOLLY GIRL LUNCH BOX,1,11.11.2011 17:58,"4,13",,United Kingdom
567873,BOX OF 6 MINI VINTAGE CRACKERS,6,22.09.2011 14:25,"2,49",13055.0,United Kingdom
569469,LOVE HOT WATER BOTTLE,2,04.10.2011 12:22,"5,95",16360.0,United Kingdom
571662,HI TEC ALPINE HAND WARMER,30,18.10.2011 12:54,"0,79",14861.0,United Kingdom
559338,36 PENCILS TUBE RED RETROSPOT,12,07.07.2011 16:30,"2,46",,United Kingdom
563831,GLASS APOTHECARY BOTTLE ELIXIR,8,19.08.2011 12:23,"3,95",18081.0,United Kingdom
566971,LARGE RED BABUSHKA NOTEBOOK,12,16.09.2011 09:03,"1,25",12963.0,United Kingdom
575177,RETROSPOT PADDED SEAT CUSHION,1,08.11.2011 18:41,"7,46",,United Kingdom
560285,HEART DECORATION WITH PEARLS,12,18.07.2011 09:21,"0,85",14944.0,United Kingdom
577733,PAPER CHAIN KIT VINTAGE CHRISTMAS,3,21.11.2011 13:10,"2,95",15163.0,United Kingdom
580048,PACK OF 12 COLOURED PENCILS,2,01.12.2011 12:53,"0,85",12748.0,United Kingdom
572490,VINTAGE CHRISTMAS BUNTING,2,24.10.2011 13:59,"4,95",14467.0,United Kingdom
554542,SET 6 PAPER TABLE LANTERN HEARTS,6,25.05.2011 08:32,"3,75",15194.0,United Kingdom
544799,LUNCH BAG RED RETROSPOT,10,23.02.2011 13:45,"1,65",17063.0,United Kingdom
546426,LUNCH BAG CARS BLUE,4,13.03.2011 13:46,"1,65",13708.0,United Kingdom
553655,HANGING HEART JAR T-LIGHT HOLDER,6,18.05.2011 11:14,"1,25",16775.0,United Kingdom
568060,HAPPY STENCIL CRAFT,1,23.09.2011 13:11,"1,25",14546.0,United Kingdom
568659,MEDIUM CERAMIC TOP STORAGE JAR,12,28.09.2011 12:28,"1,25",13516.0,United Kingdom
568993,JUMBO BAG 50'S CHRISTMAS,10,29.09.2011 16:51,"2,08",15062.0,United Kingdom
538844,LUNCH BAG PINK POLKADOT,20,14.12.2010 13:19,"1,65",14680.0,United Kingdom
572196,WALL ART BIG LOVE,120,21.10.2011 11:54,"4,77",18102.0,United Kingdom
557937,SET OF 60 PANTRY DESIGN CAKE CASES,2,23.06.2011 15:30,"1,25",,United Kingdom
564436,OVERNIGHT BAG VINTAGE ROSE PAISLEY,1,25.08.2011 12:06,"4,95",17841.0,United Kingdom
569246,PACK OF 12 PINK POLKADOT TISSUES,2,03.10.2011 09:57,"0,83",14096.0,United Kingdom
554950,CHARLOTTE BAG VINTAGE ALPHABET,10,27.05.2011 14:48,"0,85",14227.0,United Kingdom
540701,WHITE HANGING HEART T-LIGHT HOLDER,32,11.01.2011 09:48,"2,55",15640.0,United Kingdom
567980,DOORMAT WELCOME SUNRISE,1,23.09.2011 11:22,"8,25",15311.0,United Kingdom
558077,SET 12 KIDS  WHITE CHALK STICKS,48,26.06.2011 10:59,"0,42",13408.0,United Kingdom
537265,MOROCCAN TEA GLASS,12,06.12.2010 11:26,"0,85",15919.0,United Kingdom
567175,VICTORIAN SEWING BOX MEDIUM,2,18.09.2011 13:38,"7,95",13067.0,United Kingdom
573373,JINGLE BELL HEART DECORATION,1,30.10.2011 13:37,"1,65",14684.0,United Kingdom
569555,VINTAGE SNAP CARDS,12,05.10.2011 08:17,"0,85",17728.0,United Kingdom
536876,EIGHT PIECE SNAKE  SET,1,03.12.2010 11:36,"2,51",,United Kingdom
540026,SET/4 BADGES CUTE CREATURES,3,04.01.2011 13:25,"0,85",,United Kingdom
546658,SET OF 4 PANTRY JELLY MOULDS,12,15.03.2011 14:21,"1,25",15150.0,United Kingdom
540995,PAPER CHAIN KIT RETROSPOT,1,13.01.2011 09:30,"5,79",,United Kingdom
564221,JUMBO  BAG BAROQUE BLACK WHITE,3,24.08.2011 09:36,"4,13",,United Kingdom
573033,SKETCHBOOK MAGNETIC SHOPPING LIST,6,27.10.2011 13:41,"1,45",14099.0,United Kingdom
537055,LANTERN CREAM GAZEBO,6,05.12.2010 11:45,"4,95",16814.0,United Kingdom
565758,BLUE SPOT CERAMIC DRAWER KNOB,6,06.09.2011 13:29,"1,45",16928.0,United Kingdom
554514,SET OF 36 TEATIME PAPER DOILIES,2,24.05.2011 15:58,"2,92",,United Kingdom
573937,SET OF 20 VINTAGE CHRISTMAS NAPKINS,12,02.11.2011 10:40,"0,85",15830.0,United Kingdom
537828,SCOTTIE DOG HOT WATER BOTTLE,3,08.12.2010 14:43,"4,95",15680.0,United Kingdom
571032,LARGE WHITE HEART OF WICKER,2,13.10.2011 12:38,"2,95",13827.0,United Kingdom
570187,ORIGAMI JASMINE INCENSE/CANDLE SET,1,07.10.2011 15:09,"2,46",,United Kingdom
560434,PINK POT PLANT CANDLE,1,18.07.2011 15:56,"7,46",,United Kingdom
553908,JUMBO BAG PEARS,30,19.05.2011 18:28,"2,08",18177.0,United Kingdom
573070,TRAVEL CARD WALLET KEEP CALM,5,27.10.2011 13:59,"0,42",13263.0,United Kingdom
558774,RED STRIPE CERAMIC DRAWER KNOB,1,04.07.2011 10:17,"3,29",,United Kingdom
578344,KINGS CHOICE BISCUIT TIN,1,24.11.2011 09:21,"4,13",,United Kingdom
552826,RED RETROSPOT MUG,6,11.05.2011 13:20,"2,95",14277.0,France
570020,ALARM CLOCK BAKELIKE PINK,8,07.10.2011 10:18,"3,75",12684.0,France
539401,RETROSPOT HEART HOT WATER BOTTLE,15,17.12.2010 12:02,"4,95",12709.0,Germany
541695,HEART GARLAND RUSTIC PADDED,2,20.01.2011 18:01,"3,29",,United Kingdom
551985,CHILDRENS CUTLERY SPACEBOY,4,05.05.2011 14:38,"4,15",12395.0,Belgium
560718,JAM MAKING SET PRINTED,12,20.07.2011 13:30,"1,45",17677.0,United Kingdom
578344,LUNCH BAG  BLACK SKULL.,2,24.11.2011 09:21,"4,13",,United Kingdom
565841,JUMBO BAG VINTAGE DOILY,1,07.09.2011 12:04,"4,13",,United Kingdom
571294,HEART WOODEN CHRISTMAS DECORATION,5,16.10.2011 16:09,"0,85",16987.0,United Kingdom
576592,RETROSPOT LARGE MILK JUG,1,15.11.2011 14:47,"4,95",13614.0,United Kingdom
545289,SET 2 PANTRY DESIGN TEA TOWELS,6,01.03.2011 11:55,"3,25",14732.0,United Kingdom
580730,HANGING PHOTO CLIP ROPE LADDER,3,05.12.2011 17:28,"3,29",,United Kingdom
541969,HANGING PHOTO CLIP ROPE LADDER,1,24.01.2011 13:46,"3,29",,United Kingdom
540700,WOODLAND DESIGN  COTTON TOTE BAG,12,11.01.2011 09:47,"2,25",12393.0,Australia
573897,BIRD HOUSE HOT WATER BOTTLE,2,01.11.2011 14:29,"2,55",16729.0,United Kingdom
573763,REGENCY MILK JUG PINK,4,01.11.2011 09:56,"3,25",17139.0,United Kingdom
561671,VINTAGE DONKEY TAIL GAME,72,28.07.2011 17:17,"2,62",12830.0,United Kingdom
542622,3 PIECE SPACEBOY COOKIE CUTTER SET,2,31.01.2011 09:09,"4,13",,United Kingdom
542393,PLEASE ONE PERSON METAL SIGN,2,27.01.2011 15:02,"2,1",18125.0,United Kingdom
555934,SPACEBOY LUNCH BOX,64,08.06.2011 08:51,"1,65",15061.0,United Kingdom
576321,AREA PATROLLED METAL SIGN,1,14.11.2011 14:59,"2,1",14953.0,United Kingdom
574240,HEART T-LIGHT HOLDER WILLIE WINKIE,3,03.11.2011 12:45,"1,65",15998.0,United Kingdom
576329,DAIRY MAID LARGE MILK JUG,1,14.11.2011 15:22,"9,96",,United Kingdom
544657,RED RETROSPOT PEG BAG,6,22.02.2011 13:08,"2,55",14895.0,United Kingdom
564756,SMALL MARSHMALLOWS PINK BOWL,1,30.08.2011 10:33,"0,83",,United Kingdom
576840,CHRISTMAS MUSICAL ZINC TREE,2,16.11.2011 15:23,"0,83",,United Kingdom
558262,LUNCH BAG PINK POLKADOT,100,28.06.2011 08:45,"1,45",14646.0,Netherlands
546243,WOODEN FRAME ANTIQUE WHITE,6,10.03.2011 13:08,"2,95",15308.0,United Kingdom
547720,LANTERN CREAM GAZEBO,3,25.03.2011 10:08,"4,95",14209.0,United Kingdom
571712,HOME BUILDING BLOCK WORD,2,18.10.2011 16:46,"6,25",14056.0,United Kingdom
544058,TRIPLE PHOTO FRAME CORNICE,2,15.02.2011 12:56,"9,95",14176.0,United Kingdom
578225,GARDEN PATH JOURNAL,6,23.11.2011 11:51,"2,55",17700.0,United Kingdom
546778,AREA PATROLLED METAL SIGN,9,16.03.2011 16:38,"2,1",14572.0,United Kingdom
545038,AREA PATROLLED METAL SIGN,1,27.02.2011 10:13,"2,1",13684.0,United Kingdom
558892,DAIRY MAID STRIPE MUG,36,04.07.2011 15:46,"0,79",17581.0,United Kingdom
573137,JINGLE BELLS TREE DECORATION,1,27.10.2011 17:15,"1,63",,United Kingdom
549571,GREEN DRAWER KNOB ACRYLIC EDWARDIAN,12,10.04.2011 15:25,"1,25",15655.0,United Kingdom
578006,GOLD MUG BONE CHINA TREE OF LIFE,24,22.11.2011 12:40,"1,06",13363.0,United Kingdom
546892,BOYS VINTAGE TIN SEASIDE BUCKET,1,17.03.2011 18:20,"4,96",,United Kingdom
553724,REGENCY CAKESTAND 3 TIER,1,18.05.2011 16:50,"12,75",17047.0,United Kingdom
564835,DOTCOM POSTAGE,1,30.08.2011 12:31,"176,72",,United Kingdom
581492,TRAVEL CARD WALLET SUKI,4,09.12.2011 10:03,"0,83",,United Kingdom
559027,VINTAGE  2 METER FOLDING RULER,12,05.07.2011 14:24,"1,65",17046.0,United Kingdom
569935,,1,06.10.2011 17:52,0,,United Kingdom
545311,ANTIQUE SILVER TEA GLASS ETCHED,12,01.03.2011 13:45,"1,25",15660.0,United Kingdom
578072,DECORATIVE WICKER HEART MEDIUM,8,22.11.2011 16:02,"1,25",17759.0,United Kingdom
548567,RIBBON REEL STRIPES DESIGN,5,01.04.2011 10:34,"1,65",17965.0,United Kingdom
556064,PINK HEART SHAPE EGG FRYING PAN,24,08.06.2011 14:20,"1,25",13777.0,United Kingdom
543013,SET OF 2 TEA TOWELS APPLE AND PEARS,1,02.02.2011 13:35,"5,79",,United Kingdom
580884,KEY RING BASEBALL BOOT UNION JACK,1,06.12.2011 12:21,"1,25",15907.0,United Kingdom
542109,CHILDRENS APRON SPACEBOY DESIGN,1,25.01.2011 13:44,"4,96",,United Kingdom
553920,CHILLI LIGHTS,8,20.05.2011 08:57,"5,75",15955.0,United Kingdom
562021,JUMBO STORAGE BAG SKULLS,10,01.08.2011 15:37,"2,08",16172.0,United Kingdom
569520,SPOTTY BUNTING,3,04.10.2011 14:32,"4,95",17667.0,United Kingdom
576045,HAND WARMER BIRD DESIGN,2,13.11.2011 14:42,"2,1",15022.0,United Kingdom
552302,PINK REGENCY TEACUP AND SAUCER,2,08.05.2011 14:59,"2,95",14606.0,United Kingdom
540995,BALLOON PUMP WITH 10 BALLOONS,1,13.01.2011 09:30,"4,13",,United Kingdom
547656,HOME SWEET HOME MUG,1,24.03.2011 12:53,"1,25",13263.0,United Kingdom
556579,DELUXE SEWING KIT,3,13.06.2011 14:16,"5,95",15069.0,United Kingdom
555848,PHOTO FRAME 3 CLASSIC HANGING,2,07.06.2011 13:31,"9,95",16081.0,United Kingdom
579546,JUMBO BAG APPLES,2,30.11.2011 10:37,"2,08",,United Kingdom
574239,PAPER CHAIN KIT VINTAGE CHRISTMAS,12,03.11.2011 12:43,"2,95",14849.0,United Kingdom
552232,PINK STRAWBERRY HANDBAG,1,06.05.2011 15:54,"2,46",,United Kingdom
541215,LUNCH BAG WOODLAND,10,14.01.2011 13:42,"1,65",14329.0,United Kingdom
575868,BASKET OF TOADSTOOLS,12,11.11.2011 12:44,"1,25",12985.0,United Kingdom
558927,LUNCH BAG CARS BLUE,10,05.07.2011 10:23,"1,65",18177.0,United Kingdom
568057,MEMO BOARD RETROSPOT  DESIGN,3,23.09.2011 12:56,"10,79",,United Kingdom
539750,6 RIBBONS RUSTIC CHARM,12,21.12.2010 15:40,"4,21",,United Kingdom
543358,ORIGAMI JASMINE INCENSE/CANDLE SET,1,07.02.2011 14:04,"2,46",,United Kingdom
560895,FANCY FONTS BIRTHDAY WRAP,25,21.07.2011 17:12,"0,42",13089.0,United Kingdom
550637,LUNCH BAG APPLE DESIGN,4,19.04.2011 15:39,"1,65",14415.0,United Kingdom
572549,WOVEN ROSE GARDEN CUSHION COVER,2,24.10.2011 17:03,"4,13",,United Kingdom
573601,HOT WATER BOTTLE KEEP CALM,1,31.10.2011 15:24,"10,79",,United Kingdom
560773,JIGSAW TREE WITH BIRDHOUSE,4,20.07.2011 16:17,"1,25",,United Kingdom
580367,PAPER BUNTING RETROSPOT,1,02.12.2011 16:39,"5,79",,United Kingdom
569202,JUMBO BAG OWLS,4,30.09.2011 17:22,"4,13",,United Kingdom
549526,WRAP VINTAGE PETALS  DESIGN,25,08.04.2011 15:49,"0,42",13630.0,United Kingdom
570669,SET OF 12 MINI LOAF BAKING CASES,16,11.10.2011 14:37,"0,83",15955.0,United Kingdom
541809,LUNCH BAG CARS BLUE,7,21.01.2011 14:59,"4,13",,United Kingdom
575607,JAM MAKING SET WITH JARS,4,10.11.2011 12:37,"8,29",14096.0,United Kingdom
581217,BOX OF VINTAGE ALPHABET BLOCKS,1,08.12.2011 09:20,"24,96",,United Kingdom
581142,MAGNETS PACK OF 4 HOME SWEET HOME,1,07.12.2011 13:38,"0,39",14204.0,United Kingdom
564958,RED TOADSTOOL LED NIGHT LIGHT,12,31.08.2011 13:56,"1,65",13089.0,United Kingdom
538349,HILDA CANDY SPOT RABBIT,1,10.12.2010 14:59,"7,62",,United Kingdom
538349,CARD BIRTHDAY COWBOY,1,10.12.2010 14:59,"0,85",,United Kingdom
539317,ENGLISH ROSE NOTEBOOK A7 SIZE,4,16.12.2010 19:04,"0,42",17392.0,United Kingdom
566451,HEART FILIGREE DOVE LARGE,2,12.09.2011 16:14,"1,65",18069.0,United Kingdom
564301,TRAVEL CARD WALLET VINTAGE TICKET,24,24.08.2011 11:54,"0,42",14299.0,United Kingdom
547005,CIRCUS PARADE BABY GIFT SET,1,18.03.2011 14:20,"16,95",12474.0,Germany
561430,METAL 4 HOOK HANGER FRENCH CHATEAU,8,27.07.2011 11:29,"2,95",15172.0,United Kingdom
561515,PAPER CHAIN KIT 50'S CHRISTMAS,1,27.07.2011 15:16,"5,79",,United Kingdom
560239,ASSORTED BOTTLE TOP  MAGNETS,12,17.07.2011 11:50,"0,42",13507.0,United Kingdom
566275,HEART MIRROR ANTIQUE WHITE,2,11.09.2011 13:58,"7,5",16549.0,United Kingdom
560911,AIRLINE BAG VINTAGE JET SET BROWN,1,21.07.2011 18:00,"4,25",17961.0,United Kingdom
539740,NATURAL SLATE CHALKBOARD LARGE,5,21.12.2010 15:20,"10,17",,United Kingdom
552298,COFFEE MUG APPLES DESIGN,6,08.05.2011 14:18,"2,55",14507.0,United Kingdom
544391,HANGING SPRING FLOWER EGG LARGE,12,18.02.2011 11:53,"0,85",15755.0,United Kingdom
542789,SKULLS AND CROSSBONES WRAP,25,01.02.2011 10:38,"0,42",17511.0,United Kingdom
541493,PINK POLKADOT BOWL,3,18.01.2011 14:29,"1,63",,United Kingdom
550144,YOU'RE CONFUSING ME METAL SIGN,1,14.04.2011 14:14,"1,69",16520.0,United Kingdom
542715,JUMBO STORAGE BAG SUKI,10,31.01.2011 13:39,"1,95",16403.0,United Kingdom
566190,STRAWBERRY CHARLOTTE BAG,10,09.09.2011 13:20,"0,85",12748.0,United Kingdom
544309,BOX OF 24 COCKTAIL PARASOLS,25,17.02.2011 14:17,"0,42",15785.0,United Kingdom
538853,12 PENCILS SMALL TUBE RED RETROSPOT,2,14.12.2010 13:35,"0,65",16805.0,United Kingdom
562213,FELTCRAFT GIRL NICOLE KIT,1,03.08.2011 13:39,"4,95",13975.0,United Kingdom
541424,SET OF 4 POLKADOT PLACEMATS,2,17.01.2011 17:57,"3,29",,United Kingdom
540800,DECORATIVE ROSE BATHROOM BOTTLE,48,11.01.2011 12:20,"0,42",13798.0,United Kingdom
541282,REGENCY CAKESTAND 3 TIER,2,17.01.2011 12:31,"12,75",17690.0,United Kingdom
569766,JUMBO BAG VINTAGE DOILY,10,06.10.2011 11:24,"2,08",14849.0,United Kingdom
559816,RIBBON REEL HEARTS DESIGN,1,12.07.2011 16:11,"3,29",,United Kingdom
539436,WHITE SKULL HOT WATER BOTTLE,1,17.12.2010 14:49,"3,75",,United Kingdom
548968,DOORMAT RED RETROSPOT,10,05.04.2011 10:58,"6,75",12744.0,Singapore
570091,VINTAGE RED ENAMEL TRIM JUG,4,07.10.2011 11:47,"3,75",15632.0,United Kingdom
575146,BOX OF 6 MINI 50'S CRACKERS,108,08.11.2011 15:45,"2,08",17313.0,United Kingdom
580875,LARGE PURPLE BABUSHKA NOTEBOOK,12,06.12.2011 12:11,"0,39",17744.0,United Kingdom
554976,ENCHANTED BIRD COATHANGER 5 HOOK,3,29.05.2011 10:57,"4,65",15046.0,United Kingdom
541800,RED RETROSPOT BUTTER DISH,3,21.01.2011 14:38,"4,95",15235.0,United Kingdom
573873,WHITE WICKER STAR,2,01.11.2011 12:39,"2,1",17346.0,United Kingdom
575919,PINK UNION JACK  LUGGAGE TAG,2,11.11.2011 17:00,"1,25",15311.0,United Kingdom
565226,COFFEE MUG CAT + BIRD DESIGN,6,02.09.2011 08:50,"2,55",16992.0,United Kingdom
539043,LIPSTICK PEN FUSCHIA,24,15.12.2010 15:45,"0,42",12928.0,United Kingdom
578940,CHARLOTTE BAG PINK POLKADOT,26,27.11.2011 13:18,"2,46",,United Kingdom
565932,BLUE TILED TRAY,1,08.09.2011 10:35,"6,75",16418.0,United Kingdom
546884,POPPY'S PLAYHOUSE LIVINGROOM,1,17.03.2011 18:08,"4,13",,United Kingdom
545667,DECORATION WHITE CHICK MAGIC GARDEN,1,04.03.2011 16:07,"1,63",,United Kingdom
548610,JUMBO SHOPPER VINTAGE RED PAISLEY,5,01.04.2011 11:28,"2,08",15860.0,United Kingdom
571280,VINTAGE UNION JACK PENNANT,2,16.10.2011 13:08,"1,95",18122.0,United Kingdom
562264,SET OF 4 JAM JAR MAGNETS,1,03.08.2011 16:14,"4,13",,United Kingdom
575875,PINK LOVE HEART SHAPE CUP,1,11.11.2011 13:06,"1,63",,United Kingdom
553151,GLAMOROUS  MUG,12,13.05.2011 14:53,"1,25",13089.0,United Kingdom
576615,MAGIC DRAWING SLATE DOLLY GIRL,1,15.11.2011 16:42,"0,42",17231.0,United Kingdom
558760,CUPCAKE LACE PAPER SET 6,6,03.07.2011 12:38,"1,95",16918.0,United Kingdom
550953,CHILDRENS CUTLERY DOLLY GIRL,1,21.04.2011 16:17,"8,29",,United Kingdom
574740,BLACK SILOUETTE CANDLE PLATE,12,06.11.2011 16:07,"0,85",12357.0,Switzerland
547785,ORGANISER WOOD ANTIQUE WHITE,1,25.03.2011 11:41,"8,5",13097.0,United Kingdom
560729,LUNCH BAG DOILEY PATTERN,100,20.07.2011 14:39,"1,45",17511.0,United Kingdom
566757,CARD PARTY GAMES,8,14.09.2011 15:54,"0,42",,United Kingdom
545715,PINK BABY BUNTING,2,07.03.2011 10:13,"5,79",,United Kingdom
547386,TOTE BAG I LOVE LONDON,1,22.03.2011 15:52,"4,13",,United Kingdom
564135,SET OF 36 DOILIES PANTRY DESIGN,3,23.08.2011 11:12,"1,45",16550.0,United Kingdom
542344,FRENCH BLUE METAL DOOR SIGN 2,2,27.01.2011 11:30,"2,46",,United Kingdom
554098,REGENCY CAKE FORK,6,22.05.2011 13:01,"1,25",14769.0,United Kingdom
567507,LUSH GREENS RIBBONS,1,20.09.2011 14:46,"2,46",,United Kingdom
564551,HOT WATER BOTTLE TEA AND SYMPATHY,24,25.08.2011 17:21,"3,75",17730.0,United Kingdom
558485,36 PENCILS TUBE RED RETROSPOT,1,30.06.2011 10:11,"1,25",,United Kingdom
568949,PLASTERS IN TIN VINTAGE PAISLEY,2,29.09.2011 15:13,"3,29",,United Kingdom
557260,CHILDREN'S CIRCUS PARADE MUG,12,19.06.2011 10:39,"1,65",17932.0,United Kingdom
538177,RED VICTORIAN FABRIC OVAL BOX,2,10.12.2010 09:51,"0,84",,United Kingdom
578079,TOADSTOOL MONEY BOX,6,22.11.2011 16:26,"2,95",13985.0,United Kingdom
544087,FRENCH WC SIGN BLUE METAL,1,15.02.2011 17:02,"1,25",17530.0,United Kingdom
558100,T-LIGHT HOLDER HANGING LACE,14,26.06.2011 13:46,"1,25",17768.0,United Kingdom
580872,JUMBO BAG PINK POLKADOT,3,06.12.2011 12:02,"2,08",18283.0,United Kingdom
538071,FELTCRAFT DOLL EMILY,2,09.12.2010 14:09,"5,91",,United Kingdom
572921,HAND WARMER BIRD DESIGN,2,26.10.2011 16:57,"2,1",15993.0,United Kingdom
568699,HOLIDAY FUN LUDO,4,28.09.2011 14:58,"3,75",12352.0,Norway
580983,EMERGENCY FIRST AID TIN,2,06.12.2011 16:26,"2,46",,United Kingdom
541584,RED RETROSPOT OVEN GLOVE,1,19.01.2011 14:12,"3,29",,United Kingdom
542806,WHITE HANGING HEART T-LIGHT HOLDER,33,01.02.2011 11:20,"2,55",12836.0,United Kingdom
557289,SET 12 KIDS  WHITE CHALK STICKS,4,19.06.2011 12:58,"0,42",16880.0,United Kingdom
563195,WHITE WOOD GARDEN PLANT LADDER,2,12.08.2011 16:36,"19,96",,United Kingdom
564758,PACK OF SIX LED TEA LIGHTS,2,30.08.2011 10:39,"2,88",,United Kingdom
540418,PACK OF 12 SKULL TISSUES,1,07.01.2011 11:04,"0,85",,United Kingdom
576087,RETRO PLASTIC POLKA TRAY,12,14.11.2011 08:31,"0,85",12689.0,France
551385,BLUE TEA TOWEL CLASSIC DESIGN,6,28.04.2011 11:38,"1,25",16814.0,United Kingdom
544888,RED BABY BUNTING,5,24.02.2011 11:55,"2,95",14231.0,United Kingdom
581219,CLASSIC BICYCLE CLIPS,11,08.12.2011 09:28,"3,29",,United Kingdom
546737,BAKING SET 9 PIECE RETROSPOT,3,16.03.2011 11:52,"4,95",13358.0,United Kingdom
574062,MULTI COLOUR SILVER T-LIGHT HOLDER,24,02.11.2011 14:30,"0,85",17675.0,United Kingdom
571308,GARDEN PATH SKETCHBOOK,4,17.10.2011 10:10,"3,75",12475.0,Germany
579167,ENAMEL WATERING CAN CREAM,1,28.11.2011 14:06,"4,95",16800.0,United Kingdom
562437,PARISIENNE CURIO CABINET,2,04.08.2011 17:58,"7,5",13047.0,United Kingdom
556578,ROUND SNACK BOXES SET OF4 WOODLAND,6,13.06.2011 14:13,"2,95",12472.0,Germany
559665,ETCHED GLASS COASTER,12,11.07.2011 13:35,"0,39",12556.0,Spain
557330,POPPY'S PLAYHOUSE LIVINGROOM,6,20.06.2011 10:20,"2,1",14291.0,United Kingdom
542112,OFFICE MUG WARMER POLKADOT,1,25.01.2011 13:55,"2,95",13168.0,United Kingdom
574967,PACK OF 72 SKULL CAKE CASES,2,08.11.2011 10:51,"2,08",,United Kingdom
563543,JUMBO BAG PEARS,10,17.08.2011 12:06,"2,08",15039.0,United Kingdom
538655,IVORY KITCHEN SCALES,1,13.12.2010 15:16,"8,5",17375.0,United Kingdom
578009,WHITE WICKER STAR,2,22.11.2011 12:48,"2,1",14467.0,United Kingdom
557764,LUNCH BAG WOODLAND,12,22.06.2011 14:21,"1,65",13089.0,United Kingdom
550499,SILVER T-LIGHT SETTING,1,18.04.2011 15:16,"13,29",,United Kingdom
575141,12 PENCILS SMALL TUBE RED RETROSPOT,24,08.11.2011 15:35,"0,65",15615.0,United Kingdom
557995,PURPLE DRAWERKNOB ACRYLIC EDWARDIAN,2,24.06.2011 10:44,"1,25",17979.0,United Kingdom
550987,SET OF 4 ENGLISH ROSE PLACEMATS,1,21.04.2011 18:10,"7,46",,United Kingdom
572866,WOODEN ADVENT CALENDAR RED,2,26.10.2011 13:07,"7,95",15005.0,United Kingdom
557324,SET OF 6 KASHMIR FOLKART BAUBLES,6,20.06.2011 09:41,"0,55",,United Kingdom
561513,ZINC SWEETHEART WIRE LETTER RACK,1,27.07.2011 15:12,"7,46",,United Kingdom
579787,STRAWBERRY CERAMIC TRINKET POT,7,30.11.2011 15:33,"2,46",,United Kingdom
569535,EIGHT PIECE SNAKE  SET,3,04.10.2011 15:41,"1,25",15044.0,United Kingdom
574561,JAM MAKING SET WITH JARS,3,04.11.2011 15:52,"8,29",,United Kingdom
573585,DOORMAT TOPIARY,1,31.10.2011 14:41,"15,79",,United Kingdom
545555,TRAVEL CARD WALLET VINTAGE TICKET,3,03.03.2011 15:17,"0,42",17757.0,United Kingdom
539434,METAL SIGN TAKE IT OR LEAVE IT,1,17.12.2010 14:41,"5,91",,United Kingdom
557848,VINTAGE  2 METER FOLDING RULER,12,23.06.2011 10:52,"1,65",15220.0,United Kingdom
574076,WOODEN HEART CHRISTMAS SCANDINAVIAN,29,02.11.2011 15:38,"0,83",,United Kingdom
571119,PEG BAG APPLES DESIGN,1,14.10.2011 09:04,"5,79",,United Kingdom
537434,GLASS JAR ENGLISH CONFECTIONERY,3,06.12.2010 16:57,"5,91",,United Kingdom
550458,JUMBO BAG RED RETROSPOT,18,18.04.2011 13:13,"2,46",,United Kingdom
539456,MAN FLU METAL SIGN,1,17.12.2010 17:23,"2,1",16885.0,United Kingdom
564230,ALARM CLOCK BAKELIKE GREEN,1,24.08.2011 10:22,"12,21",,United Kingdom
537773,GARDEN PATH SKETCHBOOK,1,08.12.2010 12:36,"3,75",16016.0,United Kingdom
551558,BLUE CHENILLE SHAGGY CUSHION COVER,1,03.05.2011 10:41,"0,85",17841.0,United Kingdom
578270,WOODEN STAR CHRISTMAS SCANDINAVIAN,2,23.11.2011 13:39,"1,63",14096.0,United Kingdom
552823,LUNCH BAG SUKI DESIGN,2,11.05.2011 13:06,"1,65",14731.0,United Kingdom
563708,JUMBO BAG DOILEY PATTERNS,10,18.08.2011 15:09,"2,08",17001.0,United Kingdom
557146,SET OF 36 DOILIES PANTRY DESIGN,12,17.06.2011 10:44,"1,45",17139.0,United Kingdom
538524,ENGLISH ROSE HOT WATER BOTTLE,2,13.12.2010 09:35,"8,47",,United Kingdom
578125,PICTURE FRAME WOOD TRIPLE PORTRAIT,12,23.11.2011 10:31,"5,95",17511.0,United Kingdom
561502,CLASSIC CAFE SUGAR DISPENSER,12,27.07.2011 14:14,"1,25",14305.0,United Kingdom
561369,CHILDRENS TOY COOKING UTENSIL SET,1,26.07.2011 16:22,"4,13",,United Kingdom
573876,WOODLAND  HEIGHT CHART STICKERS,2,01.11.2011 12:48,"2,95",16360.0,United Kingdom
567610,PACK OF 72 RETROSPOT CAKE CASES,120,21.09.2011 11:30,"0,42",17511.0,United Kingdom
555523,CHILDRENS CUTLERY SPACEBOY,4,05.06.2011 11:36,"4,15",12468.0,Germany
560601,TOILET METAL SIGN,1,19.07.2011 17:17,"0,55",16764.0,United Kingdom
576889,HAND WARMER RED LOVE HEART,1,16.11.2011 17:24,"2,1",12748.0,United Kingdom
554808,HOME SWEET HOME METAL SIGN,1,26.05.2011 13:01,"2,95",17059.0,United Kingdom
569652,SET OF 10 LED DOLLY LIGHTS,2,05.10.2011 12:51,"6,25",15628.0,United Kingdom
554808,RED RETROSPOT PEG BAG,1,26.05.2011 13:01,"2,55",17059.0,United Kingdom
545523,HANGING CHICK CREAM DECORATION,3,03.03.2011 12:41,"1,45",14524.0,United Kingdom
542898,ENAMEL MEASURING JUG CREAM,2,01.02.2011 14:01,"4,25",16110.0,United Kingdom
567552,RED SPOT PAPER GIFT BAG,20,21.09.2011 10:40,"0,82",12583.0,France
537638,ANGEL DECORATION STARS ON DRESS,1,07.12.2010 15:28,"0,85",,United Kingdom
569865,DOORMAT KEEP CALM AND COME IN,1,06.10.2011 14:47,"8,25",12748.0,United Kingdom
544454,CHOCOLATE BOX RIBBONS,2,20.02.2011 13:13,"1,25",13301.0,United Kingdom
560397,RED RETROSPOT SMALL MILK JUG,6,18.07.2011 14:04,"2,55",17652.0,United Kingdom
543660,CRAZY DAISY HEART DECORATION,3,11.02.2011 10:40,"0,83",,United Kingdom
575390,SET OF 4 SANTA PLACE SETTINGS,12,09.11.2011 15:31,"1,25",12971.0,United Kingdom
568669,SET OF 2 TRAYS HOME SWEET HOME,2,28.09.2011 13:04,"9,95",13488.0,United Kingdom
555028,RECYCLED ACAPULCO MAT GREEN,2,31.05.2011 11:22,"8,25",17648.0,United Kingdom
543604,GARLAND WOODEN HAPPY EASTER,12,10.02.2011 13:54,"1,25",16558.0,United Kingdom
541569,WOODLAND CHARLOTTE BAG,10,19.01.2011 12:14,"0,85",13520.0,Switzerland
580029,BULL DOG BOTTLE TOP WALL CLOCK,8,01.12.2011 12:13,"7,5",15380.0,United Kingdom
581256,ENGLISH ROSE HOT WATER BOTTLE,1,08.12.2011 11:21,"9,13",,United Kingdom
550464,CHILDRENS CUTLERY SPACEBOY,4,18.04.2011 13:30,"4,15",16550.0,United Kingdom
546648,SET/20 FRUIT SALAD PAPER NAPKINS,1,15.03.2011 14:15,"1,63",,United Kingdom
541267,SET OF 6 SPICE TINS PANTRY DESIGN,4,17.01.2011 10:37,"3,95",12779.0,Poland
568667,"KEY FOB , BACK DOOR",2,28.09.2011 13:00,"0,65",14606.0,United Kingdom
565443,BUNDLE OF 3 RETRO NOTE BOOKS,12,04.09.2011 14:22,"1,65",12567.0,France
568094,LUNCH BAG DOILEY PATTERN,10,23.09.2011 14:43,"1,65",15807.0,United Kingdom
570509,KEY RING BASEBALL BOOT UNION JACK,20,11.10.2011 10:16,"1,25",13109.0,United Kingdom
551174,ENGLISH ROSE SCENTED HANGING FLOWER,1,26.04.2011 17:02,"2,46",,United Kingdom
569672,BIRTHDAY PARTY CORDON BARRIER TAPE,2,05.10.2011 13:58,"1,25",17841.0,United Kingdom
541507,VINTAGE CREAM DOG FOOD CONTAINER,1,18.01.2011 16:05,"16,63",,United Kingdom
576617,GREEN HEART COMPACT MIRROR,1,15.11.2011 16:57,"7,46",,United Kingdom
566315,FELTCRAFT 6 FLOWER FRIENDS,6,12.09.2011 10:01,"2,1",15392.0,United Kingdom
572316,FRENCH STYLE STORAGE JAR JAM,4,23.10.2011 16:13,"0,29",17836.0,United Kingdom
567619,LUNCH BAG SUKI DESIGN,10,21.09.2011 12:28,"1,65",15203.0,United Kingdom
553014,SCANDINAVIAN REDS RIBBONS,2,12.05.2011 18:49,"1,25",13451.0,United Kingdom
574530,SET OF 6 HEART CHOPSTICKS,1,04.11.2011 14:07,"1,25",16887.0,United Kingdom
572283,3D CHRISTMAS STAMPS STICKERS,2,23.10.2011 11:42,"1,25",15000.0,United Kingdom
569493,ROSES REGENCY TEACUP AND SAUCER,6,04.10.2011 13:35,"2,95",13317.0,United Kingdom
557279,TRAVEL CARD WALLET RETRO PETALS,24,19.06.2011 12:10,"0,42",18077.0,United Kingdom
543056,SWEETHEART CERAMIC TRINKET BOX,12,03.02.2011 10:47,"1,25",12471.0,Germany
554561,REGENCY MILK JUG PINK,6,25.05.2011 10:35,"3,25",13317.0,United Kingdom
552229,BISCUITS SMALL BOWL LIGHT BLUE,1,06.05.2011 15:40,"0,83",,United Kingdom
560233,LUNCH BAG RED RETROSPOT,2,17.07.2011 11:10,"1,65",16813.0,United Kingdom
541265,SET 3 SONG BIRD PAPER EGGS ASSORTED,1,16.01.2011 16:23,"2,95",17609.0,United Kingdom
543555,IVORY KITCHEN SCALES,2,10.02.2011 10:18,"8,5",17686.0,United Kingdom
559337,JIGSAW RABBIT AND BIRDHOUSE,1,07.07.2011 16:27,"1,25",,United Kingdom
576686,MAGIC DRAWING SLATE DINOSAUR,2,16.11.2011 12:08,"0,42",16916.0,United Kingdom
560244,TOILET SIGN OCCUPIED OR VACANT,3,17.07.2011 12:14,"0,83",16931.0,United Kingdom
551351,"RECORD FRAME 7"" SINGLE SIZE",48,28.04.2011 10:20,"2,1",14298.0,United Kingdom
536375,GLASS STAR FROSTED T-LIGHT HOLDER,6,01.12.2010 09:32,"4,25",17850.0,United Kingdom
563032,CARAVAN SQUARE TISSUE BOX,36,11.08.2011 14:39,"0,39",16076.0,United Kingdom
569046,WOODEN STAR CHRISTMAS SCANDINAVIAN,24,30.09.2011 10:48,"0,29",14422.0,United Kingdom
566190,CERAMIC HEART FAIRY CAKE MONEY BANK,4,09.09.2011 13:20,"1,45",12748.0,United Kingdom
554956,RED RETROSPOT PEG BAG,1,27.05.2011 15:17,"4,96",,United Kingdom
538853,GINGERBREAD MAN COOKIE CUTTER,3,14.12.2010 13:35,"1,25",16805.0,United Kingdom
541239,PACK OF 12 PINK POLKADOT TISSUES,60,16.01.2011 10:56,"0,29",16401.0,United Kingdom
539041,OFFICE MUG WARMER BLACK+SILVER,3,15.12.2010 15:34,"2,95",15456.0,United Kingdom
564974,SWEETHEART WIRE WALL TIDY,1,31.08.2011 15:32,"20,79",,United Kingdom
541219,WHITE  ROSEBUD PEARL BRACELET,1,14.01.2011 14:06,"7,48",,United Kingdom
556533,POTTING SHED TEA MUG,24,13.06.2011 12:05,"1,25",15625.0,United Kingdom
541524,BAKING MOULD CHOCOLATE CUPCAKES,6,19.01.2011 10:49,"2,55",17091.0,United Kingdom
574663,FELTCRAFT PRINCESS CHARLOTTE DOLL,2,06.11.2011 12:04,"3,75",13527.0,United Kingdom
540915,ALARM CLOCK BAKELIKE GREEN,4,12.01.2011 12:00,"3,75",13267.0,United Kingdom
569362,DOLLY GIRL WALL ART,24,03.10.2011 15:06,"2,66",18102.0,United Kingdom
552057,DOORMAT ENGLISH ROSE,2,06.05.2011 10:34,"7,95",17504.0,United Kingdom
543982,POPPY'S PLAYHOUSE BATHROOM,6,15.02.2011 08:21,"2,1",15358.0,United Kingdom
561355,SET OF 2 CERAMIC PAINTED HEARTS,12,26.07.2011 14:51,"1,45",13090.0,United Kingdom
559052,TUB 24 PINK FLOWER PEGS,2,05.07.2011 16:53,"1,63",,United Kingdom
556824,FELTCRAFT CUSHION BUTTERFLY,1,15.06.2011 10:24,"7,46",,United Kingdom
556186,PACK OF 60 PINK PAISLEY CAKE CASES,24,09.06.2011 11:46,"0,55",14241.0,United Kingdom
560296,VINTAGE CREAM DOG FOOD CONTAINER,1,18.07.2011 10:21,"16,63",,United Kingdom
554072,IVORY HANGING DECORATION  HEART,24,22.05.2011 11:24,"0,85",13555.0,United Kingdom
540157,DECORATIVE ROSE BATHROOM BOTTLE,24,05.01.2011 11:41,"0,42",15311.0,United Kingdom
581412,PACK OF 12 SUKI TISSUES,12,08.12.2011 14:38,"0,39",14415.0,United Kingdom
574682,RABBIT NIGHT LIGHT,3,06.11.2011 12:44,"2,08",14963.0,United Kingdom
537044,3 WHITE CHOC MORRIS BOXED CANDLES,4,05.12.2010 10:52,"4,25",18055.0,United Kingdom
572030,I'M ON HOLIDAY METAL SIGN,12,20.10.2011 11:51,"2,1",14923.0,United Kingdom
545897,PINK ENAMEL+GLASS HAIR COMB,1,07.03.2011 17:22,"2,07",,United Kingdom
547860,SMALL HEART FLOWERS HOOK,24,27.03.2011 12:21,"0,85",17625.0,United Kingdom
570413,PINK HAPPY BIRTHDAY BUNTING,3,10.10.2011 13:13,"5,45",17652.0,United Kingdom
578626,PANTRY SCRUBBING BRUSH,12,24.11.2011 15:38,"1,65",12709.0,Germany
563552,I'M ON HOLIDAY METAL SIGN,12,17.08.2011 13:06,"2,1",17656.0,United Kingdom
575917,HANGING HEART ZINC T-LIGHT HOLDER,12,11.11.2011 16:57,"0,85",13895.0,United Kingdom
557214,EDWARDIAN PARASOL NATURAL,3,17.06.2011 12:20,"5,95",17677.0,United Kingdom
576840,LUNCH BAG VINTAGE DOILY,1,16.11.2011 15:23,"4,13",,United Kingdom
554839,RED RETROSPOT PICNIC BAG,1,26.05.2011 17:15,"2,95",14056.0,United Kingdom
552521,FIRST AID TIN,6,09.05.2011 16:35,"3,25",16668.0,United Kingdom
574896,WALL ART BIG LOVE,1,07.11.2011 14:51,"6,95",17014.0,United Kingdom
551533,JUMBO BAG DOLLY GIRL DESIGN,1,01.05.2011 14:58,"2,08",15407.0,United Kingdom
550447,BOYS VINTAGE TIN SEASIDE BUCKET,1,18.04.2011 12:36,"2,55",16033.0,United Kingdom
553552,4 TRADITIONAL SPINNING TOPS,12,17.05.2011 16:23,"1,45",17702.0,United Kingdom
548631,GINGHAM HEART DECORATION,5,01.04.2011 12:24,"0,85",13184.0,United Kingdom
548529,HAND OVER THE CHOCOLATE   SIGN,12,31.03.2011 16:56,"2,1",18223.0,United Kingdom
541827,GLASS CHALICE BLUE SMALL,4,21.01.2011 17:05,"3,29",,United Kingdom
557500,SWALLOWS GREETING CARD,3,20.06.2011 15:27,"0,83",,United Kingdom
564965,MINIATURE ANTIQUE ROSE HOOK IVORY,12,31.08.2011 15:07,"0,83",17677.0,United Kingdom
568721,STOOL HOME SWEET HOME,2,28.09.2011 16:24,"24,96",,United Kingdom
543097,MINI LADLE LOVE HEART PINK,2,03.02.2011 11:41,"0,83",,United Kingdom
549789,FELTCRAFT PRINCESS CHARLOTTE DOLL,4,12.04.2011 12:00,"3,75",17160.0,United Kingdom
581219,SET OF 2 TEA TOWELS APPLE AND PEARS,2,08.12.2011 09:28,"6,63",,United Kingdom
561820,CHARLOTTE BAG APPLES DESIGN,1,29.07.2011 16:00,"1,63",,United Kingdom
581175,REGENCY CAKESTAND 3 TIER,32,07.12.2011 15:16,"10,95",14646.0,Netherlands
567692,SET OF 2 CERAMIC CHRISTMAS REINDEER,6,21.09.2011 17:05,"1,45",17997.0,United Kingdom
569253,BOX OF VINTAGE JIGSAW BLOCKS,3,03.10.2011 10:55,"5,95",13635.0,United Kingdom
550512,COOK WITH WINE METAL SIGN,1,18.04.2011 16:31,"2,08",18069.0,United Kingdom
566443,HOME SWEET HOME CUSHION COVER,4,12.09.2011 15:31,"3,75",17071.0,United Kingdom
566400,"RECORD FRAME 7"" SINGLE SIZE",6,12.09.2011 13:16,"2,55",17139.0,United Kingdom
565324,BISCUIT TIN VINTAGE CHRISTMAS,2,02.09.2011 13:18,"2,89",13232.0,United Kingdom
554712,LUNCH BAG RED RETROSPOT,10,26.05.2011 10:43,"1,65",16873.0,United Kingdom
555545,PLASTERS IN TIN SKULLS,12,05.06.2011 13:08,"1,65",17735.0,United Kingdom
552139,GREY FLORAL FELTCRAFT SHOULDER BAG,1,06.05.2011 11:55,"3,75",14659.0,United Kingdom
554013,6 RIBBONS RUSTIC CHARM,12,20.05.2011 13:13,"1,65",13308.0,United Kingdom
545475,4 TRADITIONAL SPINNING TOPS,160,03.03.2011 10:59,"1,06",12415.0,Australia
576648,PAPER CHAIN KIT 50'S CHRISTMAS,6,16.11.2011 10:32,"2,95",14057.0,United Kingdom
562593,FIRST CLASS LUGGAGE TAG,1,07.08.2011 15:43,"1,25",16549.0,United Kingdom
573068,"FANCY FONT BIRTHDAY CARD,",12,27.10.2011 13:56,"0,42",17545.0,United Kingdom
560360,CHRISTMAS RETROSPOT ANGEL WOOD,48,18.07.2011 11:55,"0,85",12744.0,Singapore
546983,SILVER PLATE CANDLE BOWL SMALL,6,18.03.2011 12:27,"2,95",16626.0,United Kingdom
572853,METAL 4 HOOK HANGER FRENCH CHATEAU,8,26.10.2011 12:28,"3,29",17712.0,United Kingdom
538154,KNITTED UNION FLAG HOT WATER BOTTLE,4,09.12.2010 16:35,"8,47",,United Kingdom
562652,WHITE SPOT BLUE CERAMIC DRAWER KNOB,12,08.08.2011 13:34,"1,25",14844.0,United Kingdom
536388,DOORMAT FANCY FONT HOME SWEET HOME,2,01.12.2010 09:59,"7,95",16250.0,United Kingdom
552337,RED METAL BEACH SPADE,12,09.05.2011 11:34,"1,25",12621.0,Germany
541422,"CHARLIE+LOLA""EXTREMELY BUSY"" SIGN",2,17.01.2011 17:48,"0,83",,United Kingdom
579522,TREASURE TIN GYMKHANA DESIGN,6,30.11.2011 08:04,"2,08",14432.0,United Kingdom
575748,FAWN BLUE HOT WATER BOTTLE,1,11.11.2011 10:21,"10,29",,United Kingdom
579089,ENGLISH ROSE NOTEBOOK A7 SIZE,1,28.11.2011 10:46,"0,42",17920.0,United Kingdom
544768,PLEASE ONE PERSON METAL SIGN,2,23.02.2011 11:10,"4,13",,United Kingdom
564760,SET OF 9 HEART SHAPED BALLOONS,2,30.08.2011 10:47,"2,46",,United Kingdom
551174,GREEN REGENCY TEACUP AND SAUCER,1,26.04.2011 17:02,"5,79",,United Kingdom
547874,LARGE CAKE TOWEL CHOCOLATE SPOTS,2,27.03.2011 15:39,"6,75",14476.0,United Kingdom
562964,DOG BOWL VINTAGE CREAM,4,11.08.2011 10:29,"4,25",13488.0,United Kingdom
541848,HOME SWEET HOME MUG,1,23.01.2011 13:31,"1,25",17611.0,United Kingdom
573038,SET 12 COLOUR PENCILS DOLLY GIRL,3,27.10.2011 13:48,"0,65",17545.0,United Kingdom
543345,CHILDREN'S SPACEBOY MUG,1,07.02.2011 12:29,"3,29",,United Kingdom
579787,PINK BABY BUNTING,1,30.11.2011 15:33,"5,79",,United Kingdom
562593,6 RIBBONS ELEGANT CHRISTMAS,2,07.08.2011 15:43,"1,65",16549.0,United Kingdom
580876,LA PALMIERA TILE COASTER,4,06.12.2011 12:12,"0,29",14071.0,United Kingdom
567142,SPACEBOY CHILDRENS CUP,8,16.09.2011 14:55,"1,25",14262.0,United Kingdom
575601,PACK OF 72 RETROSPOT CAKE CASES,1,10.11.2011 12:16,"0,55",,United Kingdom
574476,4 VANILLA BOTANICAL CANDLES,1,04.11.2011 12:20,"1,25",17203.0,United Kingdom
539338,MAGIC DRAWING SLATE PURDEY,192,17.12.2010 10:54,"0,42",17404.0,Sweden
543010,MINI PAINT SET VINTAGE,36,02.02.2011 13:16,"0,65",18250.0,United Kingdom
580959,WORLD WAR 2 GLIDERS ASSTD DESIGNS,48,06.12.2011 14:31,"0,29",14673.0,United Kingdom
572668,DOORMAT NEW ENGLAND,1,25.10.2011 13:07,"8,25",18045.0,United Kingdom
562046,VINTAGE CHRISTMAS STOCKING,12,02.08.2011 10:34,"2,55",12378.0,Switzerland
544323,DOORMAT FAIRY CAKE,1,17.02.2011 15:51,"14,13",,United Kingdom
574545,SET OF 3 PANTRY WOODEN SPOONS,24,04.11.2011 14:54,"1,25",17084.0,United Kingdom
553541,DOLLY GIRL LUNCH BOX,2,17.05.2011 15:33,"2,46",,United Kingdom
552640,ASSORTED COLOUR LIZARD SUCTION HOOK,1,10.05.2011 13:19,"0,42",17841.0,United Kingdom
542710,RED LOVE HEART SHAPE CUP,36,31.01.2011 13:17,"0,85",14776.0,United Kingdom
539395,STRAWBERRY FAIRY CAKE TEAPOT,8,17.12.2010 11:52,"4,95",12471.0,Germany
564359,CAT BOWL VINTAGE CREAM,1,24.08.2011 16:02,"3,25",14056.0,United Kingdom
560537,SMALL MARSHMALLOWS PINK BOWL,8,19.07.2011 12:19,"0,42",17779.0,United Kingdom
546850,FOUR HOOK  WHITE LOVEBIRDS,4,17.03.2011 13:20,"2,1",13268.0,United Kingdom
575190,IVORY REFECTORY CLOCK,12,09.11.2011 09:21,"8,15",15189.0,United Kingdom
565408,THE KING GIFT BAG 25x24x12cm,4,04.09.2011 11:12,"0,42",16813.0,United Kingdom
564438,LUNCH BAG RED RETROSPOT,10,25.08.2011 12:11,"1,65",16628.0,United Kingdom
576617,PACK OF 12 SUKI TISSUES,3,15.11.2011 16:57,"0,83",,United Kingdom
544336,STRAWBERRY FAIRY CAKE TEAPOT,1,17.02.2011 19:36,"4,95",13230.0,United Kingdom
549115,GLASS CHALICE BLUE SMALL,36,06.04.2011 12:41,"0,39",13098.0,United Kingdom
558467,PARTY BUNTING,10,29.06.2011 15:22,"4,95",17757.0,United Kingdom
554992,SMALL YELLOW BABUSHKA NOTEBOOK,2,29.05.2011 14:08,"0,85",16686.0,United Kingdom
572651,VINTAGE CHRISTMAS TABLECLOTH,4,25.10.2011 12:06,"12,5",17350.0,United Kingdom
547383,MONSTERS STENCIL CRAFT,12,22.03.2011 15:42,"1,25",12613.0,Germany
543040,WOODEN SCHOOL COLOURING SET,3,02.02.2011 17:06,"1,65",17337.0,United Kingdom
579508,ANT COPPER LIME BOUDICCA BRACELET,1,29.11.2011 16:33,"4,98",,United Kingdom
575342,JUMBO BAG STRAWBERRY,10,09.11.2011 14:44,"2,08",17528.0,United Kingdom
579096,SET OF 6 RIBBONS PARTY,20,28.11.2011 11:07,"2,89",15561.0,United Kingdom
550990,SET3 BOOK BOX GREEN GINGHAM FLOWER,32,21.04.2011 18:31,"3,75",16553.0,United Kingdom
577535,MIRRORED DISCO BALL,1,20.11.2011 14:07,"5,95",14071.0,United Kingdom
566561,HEADS AND TAILS SPORTING FUN,12,13.09.2011 12:13,"1,25",18145.0,United Kingdom
570688,WOODEN PICTURE FRAME WHITE FINISH,1,11.10.2011 16:29,"5,79",,United Kingdom
557645,BULL DOG BOTTLE TOP WALL CLOCK,1,21.06.2011 17:08,"16,63",,United Kingdom
556826,TOAST ITS - HAPPY BIRTHDAY,1,15.06.2011 10:25,"2,46",,United Kingdom
567183,STORAGE TIN VINTAGE LEAF,2,18.09.2011 15:32,"2,89",14769.0,United Kingdom
558808,SET OF 36 TEATIME PAPER DOILIES,1,04.07.2011 11:10,"3,75",,United Kingdom
547860,DOORSTOP RETROSPOT HEART,1,27.03.2011 12:21,"3,75",17625.0,United Kingdom
580640,SET OF 4 ROSE BOTANICAL CANDLES,4,05.12.2011 12:51,"1,25",16910.0,United Kingdom
572087,SET/6 RED SPOTTY PAPER CUPS,12,20.10.2011 14:30,"0,65",12683.0,France
552977,BLUE PARTY BAGS,6,12.05.2011 14:13,"2,1",18221.0,United Kingdom
555845,FLOWERS TILE HOOK,2,07.06.2011 13:19,"2,1",17015.0,United Kingdom
544768,SINGLE HEART ZINC T-LIGHT HOLDER,1,23.02.2011 11:10,"2,08",,United Kingdom
573157,JUMBO BAG PAISLEY PARK,100,28.10.2011 08:53,"1,79",17669.0,United Kingdom
555872,ICE CREAM SUNDAE LIP GLOSS,24,07.06.2011 15:04,"1,25",13395.0,United Kingdom
559676,WOODEN CROQUET GARDEN SET,4,11.07.2011 14:40,"12,75",17340.0,United Kingdom
547772,SILVER VANILLA  FLOWER CANDLE POT,1,25.03.2011 11:34,"3,75",17979.0,United Kingdom
572897,KINGS CHOICE TEA CADDY,2,26.10.2011 14:42,"5,79",,United Kingdom
545304,JAM MAKING SET WITH JARS,6,01.03.2011 12:51,"4,25",16212.0,United Kingdom
572921,RABBIT NIGHT LIGHT,6,26.10.2011 16:57,"2,08",15993.0,United Kingdom
580162,10 COLOUR SPACEBOY PEN,12,02.12.2011 10:52,"0,85",12856.0,United Kingdom
579252,POTTERING IN THE SHED METAL SIGN,192,28.11.2011 16:47,"2,4",17450.0,United Kingdom
563439,RED SPOT CERAMIC DRAWER KNOB,6,16.08.2011 13:05,"3,29",,United Kingdom
573509,12 PENCILS SMALL TUBE RED RETROSPOT,24,31.10.2011 12:21,"0,65",16169.0,United Kingdom
551956,WOODEN PICTURE FRAME WHITE FINISH,3,05.05.2011 12:22,"2,55",15021.0,United Kingdom
546116,GROW YOUR OWN HERBS SET OF 3,4,09.03.2011 13:53,"7,95",15367.0,United Kingdom
577503,4 PURPLE FLOCK DINNER CANDLES,1,20.11.2011 12:34,"2,55",18110.0,United Kingdom
556090,SET/20 STRAWBERRY PAPER NAPKINS,2,08.06.2011 15:25,"2,46",,United Kingdom
556812,SET 20 NAPKINS FAIRY CAKES DESIGN,3,14.06.2011 17:25,"1,63",,United Kingdom
536542,JUMBO BAG TOYS,20,01.12.2010 14:11,"1,95",16456.0,United Kingdom
566042,TEA TIME PARTY BUNTING,1,08.09.2011 13:53,"4,95",17811.0,United Kingdom
561382,PARTY METAL SIGN,2,26.07.2011 17:27,"1,45",16750.0,United Kingdom
572553,SET OF 20 VINTAGE CHRISTMAS NAPKINS,1,24.10.2011 17:09,"1,63",,United Kingdom
539434,MAGIC GARDEN FELT GARLAND,2,17.12.2010 14:41,"4,21",,United Kingdom
544459,DOORMAT UNION FLAG,4,20.02.2011 13:52,"7,95",17838.0,United Kingdom
566025,YELLOW COAT RACK PARIS FASHION,1,08.09.2011 12:55,"4,95",17634.0,United Kingdom
577785,SKULLS  STICKERS,12,21.11.2011 16:25,"0,85",16369.0,United Kingdom
548372,CERAMIC CAKE STAND + HANGING CAKES,1,30.03.2011 16:34,"9,95",14572.0,United Kingdom
550471,HEN HOUSE DECORATION,1,18.04.2011 13:52,"3,29",,United Kingdom
562024,PLASTERS IN TIN VINTAGE PAISLEY,1,01.08.2011 16:07,"3,29",,United Kingdom
554670,RED DINER WALL CLOCK,2,25.05.2011 15:47,"8,5",18044.0,United Kingdom
541968,4 LILY  BOTANICAL DINNER CANDLES,6,24.01.2011 13:37,"3,75",13396.0,United Kingdom
574170,6 GIFT TAGS 50'S CHRISTMAS,4,03.11.2011 11:43,"0,83",16221.0,United Kingdom
545025,SET OF PICTURE FRAME  STICKERS,1,25.02.2011 14:40,"5,79",,United Kingdom
568220,3 RAFFIA RIBBONS 50'S CHRISTMAS,10,26.09.2011 10:03,"0,79",15626.0,United Kingdom
575607,TRAVEL CARD WALLET KEEP CALM,4,10.11.2011 12:37,"0,83",14096.0,United Kingdom
562568,PLASTERS IN TIN SKULLS,12,07.08.2011 11:59,"1,65",12720.0,Germany
555516,PARLOUR CERAMIC WALL HOOK,4,05.06.2011 10:50,"4,15",17706.0,United Kingdom
552245,METAL SIGN CUPCAKE SINGLE HOOK,1,06.05.2011 19:42,"1,25",12748.0,United Kingdom
552061,PACK OF 72 RETROSPOT CAKE CASES,24,06.05.2011 10:43,"0,55",13001.0,United Kingdom
577549,JAZZ HEARTS ADDRESS BOOK,24,20.11.2011 15:00,"0,19",17841.0,United Kingdom
567329,LOVE HOT WATER BOTTLE,6,19.09.2011 14:43,"5,95",13416.0,United Kingdom
558614,VINTAGE KEEPSAKE BOX PARIS DAYS,2,30.06.2011 15:56,"4,13",,United Kingdom
574700,HEART DECORATION WITH PEARLS,5,06.11.2011 13:53,"0,85",16033.0,United Kingdom
553679,CANDLEHOLDER PINK HANGING HEART,12,18.05.2011 13:09,"2,95",14565.0,United Kingdom
536806,CHRISTMAS TREE STAR DECORATION,36,02.12.2010 16:42,"0,42",12971.0,United Kingdom
563031,IVORY SWEETHEART WIRE LETTER RACK,1,11.08.2011 14:38,"3,75",13263.0,United Kingdom
568719,SUKI  SHOULDER BAG,19,28.09.2011 16:19,"1,63",,United Kingdom
546538,ZINC METAL HEART DECORATION,12,14.03.2011 14:51,"1,25",16327.0,United Kingdom
546028,JUMBO BAG RED RETROSPOT,10,09.03.2011 08:33,"1,95",17049.0,United Kingdom
555896,RECIPE BOX PANTRY YELLOW DESIGN,6,07.06.2011 16:04,"2,95",15640.0,United Kingdom
540646,SPACE OWL,2,10.01.2011 14:32,"0,85",,United Kingdom
549525,CERAMIC HEART FAIRY CAKE MONEY BANK,1,08.04.2011 15:44,"3,29",,United Kingdom
552703,MAN FLU METAL SIGN,2,10.05.2011 16:00,"2,1",14462.0,United Kingdom
564065,CARD MOTORBIKE SANTA,12,22.08.2011 15:05,"0,42",15150.0,United Kingdom
550899,WATERING CAN BLUE ELEPHANT,6,21.04.2011 12:07,"1,95",13505.0,Switzerland
545710,ANTIQUE SILVER TEA GLASS ENGRAVED,12,07.03.2011 09:52,"1,25",13117.0,United Kingdom
541692,PACK OF 20 NAPKINS PANTRY DESIGN,1,20.01.2011 16:59,"0,85",,United Kingdom
549679,PINK DRAWER KNOB ACRYLIC EDWARDIAN,12,11.04.2011 12:59,"1,25",16407.0,United Kingdom
581219,S/4 IVORY MINI ROSE CANDLE IN BOWL,1,08.12.2011 09:28,"1,63",,United Kingdom
550332,HANGING WOOD AND FELT FLOWER,7,17.04.2011 13:53,"0,42",13474.0,United Kingdom
548451,GIRLS VINTAGE TIN SEASIDE BUCKET,2,31.03.2011 11:25,"2,55",17365.0,United Kingdom
566305,CHOCOLATE HOT WATER BOTTLE,3,12.09.2011 09:26,"4,95",14110.0,United Kingdom
559940,REGENCY SUGAR BOWL GREEN,10,14.07.2011 10:20,"3,75",17396.0,United Kingdom
539453,RECIPE BOX BLUE SKETCHBOOK DESIGN,1,17.12.2010 17:08,"5,91",,United Kingdom
560035,COLOUR GLASS. STAR T-LIGHT HOLDER,6,14.07.2011 13:41,"3,25",17706.0,United Kingdom
574076,EGG CUP HENRIETTA HEN PINK,1,02.11.2011 15:38,"2,46",,United Kingdom
563745,IVORY WICKER HEART LARGE,12,19.08.2011 09:38,"1,65",15159.0,United Kingdom
574935,PACK OF 6 PANNETONE GIFT BOXES,24,07.11.2011 16:54,"2,55",13199.0,United Kingdom
541104,ST TROPEZ NECKLACE,1,13.01.2011 14:29,"4,98",,United Kingdom
566952,HEART OF WICKER SMALL,2,15.09.2011 16:37,"3,29",,United Kingdom
568568,SET OF 6 TEA TIME BAKING CASES,16,28.09.2011 08:48,"1,25",14412.0,United Kingdom
566258,RETROSPOT HEART HOT WATER BOTTLE,1,11.09.2011 12:45,"4,95",13124.0,United Kingdom
548516,PACK OF 60 DINOSAUR CAKE CASES,1,31.03.2011 16:28,"1,25",,United Kingdom
579471,COOK WITH WINE METAL SIGN,3,29.11.2011 15:08,"4,13",,United Kingdom
537240,SMALL RED BABUSHKA NOTEBOOK,2,06.12.2010 10:08,"1,66",,United Kingdom
553542,NATURAL SLATE CHALKBOARD LARGE,1,17.05.2011 15:34,"9,96",,United Kingdom
550329,BAG 125g SWIRLY MARBLES,12,17.04.2011 13:20,"0,42",13951.0,United Kingdom
575875,RIBBON REEL LACE DESIGN,1,11.11.2011 13:06,"4,13",,United Kingdom
552372,SWEETHEART CERAMIC TRINKET BOX,12,09.05.2011 12:29,"1,25",13394.0,United Kingdom
554707,LOCAL CAFE MUG,48,26.05.2011 10:15,"1,85",14101.0,United Kingdom
577489,SET 6 PAPER TABLE LANTERN HEARTS,1,20.11.2011 12:07,"3,75",,United Kingdom
543923,ROSES REGENCY TEACUP AND SAUCER,12,14.02.2011 14:14,"2,95",14644.0,United Kingdom
540839,SPACEBOY CHILDRENS EGG CUP,4,11.01.2011 15:42,"1,25",16791.0,United Kingdom
539456,BLUE HEART COMPACT MIRROR,1,17.12.2010 17:23,"3,75",16885.0,United Kingdom
555472,ALARM CLOCK BAKELIKE CHOCOLATE,4,03.06.2011 11:46,"3,75",16701.0,United Kingdom
541686,WRAP DOILEY DESIGN,25,20.01.2011 15:42,"0,42",16912.0,United Kingdom
577058,GLAMOROUS  MUG,1,17.11.2011 14:29,"1,25",18122.0,United Kingdom
577768,LETS GO SHOPPING COTTON TOTE BAG,1,21.11.2011 15:18,"4,96",,United Kingdom
540509,BALLOON WATER BOMB PACK OF 35,10,09.01.2011 11:27,"0,42",14800.0,United Kingdom
572216,WOODEN HEART CHRISTMAS SCANDINAVIAN,10,21.10.2011 12:56,"0,29",16015.0,United Kingdom
571497,JUMBO BAG STRAWBERRY,20,17.10.2011 15:03,"2,08",14841.0,United Kingdom
541595,SET OF 36 DOILIES SPACEBOY DESIGN,1,19.01.2011 16:08,"1,45",14606.0,United Kingdom
538354,STRAWBERRY BATH SPONGE,10,10.12.2010 15:45,"1,25",16873.0,United Kingdom
541424,LOVE LARGE WOOD LETTERS,1,17.01.2011 17:57,"24,96",,United Kingdom
577016,MEMO BOARD RETROSPOT  DESIGN,4,17.11.2011 12:21,"4,95",17095.0,United Kingdom
554098,12 RED ROSE PEG PLACE SETTINGS,4,22.05.2011 13:01,"1,25",14769.0,United Kingdom
561193,WRAP 50'S  CHRISTMAS,25,25.07.2011 13:46,"0,42",13296.0,United Kingdom
568566,FLOWERS CHANDELIER T-LIGHT HOLDER,1,27.09.2011 17:47,"6,25",17609.0,United Kingdom
563712,CHILDRENS APRON SPACEBOY DESIGN,8,18.08.2011 15:44,"1,95",12680.0,France
553672,JUMBO BAG VINTAGE LEAF,10,18.05.2011 12:44,"2,08",15811.0,United Kingdom
537154,CREAM CUPID HEARTS COAT HANGER,8,05.12.2010 13:05,"3,25",15808.0,United Kingdom
552286,JUMBO BAG VINTAGE LEAF,10,08.05.2011 13:07,"2,08",16393.0,United Kingdom
540848,DECORATION  PINK CHICK MAGIC GARDEN,7,12.01.2011 09:26,"0,81",,United Kingdom
576099,STAR WREATH DECORATION WITH BELL,12,14.11.2011 10:28,"1,25",13021.0,United Kingdom
572732,WRAP DOLLY GIRL,25,25.10.2011 15:21,"0,42",18079.0,United Kingdom
545157,CREAM SWEETHEART MINI CHEST,2,28.02.2011 13:27,"12,75",14239.0,United Kingdom
560387,ROMANTIC PINKS RIBBONS,2,18.07.2011 13:00,"1,25",14667.0,United Kingdom
572237,PICTURE DOMINOES,12,21.10.2011 14:49,"1,45",15152.0,United Kingdom
546062,PANTRY APPLE CORER,2,09.03.2011 10:51,"1,45",16221.0,United Kingdom
542276,WOOD BLACK BOARD ANT WHITE FINISH,3,27.01.2011 10:19,"6,45",12764.0,Lebanon
542894,IVORY HANGING DECORATION  BIRD,12,01.02.2011 13:45,"0,85",12775.0,Netherlands
558991,TRAVEL CARD WALLET RETROSPOT,1,05.07.2011 11:32,"0,42",14606.0,United Kingdom
562608,DOLLY GIRL LUNCH BOX,24,08.08.2011 11:45,"1,95",15502.0,United Kingdom
570096,SMALL PURPLE BABUSHKA NOTEBOOK,1,07.10.2011 11:58,"0,85",15311.0,United Kingdom
540995,ORANGE TV TRAY TABLE,1,13.01.2011 09:30,"5,79",,United Kingdom
551516,DOUGHNUT LIP GLOSS,20,01.05.2011 11:10,"1,25",14800.0,United Kingdom
553162,FRYING PAN BLUE POLKADOT,1,13.05.2011 15:53,"8,29",,United Kingdom
546420,RED RETROSPOT SHOPPER BAG,4,13.03.2011 11:18,"1,25",14810.0,United Kingdom
563194,WOOD S/3 CABINET ANT WHITE FINISH,4,12.08.2011 16:36,"8,95",17858.0,United Kingdom
579399,SET 12 COLOUR PENCILS SPACEBOY,3,29.11.2011 12:09,"0,65",13137.0,United Kingdom
550215,TOMATO CHARLIE+LOLA COASTER SET,3,15.04.2011 10:43,"5,79",,United Kingdom
572550,PACK OF 72 SKULL CAKE CASES,1,24.10.2011 17:06,"1,25",,United Kingdom
575176,12 RED ROSE PEG PLACE SETTINGS,1,08.11.2011 18:29,"2,46",,United Kingdom
575960,MAGNETS PACK OF 4 HOME SWEET HOME,1,13.11.2011 12:28,"0,39",15429.0,United Kingdom
558614,TRIPLE WIRE HOOK IVORY HEART,1,30.06.2011 15:56,"4,13",,United Kingdom
550161,MAKE YOUR OWN FLOWERPOWER CARD KIT,6,14.04.2011 15:58,"2,95",14154.0,United Kingdom
570504,PLEASE ONE PERSON METAL SIGN,12,11.10.2011 09:29,"2,1",18241.0,United Kingdom
568057,BATHROOM METAL SIGN,2,23.09.2011 12:56,"1,25",,United Kingdom
573287,RED RETROSPOT SMALL MILK JUG,6,28.10.2011 14:42,"2,55",14194.0,United Kingdom
564634,KITCHEN METAL SIGN,12,26.08.2011 12:36,"0,55",14210.0,United Kingdom
540468,BISCUITS SMALL BOWL LIGHT BLUE,1,07.01.2011 13:55,"0,85",,United Kingdom
573572,WOODEN ADVENT CALENDAR CREAM,1,31.10.2011 14:03,"16,95",14527.0,United Kingdom
568712,HOME SWEET HOME CUSHION COVER,1,28.09.2011 15:50,"3,75",17841.0,United Kingdom
546105,PAPER CHAIN KIT EMPIRE,6,09.03.2011 12:21,"2,95",14662.0,United Kingdom
552729,REGENCY TEA PLATE ROSES,12,11.05.2011 10:36,"1,65",13089.0,United Kingdom
559538,"KEY FOB , SHED",1,10.07.2011 12:25,"0,65",16880.0,United Kingdom
562260,GLASS APOTHECARY BOTTLE TONIC,12,03.08.2011 15:38,"3,45",13408.0,United Kingdom
544930,REX CASH+CARRY JUMBO SHOPPER,1,24.02.2011 18:26,"0,95",17472.0,United Kingdom
536395,HAND WARMER BIRD DESIGN,48,01.12.2010 10:47,"2,1",13767.0,United Kingdom
569367,GLASS APOTHECARY BOTTLE PERFUME,1,03.10.2011 15:28,"3,95",13994.0,United Kingdom
569222,FELTCRAFT GIRL AMELIE KIT,3,02.10.2011 13:46,"4,95",15906.0,United Kingdom
553832,CHILDREN'S CIRCUS PARADE MUG,24,19.05.2011 11:38,"1,65",12957.0,United Kingdom
570806,VICTORIAN SEWING BOX SMALL,4,12.10.2011 12:42,"5,95",13115.0,United Kingdom
566115,PACK OF 12 VINTAGE LEAF TISSUES,24,09.09.2011 10:51,"0,39",12674.0,France
553368,DOORMAT MULTICOLOUR STRIPE,101,16.05.2011 14:24,"4,58",18102.0,United Kingdom
545346,DOORMAT HEARTS,2,02.03.2011 09:49,"7,95",12834.0,United Kingdom
556245,HERB MARKER THYME,1,09.06.2011 16:10,"0,65",17841.0,United Kingdom
549023,DOORMAT WELCOME TO OUR HOME,1,05.04.2011 16:27,"15,79",,United Kingdom
550408,JUMBO BAG WOODLAND ANIMALS,10,18.04.2011 11:59,"2,08",16746.0,United Kingdom
559289,HERB MARKER PARSLEY,1,07.07.2011 12:22,"0,65",15719.0,United Kingdom
552290,RED RETROSPOT WRAP,25,08.05.2011 13:32,"0,42",16007.0,United Kingdom
575587,ASSORTED COLOURS SILK FAN,12,10.11.2011 12:01,"0,83",17461.0,United Kingdom
572024,TRADITIONAL KNITTING NANCY,12,20.10.2011 11:17,"1,65",14631.0,United Kingdom
538524,GLITTER STAR GARLAND WITH BELLS,1,13.12.2010 09:35,"7,62",,United Kingdom
538071,CAKE STAND VICTORIAN FILIGREE LARGE,1,09.12.2010 14:09,"8,47",,United Kingdom
554137,ROUND SNACK BOXES SET OF 4 FRUITS,12,23.05.2011 10:13,"2,95",12708.0,Germany
578827,SET 12 COLOUR PENCILS SPACEBOY,3,25.11.2011 14:25,"1,25",,United Kingdom
570838,TRAVEL CARD WALLET VINTAGE LEAF,1,12.10.2011 14:05,"0,42",,United Kingdom
575176,SLEEPING CAT ERASERS,7,08.11.2011 18:29,"0,42",,United Kingdom
565585,PARTY BUNTING,12,05.09.2011 13:22,"4,95",16172.0,United Kingdom
537374,SMOKEY GREY COLOUR D.O.F. GLASS,4,06.12.2010 12:55,"0,65",17259.0,United Kingdom
570465,RED RETROSPOT TAPE,6,10.10.2011 16:02,"0,42",,United Kingdom
568044,SET OF 2 WOODEN MARKET CRATES,2,23.09.2011 12:10,"12,75",15763.0,United Kingdom
572090,RECYCLED ACAPULCO MAT GREEN,1,20.10.2011 14:33,"8,25",13573.0,United Kingdom
577500,FOOT STOOL HOME SWEET HOME,1,20.11.2011 12:30,"9,95",14052.0,United Kingdom
549690,STRIPY DESIGN SHOWER CAP,12,11.04.2011 13:41,"0,29",17841.0,United Kingdom
557498,PAPER BUNTING RETROSPOT,40,20.06.2011 15:22,"2,55",12971.0,United Kingdom
549546,VINTAGE SEASIDE JIGSAW PUZZLES,3,10.04.2011 11:24,"3,75",16889.0,United Kingdom
578140,CHILDREN'S APRON DOLLY GIRL,100,23.11.2011 10:58,"1,85",14646.0,Netherlands
551440,PACK OF 20 NAPKINS RED APPLES,2,28.04.2011 15:29,"0,85",15311.0,United Kingdom
572035,PANTRY MAGNETIC  SHOPPING LIST,48,20.10.2011 12:03,"1,25",14646.0,Netherlands
574182,RED ROCKING HORSE HAND PAINTED,24,03.11.2011 11:51,"1,25",16841.0,United Kingdom
557793,SET/10 RED POLKADOT PARTY CANDLES,5,22.06.2011 17:30,"1,25",14998.0,United Kingdom
564438,LUNCH BAG WOODLAND,10,25.08.2011 12:11,"1,65",16628.0,United Kingdom
551142,SCANDINAVIAN PAISLEY PICNIC BAG,4,26.04.2011 13:22,"1,65",17613.0,United Kingdom
567656,CHRISTMAS CRAFT TREE TOP ANGEL,2,21.09.2011 14:40,"4,13",14096.0,United Kingdom
551849,SET/5 RED RETROSPOT LID GLASS BOWLS,12,04.05.2011 14:33,"2,95",16258.0,United Kingdom
561874,RED RETROSPOT OVEN GLOVE DOUBLE,1,31.07.2011 12:02,"2,95",16255.0,United Kingdom
577540,DOORMAT TOPIARY,1,20.11.2011 14:28,"8,25",14984.0,United Kingdom
539185,SPACEBOY TV DINNER TRAY,2,16.12.2010 11:53,"4,95",16470.0,United Kingdom
571713,GARLAND WITH HEARTS AND BELLS,1,18.10.2011 16:58,"3,29",,United Kingdom
538827,NUMBER TILE VINTAGE FONT 1,24,14.12.2010 12:59,"0,42",14298.0,United Kingdom
552821,ALUMINIUM STAMPED HEART,1,11.05.2011 12:58,"2,49",18118.0,United Kingdom
549012,LOVE BUILDING BLOCK WORD,3,05.04.2011 14:51,"5,95",16394.0,United Kingdom
536528,CARD PSYCHEDELIC APPLES,12,01.12.2010 13:17,"0,42",15525.0,United Kingdom
551158,PINK  HEART CONFETTI IN TUBE,1,26.04.2011 15:00,"1,65",16823.0,United Kingdom
550834,PINK POLKADOT GARDEN PARASOL,1,21.04.2011 10:51,"7,95",14730.0,United Kingdom
538177,SWEETHEART CAKESTAND 3 TIER,1,10.12.2010 09:51,"20,38",,United Kingdom
540349,PENS ASSORTED SPACEBALL,36,06.01.2011 14:07,"0,21",15379.0,United Kingdom
552723,RED METAL BOX TOP SECRET,4,11.05.2011 10:18,"8,25",16229.0,United Kingdom
564510,FRENCH STYLE STORAGE JAR CAFE,48,25.08.2011 14:42,"0,29",14194.0,United Kingdom
568161,SET OF 4 KNICK KNACK TINS POPPIES,1,25.09.2011 12:31,"4,15",15860.0,United Kingdom
548978,ENCHANTED BIRD PLANT CAGE,2,05.04.2011 12:08,"3,75",15727.0,United Kingdom
557328,SET OF 60 I LOVE LONDON CAKE CASES,1,20.06.2011 09:53,"0,55",14646.0,Netherlands
558540,SWEETHEART RECIPE BOOK STAND,4,30.06.2011 12:15,"6,75",17706.0,United Kingdom
570488,PINK DOUGHNUT TRINKET POT,1,10.10.2011 17:12,"3,29",14096.0,United Kingdom
567796,CHILDRENS CUTLERY SPACEBOY,2,22.09.2011 11:46,"4,15",16395.0,United Kingdom
580727,PINK FAIRY CAKE CHILDRENS APRON,1,05.12.2011 17:17,"4,13",14096.0,United Kingdom
566572,SLATE TILE NATURAL HANGING,12,13.09.2011 12:52,"1,65",13488.0,United Kingdom
539501,RED HANGING HEART T-LIGHT HOLDER,4,20.12.2010 11:08,"2,95",17085.0,United Kingdom
578942,TRADITIONAL PICK UP STICKS GAME,1,27.11.2011 13:29,"1,25",17288.0,United Kingdom
569246,ENGLISH ROSE SPIRIT LEVEL,1,03.10.2011 09:57,"3,29",14096.0,United Kingdom
571828,CHOCOLATE HOT WATER BOTTLE,10,19.10.2011 11:52,"4,95",16440.0,United Kingdom
549746,SET OF 3 CAKE TINS SKETCHBOOK,24,12.04.2011 10:38,"4,25",15251.0,United Kingdom
563928,BLUE CHARLIE+LOLA PERSONAL DOORSIGN,2,21.08.2011 15:17,"0,39",17059.0,United Kingdom
539436,SWEETHEART RECIPE BOOK STAND,2,17.12.2010 14:49,"13,57",,United Kingdom
537638,SET OF 6 HEART CHOPSTICKS,1,07.12.2010 15:28,"2,51",,United Kingdom
571724,MINI LADLE LOVE HEART PINK,12,19.10.2011 08:20,"0,42",12572.0,Germany
570129,PACK OF 6 PANNETONE GIFT BOXES,12,07.10.2011 13:34,"2,55",12885.0,United Kingdom
539958,RED RETROSPOT TAPE,2,23.12.2010 13:26,"0,43",,United Kingdom
541711,PURPLE DRAWERKNOB ACRYLIC EDWARDIAN,12,21.01.2011 11:18,"1,25",14646.0,Netherlands
556580,DOG BOWL VINTAGE CREAM,4,13.06.2011 14:20,"4,25",17719.0,United Kingdom
575705,CHRISTMAS CRAFT TREE TOP ANGEL,24,10.11.2011 17:06,"2,1",15159.0,United Kingdom
539630,HEART OF WICKER SMALL,40,20.12.2010 14:59,"1,45",17230.0,United Kingdom
564760,LUNCH BAG PINK POLKADOT,1,30.08.2011 10:47,"4,13",,United Kingdom
543005,SET 6 FOOTBALL CELEBRATION CANDLES,12,02.02.2011 12:42,"1,25",16378.0,United Kingdom
558774,POCKET BAG PINK PAISELY BROWN SPOT,3,04.07.2011 10:17,"0,83",,United Kingdom
552905,6 RIBBONS RUSTIC CHARM,24,12.05.2011 11:10,"1,65",15974.0,United Kingdom
556271,NATURAL SLATE HEART CHALKBOARD,6,09.06.2011 19:40,"2,95",17483.0,United Kingdom
572318,SET OF 3 HANGING OWLS OLLIE BEAK,1,23.10.2011 16:19,"1,25",15436.0,United Kingdom
548504,DOTCOM POSTAGE,1,31.03.2011 14:33,"274,75",,United Kingdom
560900,CARD DOG AND BALL,1,21.07.2011 17:33,"0,42",,United Kingdom
568394,PINK FAIRY CAKE CHILDRENS APRON,8,27.09.2011 10:20,"1,95",13314.0,United Kingdom
544202,RETROSPOT LAMP,1,17.02.2011 10:29,"19,96",,United Kingdom
541219,RED POLKADOT PUDDING BOWL,2,14.01.2011 14:06,"4,13",,United Kingdom
537823,RED FLOCK LOVE HEART PHOTO FRAME,1,08.12.2010 14:25,"1,66",,United Kingdom
565234,PLASTERS IN TIN SKULLS,1,02.09.2011 09:38,"3,29",,United Kingdom
572617,SET OF 6 TEA TIME BAKING CASES,8,25.10.2011 11:52,"1,25",18272.0,United Kingdom
552690,LUNCH BAG ALPHABET DESIGN,10,10.05.2011 15:10,"1,65",16676.0,United Kingdom
546364,SET OF 6 CAKE CHOPSTICKS,2,11.03.2011 11:33,"1,25",,United Kingdom
572550,PACK OF 12 SUKI TISSUES,2,24.10.2011 17:06,"0,83",,United Kingdom
540968,SET OF 72 PINK HEART PAPER DOILIES,4,12.01.2011 13:40,"1,45",17338.0,United Kingdom
557671,RED RETROSPOT CAKE STAND,1,22.06.2011 10:11,"10,95",13849.0,United Kingdom
564065,SET OF 4 JAM JAR MAGNETS,12,22.08.2011 15:05,"2,08",15150.0,United Kingdom
562733,SINGLE ANTIQUE ROSE HOOK IVORY,12,09.08.2011 10:20,"1,45",14626.0,United Kingdom
563182,DECORATIVE WICKER HEART LARGE,12,12.08.2011 14:33,"1,65",17122.0,United Kingdom
548208,TOILET METAL SIGN,12,29.03.2011 17:12,"0,55",14189.0,United Kingdom
551286,WHITE HANGING HEART T-LIGHT HOLDER,12,27.04.2011 14:16,"2,95",13767.0,United Kingdom
550169,BULL DOG BOTTLE OPENER,1,14.04.2011 16:41,"4,95",14482.0,United Kingdom
566720,LUNCH BOX WITH CUTLERY RETROSPOT,1,14.09.2011 12:42,"2,55",13634.0,United Kingdom
564758,COFFEE MUG DOG + BALL DESIGN,1,30.08.2011 10:39,"4,96",,United Kingdom
581414,CHAMBRE HOOK,1,08.12.2011 14:39,"0,39",14730.0,United Kingdom
568798,BLACK/BLUE POLKADOT UMBRELLA,3,29.09.2011 10:23,"5,95",12615.0,France
545719,NUMBER TILE COTTAGE GARDEN 6,8,07.03.2011 10:28,"1,95",13344.0,United Kingdom
540975,JAM MAKING SET PRINTED,3,12.01.2011 14:57,"1,45",14040.0,United Kingdom
555025,LAVENDER SCENTED FABRIC HEART,10,31.05.2011 11:21,"1,25",17648.0,United Kingdom
568168,METAL MERRY CHRISTMAS WREATH,5,25.09.2011 12:46,"1,95",15799.0,United Kingdom
547387,VINTAGE CREAM CAT FOOD CONTAINER,2,22.03.2011 16:00,"6,35",12539.0,Spain
555695,REGENCY CAKESTAND 3 TIER,2,06.06.2011 14:32,"12,75",16168.0,United Kingdom
542890,RED RETROSPOT MINI CASES,1,01.02.2011 13:25,"7,95",15311.0,United Kingdom
575076,SET OF 6 SOLDIER SKITTLES,4,08.11.2011 13:20,"3,75",16639.0,United Kingdom
566287,HAND WARMER BABUSHKA DESIGN,1,11.09.2011 15:11,"2,1",17218.0,United Kingdom
540015,CHILLI LIGHTS,4,04.01.2011 11:40,"4,95",13319.0,United Kingdom
547860,OCEAN SCENT CANDLE IN JEWELLED BOX,3,27.03.2011 12:21,"4,25",17625.0,United Kingdom
559547,CARD BIRTHDAY COWBOY,12,10.07.2011 15:12,"0,42",17758.0,United Kingdom
549155,DOTCOM POSTAGE,1,06.04.2011 17:08,"187,21",,United Kingdom
538071,WHITE GOOSE FEATHER TREE 60CM,1,09.12.2010 14:09,"5,91",,United Kingdom
556433,STRAWBERRY CHARLOTTE BAG,15,10.06.2011 14:01,"2,46",,United Kingdom
567673,DINOSAUR KEYRINGS ASSORTED,1,21.09.2011 15:43,"0,42",,United Kingdom
544450,DOORMAT UNION FLAG,4,20.02.2011 12:23,"7,95",17811.0,United Kingdom
551160,PACK OF 6 BIRDY GIFT TAGS,12,26.04.2011 15:04,"1,25",15237.0,United Kingdom
538366,RECIPE BOX RETROSPOT,9,12.12.2010 10:47,"2,95",18109.0,United Kingdom
572240,ZINC  HEART T-LIGHT HOLDER,16,21.10.2011 15:18,"1,25",13709.0,United Kingdom
578808,TOILET METAL SIGN,5,25.11.2011 13:23,"0,55",16327.0,United Kingdom
564974,ENAMEL BREAD BIN CREAM,1,31.08.2011 15:32,"24,96",,United Kingdom
579692,GLAMOROUS  MUG,12,30.11.2011 14:05,"1,25",12433.0,Norway
538349,FLORAL FOLK STATIONERY SET,1,10.12.2010 14:59,"2,51",,United Kingdom
547498,ROUND SNACK BOXES SET OF 4 SKULLS,1,23.03.2011 12:24,"2,95",15021.0,United Kingdom
579546,JUMBO BAG PEARS,4,30.11.2011 10:37,"2,08",,United Kingdom
572866,SWISS ROLL TOWEL PINK  SPOTS,6,26.10.2011 13:07,"2,95",15005.0,United Kingdom
539317,VINTAGE CARAVAN GREETING CARD,12,16.12.2010 19:04,"0,42",17392.0,United Kingdom
559510,SKULL LUNCH BOX WITH CUTLERY,6,08.07.2011 15:29,"2,55",14961.0,United Kingdom
546440,CARD I LOVE LONDON,12,14.03.2011 10:31,"0,42",16871.0,United Kingdom
569220,HOT WATER BOTTLE TEA AND SYMPATHY,1,02.10.2011 13:26,"4,25",16007.0,United Kingdom
577409,RED TOADSTOOL LED NIGHT LIGHT,12,20.11.2011 10:53,"1,65",16779.0,United Kingdom
563555,JUMBO BAG WOODLAND ANIMALS,4,17.08.2011 13:21,"2,08",16755.0,United Kingdom
564300,WORLD WAR 2 GLIDERS ASSTD DESIGNS,96,24.08.2011 11:31,"0,29",16723.0,United Kingdom
538313,SOLDIERS EGG CUP,12,10.12.2010 13:50,"1,25",15514.0,United Kingdom
552279,JUMBO BAG RED RETROSPOT,10,08.05.2011 12:38,"2,08",15117.0,United Kingdom
545826,SET OF SALT AND PEPPER TOADSTOOLS,12,07.03.2011 13:03,"1,25",17696.0,United Kingdom
556042,SKULL LUNCH BOX WITH CUTLERY,6,08.06.2011 12:44,"2,55",14367.0,United Kingdom
578827,SET OF 6 3D KIT CARDS FOR KIDS,1,25.11.2011 14:25,"1,63",,United Kingdom
560773,PAPER BUNTING VINTAGE PAISLEY,1,20.07.2011 16:17,"5,79",,United Kingdom
539039,LUNCH BAG RED RETROSPOT,10,15.12.2010 15:00,"1,65",13124.0,United Kingdom
539088,LUNCH BAG WOODLAND,30,16.12.2010 09:45,"1,65",13093.0,United Kingdom
550953,SPACEBOY CHILDRENS EGG CUP,1,21.04.2011 16:17,"2,46",,United Kingdom
548199,JUMBO BAG RED RETROSPOT,10,29.03.2011 16:12,"1,95",16945.0,United Kingdom
556541,JUMBO BAG PINK POLKADOT,30,13.06.2011 12:52,"2,08",13552.0,United Kingdom
566860,WOODEN BOX OF DOMINOES,12,15.09.2011 12:40,"1,25",17002.0,United Kingdom
563200,DOORMAT WELCOME TO OUR HOME,1,14.08.2011 10:49,"7,95",13838.0,United Kingdom
581492,ROCKING HORSE RED CHRISTMAS,4,09.12.2011 10:03,"1,63",,United Kingdom
542617,SKULLS AND CROSSBONES WRAP,25,30.01.2011 15:48,"0,42",17463.0,United Kingdom
555741,DANISH ROSE BEDSIDE CABINET,2,07.06.2011 10:05,"39,95",16817.0,United Kingdom
540568,SET3 BOOK BOX GREEN GINGHAM FLOWER,3,10.01.2011 11:22,"4,25",15039.0,United Kingdom
558063,ASSORTED CREEPY CRAWLIES,72,24.06.2011 15:28,"0,42",16395.0,United Kingdom
564840,KITCHEN METAL SIGN,1,30.08.2011 12:49,"1,25",,United Kingdom
568387,DOORMAT NEW ENGLAND,2,27.09.2011 10:04,"8,25",13704.0,United Kingdom
548163,JUMBO BAG TOYS,3,29.03.2011 13:43,"4,13",,United Kingdom
561632,ALARM CLOCK BAKELIKE RED,4,28.07.2011 14:30,"3,75",15639.0,United Kingdom
563231,JUMBO BAG RED RETROSPOT,2,14.08.2011 15:42,"2,08",14658.0,United Kingdom
550318,HEADS AND TAILS SPORTING FUN,3,17.04.2011 12:25,"1,25",16085.0,United Kingdom
566271,SET OF 5 LUCKY CAT MAGNETS,12,11.09.2011 13:44,"2,08",14250.0,United Kingdom
541879,JUMBO BAG RED RETROSPOT,2,24.01.2011 10:31,"4,13",,United Kingdom
544056,JUMBO BAG OWLS,10,15.02.2011 12:48,"1,95",13004.0,United Kingdom
560567,RED RETROSPOT PLATE,1,19.07.2011 13:57,"3,29",,United Kingdom
541500,FOOD/DRINK SPONGE STICKERS,48,18.01.2011 15:25,"0,21",18041.0,United Kingdom
552269,SPOTTY BUNTING,1,08.05.2011 11:52,"4,95",16121.0,United Kingdom
542617,FOOD CONTAINER SET 3 LOVE HEART,2,30.01.2011 15:48,"1,95",17463.0,United Kingdom
575222,LANDMARK FRAME LONDON BRIDGE,1,09.11.2011 11:33,"12,5",16880.0,United Kingdom
544094,PAPER CHAIN KIT RETROSPOT,6,16.02.2011 09:11,"2,95",15810.0,United Kingdom
552894,HANGING HEART MIRROR DECORATION,4,12.05.2011 10:53,"0,65",14606.0,United Kingdom
566488,LARGE IVORY HEART WALL ORGANISER,2,13.09.2011 10:16,"8,25",12940.0,United Kingdom
579187,PACK OF 12 SKULL TISSUES,1,28.11.2011 15:31,"0,83",,United Kingdom
559923,TEA TIME PARTY BUNTING,2,13.07.2011 16:07,"10,79",,United Kingdom
568158,EMBROIDERED RIBBON REEL REBECCA,6,25.09.2011 12:22,"2,89",16133.0,United Kingdom
553387,"LETTER ""K"" BLING KEY RING",1,16.05.2011 16:33,"0,83",,United Kingdom
540003,BREAD BIN DINER STYLE RED,1,04.01.2011 10:37,"16,95",16875.0,United Kingdom
538449,GIN + TONIC DIET METAL SIGN,3,12.12.2010 12:24,"2,1",17085.0,United Kingdom
553129,JUMBO BAG DOILEY PATTERNS,4,13.05.2011 12:34,"2,08",17765.0,United Kingdom
560090,GREEN MURANO TWIST BRACELET,1,14.07.2011 16:46,"4,15",,United Kingdom
547490,COOK WITH WINE METAL SIGN,2,23.03.2011 11:48,"2,08",17507.0,United Kingdom
546760,SAVE THE PLANET COTTON TOTE BAG,6,16.03.2011 14:00,"2,25",12597.0,Spain
578065,PACK OF 12 50'S CHRISTMAS TISSUES,1,22.11.2011 15:41,"0,83",,United Kingdom
554261,NO JUNK MAIL METAL SIGN,2,23.05.2011 12:32,"1,25",16033.0,United Kingdom
558533,FRENCH BATHROOM SIGN BLUE METAL,12,30.06.2011 11:49,"1,65",16717.0,United Kingdom
569374,PINK  POLKADOT CUP,7,03.10.2011 16:14,"1,63",,United Kingdom
570225,CHRISTMAS TREE STAR DECORATION,4,09.10.2011 13:15,"0,42",16595.0,United Kingdom
557745,SET OF 4 KNICK KNACK TINS LONDON,1,22.06.2011 12:16,"4,15",15750.0,United Kingdom
541421,JUMBO BAG CHARLIE AND LOLA TOYS,17,17.01.2011 17:44,"2,46",,United Kingdom
580997,COOK WITH WINE METAL SIGN,4,06.12.2011 17:23,"2,08",15023.0,United Kingdom
572513,CURIOUS IMAGES GIFT WRAP SET,2,24.10.2011 14:36,"0,65",16728.0,United Kingdom
572227,3D CHRISTMAS STAMPS STICKERS,18,21.10.2011 14:01,"1,25",15051.0,United Kingdom
578068,FELTCRAFT HAIRBAND PINK AND BLUE,1,22.11.2011 15:45,"0,85",14505.0,United Kingdom
579434,CLASSIC CHROME BICYCLE BELL,12,29.11.2011 13:17,"1,45",16678.0,United Kingdom
541830,BUTTERFLY HAIR BAND,1,21.01.2011 17:09,"2,48",,United Kingdom
559122,BLUE NEW BAROQUE CANDLESTICK CANDLE,24,06.07.2011 12:22,"0,85",15159.0,United Kingdom
541695,SMALL MARSHMALLOWS PINK BOWL,8,20.01.2011 18:01,"0,83",,United Kingdom
567980,DOORMAT AIRMAIL,1,23.09.2011 11:22,"8,25",15311.0,United Kingdom
576837,IVORY WICKER HEART SMALL,1,16.11.2011 15:16,"1,25",,United Kingdom
564510,MULTICOLOUR SPRING FLOWER MUG,48,25.08.2011 14:42,"0,39",14194.0,United Kingdom
549372,GRAND CHOCOLATECANDLE,9,08.04.2011 11:28,"1,45",14958.0,United Kingdom
543022,BROWN CHECK CAT DOORSTOP,2,02.02.2011 14:37,"4,25",16771.0,United Kingdom
559802,60 CAKE CASES VINTAGE CHRISTMAS,1,12.07.2011 13:48,"2,08",,United Kingdom
540267,BLUE POLKADOT CUP,96,06.01.2011 11:12,"0,72",12415.0,Australia
575046,POPCORN HOLDER,21,08.11.2011 12:09,"0,85",15039.0,United Kingdom
560829,GREEN VINTAGE SPOT BEAKER,8,21.07.2011 12:00,"0,85",17694.0,United Kingdom
568218,REINDEER HEART DECORATION SILVER,24,26.09.2011 09:52,"0,83",13389.0,United Kingdom
579458,LUNCH BAG ALPHABET DESIGN,1,29.11.2011 14:38,"1,65",16549.0,United Kingdom
552372,PACK OF 72 RETROSPOT CAKE CASES,24,09.05.2011 12:29,"0,55",13394.0,United Kingdom
580397,SET OF 2 CERAMIC PAINTED HEARTS,1,04.12.2011 11:24,"1,45",13558.0,United Kingdom
568325,GARDENERS KNEELING PAD KEEP CALM,7,26.09.2011 13:57,"1,65",14667.0,United Kingdom
568800,PLAYING CARDS JUBILEE UNION JACK,12,29.09.2011 10:45,"1,25",14868.0,United Kingdom
544702,SWEETHEART CERAMIC TRINKET BOX,36,23.02.2011 10:27,"1,25",17135.0,United Kingdom
567507,PINK REGENCY TEACUP AND SAUCER,5,20.09.2011 14:46,"5,79",,United Kingdom
563437,FANCY FONTS BIRTHDAY WRAP,25,16.08.2011 12:52,"0,42",14232.0,United Kingdom
539009,IVORY KITCHEN SCALES,2,15.12.2010 13:24,"8,5",13221.0,United Kingdom
552059,BLUE POLKADOT COFFEE MUG,96,06.05.2011 10:37,"0,39",17470.0,United Kingdom
540462,CHOCOLATE HOT WATER BOTTLE,3,07.01.2011 12:45,"4,95",16779.0,United Kingdom
550512,ANTIQUE SILVER TEA GLASS ENGRAVED,6,18.04.2011 16:31,"1,25",18069.0,United Kingdom
563557,DRAWER KNOB CRACKLE GLAZE GREEN,24,17.08.2011 13:33,"1,65",15786.0,United Kingdom
580729,MINI PLAYING CARDS GYMKHANA,3,05.12.2011 17:24,"0,83",,United Kingdom
561917,SINGLE ANTIQUE ROSE HOOK IVORY,2,01.08.2011 11:57,"1,45",16904.0,United Kingdom
579457,JUMBO BAG RED RETROSPOT,30,29.11.2011 14:20,"2,08",14824.0,United Kingdom
574923,RED RETROSPOT CHILDRENS UMBRELLA,2,07.11.2011 16:40,"3,25",17757.0,United Kingdom
572216,POPPY'S PLAYHOUSE BATHROOM,1,21.10.2011 12:56,"2,1",16015.0,United Kingdom
537642,FELTCRAFT CUSHION BUTTERFLY,1,07.12.2010 15:33,"7,62",,United Kingdom
549522,WOODEN PICTURE FRAME WHITE FINISH,6,08.04.2011 15:34,"2,55",16873.0,United Kingdom
546119,CARD GINGHAM ROSE,12,09.03.2011 14:22,"0,42",16945.0,United Kingdom
538508,CERAMIC STRAWBERRY CAKE MONEY BANK,2,12.12.2010 13:32,"1,45",15998.0,United Kingdom
564825,PIZZA PLATE IN BOX,1,30.08.2011 12:26,"3,29",,United Kingdom
564820,SET OF 6 GIRLS CELEBRATION CANDLES,2,30.08.2011 12:16,"1,25",,United Kingdom
568715,BANQUET BIRTHDAY  CARD,12,28.09.2011 16:07,"0,42",17783.0,United Kingdom
541219,CRYSTAL SEA HORSE PHONE CHARM,1,14.01.2011 14:06,"1,63",,United Kingdom
558904,RED FLOWER CROCHET FOOD COVER,5,04.07.2011 16:18,"3,29",,United Kingdom
549567,JUMBO SHOPPER VINTAGE RED PAISLEY,2,10.04.2011 15:07,"2,08",13632.0,United Kingdom
537624,SMALL SQUARE CUT GLASS CANDLESTICK,2,07.12.2010 14:41,"4,95",12748.0,United Kingdom
573360,TRADITIONAL WOODEN SKIPPING ROPE,4,30.10.2011 12:51,"1,45",15748.0,United Kingdom
550033,LUNCH BAG SPACEBOY DESIGN,2,14.04.2011 11:45,"1,65",15005.0,United Kingdom
561804,PARTY BUNTING,4,29.07.2011 14:40,"4,95",14191.0,United Kingdom
563924,PACK OF 20 NAPKINS PANTRY DESIGN,1,21.08.2011 14:32,"0,85",15984.0,United Kingdom
546545,LARGE CAKE STAND HANGING HEARTS,4,14.03.2011 15:48,"3,95",16804.0,United Kingdom
580727,SET 12 KIDS COLOUR  CHALK STICKS,5,05.12.2011 17:17,"0,83",14096.0,United Kingdom
580553,GREEN POLKADOT PLATE,16,05.12.2011 10:14,"1,69",12646.0,USA
561862,MONEY BOX FIRST AID DESIGN,1,31.07.2011 10:38,"1,25",15569.0,United Kingdom
541219,CARD CIRCUS PARADE,1,14.01.2011 14:06,"0,83",,United Kingdom
576339,CALENDAR FAMILY FAVOURITES,4,14.11.2011 15:27,"2,46",14096.0,United Kingdom
544160,VICTORIAN  METAL POSTCARD SPRING,24,16.02.2011 12:49,"1,69",16494.0,United Kingdom
554098,PLACE SETTING WHITE HEART,24,22.05.2011 13:01,"0,42",14769.0,United Kingdom
574316,DOORMAT KEEP CALM AND COME IN,3,03.11.2011 18:45,"8,25",17351.0,United Kingdom
577298,LARGE HEART MEASURING SPOONS,24,18.11.2011 12:49,"1,65",14299.0,United Kingdom
572918,REX CASH+CARRY JUMBO SHOPPER,1,26.10.2011 16:43,"0,95",14379.0,United Kingdom
561034,PLASTERS IN TIN SKULLS,1,24.07.2011 11:45,"1,65",15506.0,United Kingdom
578270,CHARLIE + LOLA RED HOT WATER BOTTLE,2,23.11.2011 13:39,"3,29",14096.0,United Kingdom
574545,PINK HAPPY BIRTHDAY BUNTING,2,04.11.2011 14:54,"5,45",17084.0,United Kingdom
573878,SET OF 4 ENGLISH ROSE COASTERS,10,01.11.2011 13:20,"1,25",14243.0,United Kingdom
543022,BEWARE OF THE CAT METAL SIGN,3,02.02.2011 14:37,"1,69",16771.0,United Kingdom
575985,TREASURE TIN GYMKHANA DESIGN,1,13.11.2011 14:09,"2,08",17841.0,United Kingdom
579777,6 ROCKET BALLOONS,2,30.11.2011 15:13,"1,25",,United Kingdom
554701,PAPER BUNTING COLOURED LACE,4,26.05.2011 09:33,"2,95",12974.0,United Kingdom
544673,JUMBO SHOPPER VINTAGE RED PAISLEY,10,22.02.2011 15:46,"1,95",13421.0,United Kingdom
540028,TRIPLE PHOTO FRAME CORNICE,2,04.01.2011 13:38,"9,95",14180.0,United Kingdom
549953,"SET 3 RETROSPOT TEA,COFFEE,SUGAR",4,13.04.2011 13:15,"4,95",12766.0,Portugal
579868,ROLL WRAP 50'S RED CHRISTMAS,12,30.11.2011 16:43,"1,25",15544.0,United Kingdom
579291,CHARLOTTE BAG SUKI DESIGN,1,29.11.2011 11:21,"5,63",,United Kingdom
561879,SET OF 60 PANTRY DESIGN CAKE CASES,24,31.07.2011 12:43,"0,55",13722.0,United Kingdom
553148,MEASURING TAPE BABUSHKA BLUE,6,13.05.2011 14:09,"2,95",,Hong Kong
560773,DECORATION  PINK CHICK MAGIC GARDEN,1,20.07.2011 16:17,"0,83",,United Kingdom
559799,RED RETROSPOT SHOPPER BAG,1,12.07.2011 13:46,"3,29",,United Kingdom
558647,FELTCRAFT BUTTERFLY HEARTS,12,01.07.2011 10:39,"1,45",14868.0,United Kingdom
559887,JAZZ HEARTS PURSE NOTEBOOK,2,13.07.2011 11:44,"0,39",13263.0,United Kingdom
570677,CHICK GREY HOT WATER BOTTLE,3,11.10.2011 15:10,"4,25",12836.0,United Kingdom
554124,GINGHAM HEART DECORATION,12,23.05.2011 08:31,"0,85",13339.0,United Kingdom
572047,CHARLOTTE BAG DOLLY GIRL DESIGN,2,20.10.2011 12:13,"0,85",16474.0,United Kingdom
537023,RED RETROSPOT CHARLOTTE BAG,2,03.12.2010 16:02,"0,85",16725.0,United Kingdom
580903,CERAMIC PIRATE CHEST MONEY BANK,1,06.12.2011 12:56,"1,45",14606.0,United Kingdom
537237,COLOUR GLASS. STAR T-LIGHT HOLDER,4,06.12.2010 09:58,"6,77",,United Kingdom
578317,JAM MAKING SET PRINTED,12,23.11.2011 16:47,"1,45",15398.0,United Kingdom
580997,LARGE HEART MEASURING SPOONS,3,06.12.2011 17:23,"1,65",15023.0,United Kingdom
557247,SPACEBOY LUNCH BOX,12,17.06.2011 15:09,"1,95",12731.0,France
558614,DECORATION  PINK CHICK MAGIC GARDEN,1,30.06.2011 15:56,"0,83",,United Kingdom
578664,SWALLOW WOODEN CHRISTMAS DECORATION,13,24.11.2011 16:59,"0,85",15910.0,United Kingdom
569862,ASSORTED COLOUR BIRD ORNAMENT,16,06.10.2011 14:43,"1,69",14518.0,United Kingdom
548654,MINI CAKE STAND  HANGING STRAWBERY,16,01.04.2011 13:47,"1,65",12569.0,Germany
541827,SMALL HANGING IVORY/RED WOOD BIRD,1,21.01.2011 17:05,"0,83",,United Kingdom
544569,RECIPE BOX RETROSPOT,3,21.02.2011 12:58,"2,95",16980.0,United Kingdom
560225,PINK BABY BUNTING,2,15.07.2011 16:27,"5,79",,United Kingdom
536607,HOME BUILDING BLOCK WORD,3,02.12.2010 09:29,"5,95",17732.0,United Kingdom
542538,HERB MARKER ROSEMARY,12,28.01.2011 13:54,"0,65",15079.0,United Kingdom
571241,VINTAGE PAISLEY STATIONERY SET,1,14.10.2011 14:58,"1,25",14592.0,United Kingdom
580115,WOODLAND BUNNIES LOLLY MAKERS,1,01.12.2011 16:22,"4,13",,United Kingdom
571510,RETROSPOT LAMP,4,17.10.2011 15:37,"9,95",18241.0,United Kingdom
564065,BOTANICAL LILY GIFT WRAP,25,22.08.2011 15:05,"0,42",15150.0,United Kingdom
566534,CHARLOTTE BAG PINK POLKADOT,19,13.09.2011 11:32,"2,46",,United Kingdom
540561,PARTY PIZZA DISH PINK POLKADOT,24,10.01.2011 10:32,"0,21",13004.0,United Kingdom
576617,GYMKHANA TREASURE BOOK BOX,1,15.11.2011 16:57,"4,58",,United Kingdom
574704,THREE MINI HANGING FRAMES,2,06.11.2011 14:02,"4,15",15696.0,United Kingdom
551616,PAPER BUNTING RETROSPOT,1,03.05.2011 11:40,"2,95",15048.0,United Kingdom
569261,3 TRADITIONAl BISCUIT CUTTERS  SET,2,03.10.2011 11:34,"2,1",17321.0,United Kingdom
552832,RECYCLED ACAPULCO MAT BLUE,1,11.05.2011 14:13,"8,25",,United Kingdom
540977,PACK OF 12 TRADITIONAL CRAYONS,1,12.01.2011 15:01,"0,85",,United Kingdom
549771,MINI CAKE STAND  HANGING STRAWBERY,3,12.04.2011 11:43,"1,65",14669.0,United Kingdom
541265,EASTER BUNNY WREATH,1,16.01.2011 16:23,"4,95",17609.0,United Kingdom
544064,WOOD S/3 CABINET ANT WHITE FINISH,1,15.02.2011 13:50,"8,95",17114.0,United Kingdom
557938,PAINTED YELLOW WOODEN DAISY,8,23.06.2011 15:35,"0,83",,United Kingdom
558200,BISCUITS SMALL BOWL LIGHT BLUE,6,27.06.2011 13:00,"0,42",15976.0,United Kingdom
545216,CARNIVAL BRACELET,1,28.02.2011 16:50,"12,48",,United Kingdom
578846,POPCORN HOLDER,20,25.11.2011 17:27,"0,85",17757.0,United Kingdom
580311,BAKING SET 9 PIECE RETROSPOT,3,02.12.2011 14:48,"4,95",18245.0,United Kingdom
559337,LAUNDRY 15C METAL SIGN,1,07.07.2011 16:27,"2,46",,United Kingdom
577328,FAIRY CAKE DESIGN UMBRELLA,18,18.11.2011 14:14,"2,95",14088.0,United Kingdom
536833,PAPER CHAIN KIT VINTAGE CHRISTMAS,6,02.12.2010 17:48,"2,95",18239.0,United Kingdom
550283,HAND OVER THE CHOCOLATE   SIGN,12,15.04.2011 14:05,"2,1",18094.0,United Kingdom
563750,PENS ASSORTED FUNNY FACE,36,19.08.2011 10:18,"0,19",16122.0,United Kingdom
568213,BOX OF 6 MINI VINTAGE CRACKERS,6,25.09.2011 16:06,"2,49",15214.0,United Kingdom
567170,CLASSIC FRENCH STYLE BASKET BROWN,1,18.09.2011 12:40,"3,95",13566.0,United Kingdom
573580,PLASTERS IN TIN STRONGMAN,1,31.10.2011 14:21,"3,29",,United Kingdom
558316,STRAWBERRY SHOPPER BAG,2,28.06.2011 11:45,"2,46",,United Kingdom
572030,ENAMEL BREAD BIN CREAM,1,20.10.2011 11:51,"12,75",14923.0,United Kingdom
576381,WOODEN FRAME ANTIQUE WHITE,6,15.11.2011 09:26,"2,95",12839.0,United Kingdom
569022,SOAP DISH BROCANTE,8,30.09.2011 09:45,"2,95",17725.0,United Kingdom
548984,GLASS CHALICE GREEN  SMALL,2,05.04.2011 12:37,"0,39",14546.0,United Kingdom
556303,NATURAL SLATE HEART CHALKBOARD,6,10.06.2011 10:26,"2,95",17064.0,United Kingdom
557956,JUMBO STORAGE BAG SUKI,2,23.06.2011 19:20,"2,08",18283.0,United Kingdom
562341,HEADS AND TAILS SPORTING FUN,2,04.08.2011 12:13,"1,25",15005.0,United Kingdom
575219,SET 6 PAPER TABLE LANTERN HEARTS,48,09.11.2011 11:17,"3,29",17511.0,United Kingdom
544657,3 TIER SWEETHEART GARDEN SHELF,1,22.02.2011 13:08,"35,95",14895.0,United Kingdom
581171,SPACEBOY BIRTHDAY CARD,12,07.12.2011 15:02,"0,42",12615.0,France
537825,STRAWBERRY CHARLOTTE BAG,10,08.12.2010 14:36,"0,85",15005.0,United Kingdom
547000,LARGE SKULL WINDMILL,6,18.03.2011 13:51,"2,1",14282.0,United Kingdom
577320,SET OF 10 LED DOLLY LIGHTS,4,18.11.2011 13:44,"6,25",13880.0,United Kingdom
550471,NATURAL SLATE RECTANGLE CHALKBOARD,1,18.04.2011 13:52,"3,29",,United Kingdom
568542,ALARM CLOCK BAKELIKE PINK,2,27.09.2011 14:31,"3,75",16750.0,United Kingdom
544182,YELLOW COAT RACK PARIS FASHION,3,16.02.2011 15:13,"4,95",18257.0,United Kingdom
558777,PINK VINTAGE SPOT BEAKER,3,04.07.2011 10:23,"1,63",,United Kingdom
537086,RED GINGHAM ROSE JEWELLERY BOX,16,05.12.2010 12:01,"1,65",15332.0,Lithuania
578844,BLUE POLKADOT LUGGAGE TAG,1,25.11.2011 16:14,"2,46",,United Kingdom
570187,ENAMEL PINK COFFEE CONTAINER,1,07.10.2011 15:09,"2,46",,United Kingdom
569220,SKETCHBOOK MAGNETIC SHOPPING LIST,2,02.10.2011 13:26,"1,45",16007.0,United Kingdom
570482,WRAP CHRISTMAS SCREEN PRINT,25,10.10.2011 17:00,"0,19",17459.0,United Kingdom
577400,GREEN REGENCY TEACUP AND SAUCER,6,18.11.2011 17:20,"2,95",16201.0,United Kingdom
567868,SILVER HANGING T-LIGHT HOLDER,6,22.09.2011 14:18,"1,65",17603.0,United Kingdom
572669,DO NOT TOUCH MY STUFF DOOR HANGER,1,25.10.2011 13:10,"0,39",16549.0,United Kingdom
569365,LARGE WHITE HEART OF WICKER,9,03.10.2011 15:24,"1,97",18102.0,United Kingdom
550439,HOME BUILDING BLOCK WORD,4,18.04.2011 12:17,"5,95",18231.0,United Kingdom
573585,LARGE WHITE HEART OF WICKER,14,31.10.2011 14:41,"3,29",,United Kingdom
554634,,64,25.05.2011 11:44,0,,United Kingdom
561465,PANTRY APPLE CORER,1,27.07.2011 12:45,"1,45",16447.0,United Kingdom
555726,ROUND SNACK BOXES SET OF 4 FRUITS,6,06.06.2011 16:23,"2,95",12540.0,Spain
556081,POTTERING MUG,1,08.06.2011 15:22,"3,29",,United Kingdom
550125,DELUXE SEWING KIT,3,14.04.2011 12:42,"5,95",13317.0,United Kingdom
538361,FRENCH LAUNDRY SIGN BLUE METAL,1,10.12.2010 16:36,"1,65",17757.0,United Kingdom
571665,WOODEN STAR CHRISTMAS SCANDINAVIAN,24,18.10.2011 12:59,"0,29",12540.0,Spain
558475,JIGSAW TOADSTOOLS 3 PIECE,17,29.06.2011 15:58,"1,25",,United Kingdom
548636,TEA PARTY BIRTHDAY CARD,12,01.04.2011 12:29,"0,42",15601.0,United Kingdom
577078,WHITE ROCKING HORSE HAND PAINTED,5,17.11.2011 15:17,"2,46",,United Kingdom
552668,JUMBO BAG SCANDINAVIAN BLUE PAISLEY,2,10.05.2011 15:05,"4,13",,United Kingdom
550784,WRAP I LOVE LONDON,25,20.04.2011 13:59,"0,42",13269.0,United Kingdom
564221,TRAVEL CARD WALLET SUKI,1,24.08.2011 09:36,"0,83",,United Kingdom
538722,TOILET METAL SIGN,4,14.12.2010 11:12,"0,55",17975.0,United Kingdom
574074,JUMBO BAG 50'S CHRISTMAS,4,02.11.2011 15:33,"4,13",,United Kingdom
540537,WICKER WREATH SMALL,4,09.01.2011 14:28,"1,45",13565.0,United Kingdom
548728,FUNKY MONKEY GIFT BAG MEDIUM,24,04.04.2011 09:55,"0,42",13198.0,United Kingdom
572302,CHILDRENS CUTLERY POLKADOT BLUE,2,23.10.2011 14:47,"4,15",15427.0,United Kingdom
581476,GUMBALL COAT RACK,6,09.12.2011 08:48,"2,55",12433.0,Norway
576110,,5,14.11.2011 10:33,0,,United Kingdom
543182,PACK OF 12 STICKY BUNNIES,1,04.02.2011 10:40,"1,63",,United Kingdom
557958,CHILDRENS CUTLERY SPACEBOY,4,23.06.2011 19:27,"4,15",16161.0,United Kingdom
546764,HANGING METAL STAR LANTERN,12,16.03.2011 14:31,"1,65",15671.0,United Kingdom
561119,BLUE STRIPE CERAMIC DRAWER KNOB,12,25.07.2011 12:34,"1,25",17719.0,United Kingdom
569917,REGENCY TEA PLATE GREEN,24,06.10.2011 17:02,"1,65",17453.0,United Kingdom
538349,CHRISTMAS RETROSPOT TREE WOOD,1,10.12.2010 14:59,"1,66",,United Kingdom
544824,VINTAGE CREAM CAT FOOD CONTAINER,2,24.02.2011 09:32,"6,35",17139.0,United Kingdom
574590,ALARM CLOCK BAKELIKE PINK,2,06.11.2011 10:44,"3,75",18077.0,United Kingdom
560926,CARD BILLBOARD FONT,1,22.07.2011 09:20,"0,83",,United Kingdom
539631,ENGLISH ROSE NOTEBOOK A7 SIZE,6,20.12.2010 15:03,"0,85",,United Kingdom
559163,GIRLS VINTAGE TIN SEASIDE BUCKET,2,06.07.2011 16:33,"2,46",,United Kingdom
561209,RED RETROSPOT PLATE,4,25.07.2011 16:57,"3,29",,United Kingdom
543345,FOLKART HEART NAPKIN RINGS,1,07.02.2011 12:29,"3,29",,United Kingdom
559806,CARD WEDDING DAY,12,12.07.2011 14:26,"0,42",13311.0,United Kingdom
566850,DOLLY GIRL BABY GIFT SET,2,15.09.2011 12:04,"16,95",13662.0,United Kingdom
570229,COOK WITH WINE METAL SIGN,2,09.10.2011 13:30,"2,08",15756.0,United Kingdom
567478,MINT KITCHEN SCALES,2,20.09.2011 13:21,"8,5",12584.0,Italy
575891,RABBIT NIGHT LIGHT,6,11.11.2011 14:12,"2,08",15692.0,United Kingdom
564661,FELTCRAFT DOLL ROSIE,6,26.08.2011 14:45,"2,95",12948.0,United Kingdom
567657,BLUE DINER WALL CLOCK,2,21.09.2011 14:43,"8,5",12523.0,France
577033,HANGING HEART JAR T-LIGHT HOLDER,3,17.11.2011 13:16,"1,25",17797.0,United Kingdom
536370,INFLATABLE POLITICAL GLOBE,48,01.12.2010 08:45,"0,85",12583.0,France
578993,NOEL GARLAND PAINTED ZINC,12,27.11.2011 15:38,"0,39",15987.0,United Kingdom
568668,KNICKERBOCKERGLORY MAGNET ASSORTED,6,28.09.2011 13:00,"0,83",15750.0,United Kingdom
572285,WALL ART CLASSIC PUDDINGS,1,23.10.2011 12:16,"8,25",14698.0,United Kingdom
547063,VICTORIAN  METAL POSTCARD SPRING,8,20.03.2011 13:33,"1,69",14769.0,United Kingdom
578065,MISTLETOE HEART WREATH GREEN,1,22.11.2011 15:41,"8,29",,United Kingdom
559686,12 IVORY ROSE PEG PLACE SETTINGS,1,11.07.2011 15:26,"1,25",17966.0,United Kingdom
562779,MEMO BOARD RETROSPOT  DESIGN,1,09.08.2011 12:58,"4,95",17841.0,United Kingdom
538524,MAKE YOUR OWN FLOWERPOWER CARD KIT,1,13.12.2010 09:35,"5,91",,United Kingdom
563022,VINTAGE CHRISTMAS CAKE FRILL,3,11.08.2011 13:34,"1,65",17248.0,United Kingdom
539419,CORONA MEXICAN TRAY,50,17.12.2010 14:10,"2,95",12431.0,Australia
581133,WICKER WREATH SMALL,24,07.12.2011 12:55,"0,59",14904.0,United Kingdom
560290,JUMBO BAG WOODLAND ANIMALS,2,18.07.2011 10:17,"4,13",,United Kingdom
573381,SMALL WHITE HEART OF WICKER,4,30.10.2011 14:05,"1,65",17590.0,United Kingdom
547382,NO SINGING METAL SIGN,1,22.03.2011 15:31,"2,1",15457.0,United Kingdom
568780,CALENDAR PAPER CUT DESIGN,6,29.09.2011 08:27,"2,95",18235.0,United Kingdom
570665,GARDENIA 3 WICK MORRIS BOXED CANDLE,1,11.10.2011 14:22,"4,25",16120.0,United Kingdom
564562,JUMBO BAG APPLES,10,26.08.2011 09:58,"2,08",15203.0,United Kingdom
578025,SKULLS AND CROSSBONES WRAP,200,22.11.2011 13:28,"0,36",16722.0,United Kingdom
542618,VICTORIAN SEWING BOX SMALL,1,30.01.2011 15:52,"5,95",14502.0,United Kingdom
542277,SET/3 OCEAN SCENT CANDLE JEWEL BOX,8,27.01.2011 10:30,"4,25",14440.0,United Kingdom
539309,CHARLOTTE BAG PINK POLKADOT,10,16.12.2010 17:49,"0,85",16945.0,United Kingdom
541827,PACK OF 20 NAPKINS RED APPLES,2,21.01.2011 17:05,"1,63",,United Kingdom
575931,RED SPOT PAPER GIFT BAG,10,13.11.2011 10:35,"0,82",16560.0,United Kingdom
548373,ROSE DU SUD COSMETICS BAG,1,30.03.2011 16:34,"3,29",,United Kingdom
547796,ROUND SNACK BOXES SET OF4 WOODLAND,48,25.03.2011 12:34,"2,55",14646.0,Netherlands
579106,SET 6 SCHOOL MILK BOTTLES IN CRATE,48,28.11.2011 11:42,"3,39",16705.0,United Kingdom
568203,JINGLE BELL HEART ANTIQUE SILVER,24,25.09.2011 15:15,"2,08",13435.0,United Kingdom
580027,HOUSE SHAPE PENCIL SHARPENER,15,01.12.2011 12:01,"0,06",14178.0,United Kingdom
539434,ENAMEL WATERING CAN CREAM,1,17.12.2010 14:41,"10,17",,United Kingdom
573305,LANDMARK FRAME LONDON BRIDGE,1,28.10.2011 16:13,"12,5",17837.0,United Kingdom
575334,CLASSIC CHROME BICYCLE BELL,12,09.11.2011 13:54,"1,45",14493.0,United Kingdom
581376,HAND WARMER OWL DESIGN,6,08.12.2011 12:43,"2,1",14719.0,United Kingdom
551869,GLASS CHALICE BLUE SMALL,6,04.05.2011 16:36,"0,39",16767.0,United Kingdom
574300,BLUE POT PLANT CANDLE,12,03.11.2011 16:12,"2,95",14636.0,United Kingdom
577038,72 SWEETHEART FAIRY CAKE CASES,2,17.11.2011 13:30,"0,55",14796.0,United Kingdom
541421,"METAL SIGN,CUPCAKE SINGLE HOOK",5,17.01.2011 17:44,"0,83",,United Kingdom
540353,PINK POLKADOT WRAP,25,06.01.2011 14:53,"0,42",13764.0,United Kingdom
546884,SET 7 BABUSHKA NESTING BOXES,1,17.03.2011 18:08,"16,63",,United Kingdom
558058,CLEAR DRAWER KNOB ACRYLIC EDWARDIAN,12,24.06.2011 15:00,"1,25",14766.0,United Kingdom
563915,MINT DINER WALL CLOCK,1,21.08.2011 13:24,"8,5",14224.0,United Kingdom
537666,60 CAKE CASES VINTAGE CHRISTMAS,3,07.12.2010 18:36,"1,28",,United Kingdom
575210,SEWING BOX RETROSPOT DESIGN,1,09.11.2011 10:32,"16,95",14732.0,United Kingdom
547708,POTTING SHED TWINE,432,24.03.2011 18:34,"2,4",17450.0,United Kingdom
540568,DOORMAT HOME SWEET HOME BLUE,1,10.01.2011 11:22,"7,95",15039.0,United Kingdom
569536,WRAP ALPHABET POSTER,25,04.10.2011 15:44,"0,42",13269.0,United Kingdom
558774,CANDY HEART HANGING DECORATION,5,04.07.2011 10:17,"0,83",,United Kingdom
550940,20 DOLLY PEGS RETROSPOT,492,21.04.2011 15:26,"1,25",18008.0,United Kingdom
552223,,-49,06.05.2011 15:24,0,,United Kingdom
542087,ASSORTED COLOUR BIRD ORNAMENT,24,25.01.2011 12:35,"1,69",14849.0,United Kingdom
552881,REGENCY TEA PLATE PINK,12,12.05.2011 10:03,"1,65",18245.0,United Kingdom
537144,HEART FILIGREE DOVE LARGE,3,05.12.2010 13:00,"1,65",15880.0,United Kingdom
551988,"SET 3 RETROSPOT TEA,COFFEE,SUGAR",4,05.05.2011 15:08,"4,95",12576.0,Poland
556576,S/4 PINK FLOWER CANDLES IN BOWL,1,13.06.2011 13:55,"1,65",14606.0,United Kingdom
576692,PACK OF 12 50'S CHRISTMAS TISSUES,24,16.11.2011 12:21,"0,39",17412.0,United Kingdom
575954,WOODEN TREE CHRISTMAS SCANDINAVIAN,10,13.11.2011 12:03,"0,29",17211.0,United Kingdom
578322,CHRISTMAS CRAFT TREE TOP ANGEL,6,23.11.2011 17:10,"2,1",12948.0,United Kingdom
566520,STRAWBERRY RAFFIA FOOD COVER,1,13.09.2011 11:26,"3,75",17757.0,United Kingdom
544672,SET/6 RED SPOTTY PAPER PLATES,96,22.02.2011 15:45,"0,64",14646.0,Netherlands
553158,ALARM CLOCK BAKELIKE RED,4,13.05.2011 15:24,"3,75",14194.0,United Kingdom
568134,HEART STRING MEMO HOLDER HANGING,1,23.09.2011 17:02,"1,63",,United Kingdom
541999,MODERN FLORAL STATIONERY SET,2,25.01.2011 10:45,"2,46",,United Kingdom
575610,SMALL PURPLE BABUSHKA NOTEBOOK,12,10.11.2011 12:45,"0,85",16628.0,United Kingdom
567170,SET 2 TEA TOWELS I LOVE LONDON,2,18.09.2011 12:40,"3,25",13566.0,United Kingdom
570446,PACK OF 20 NAPKINS PANTRY DESIGN,24,10.10.2011 14:49,"0,85",12431.0,Belgium
549966,PACK 6 HEART/ICE-CREAM PATCHES,12,13.04.2011 14:17,"1,25",16224.0,United Kingdom
577008,HAND WARMER SCOTTY DOG DESIGN,3,17.11.2011 12:02,"2,1",16869.0,United Kingdom
545819,LAUNDRY 15C METAL SIGN,3,07.03.2011 12:31,"1,45",16356.0,United Kingdom
577497,CREAM SLICE FLANNEL CHOCOLATE SPOT,1,20.11.2011 12:22,"2,95",17555.0,United Kingdom
580193,IVORY REFECTORY CLOCK,1,02.12.2011 12:03,"9,95",16899.0,United Kingdom
578347,6 GIFT TAGS 50'S CHRISTMAS,6,24.11.2011 09:26,"1,63",,United Kingdom
542617,GREEN 3 PIECE POLKADOT CUTLERY SET,3,30.01.2011 15:48,"3,75",17463.0,United Kingdom
570829,PINK PAISLEY SQUARE TISSUE BOX,36,12.10.2011 13:17,"0,39",16295.0,United Kingdom
542147,PARTY FOOD SHOPPER BAG,20,26.01.2011 10:02,"1,25",12782.0,Portugal
574149,AMBER FINE BEAD NECKLACE W TASSEL,2,03.11.2011 11:29,"5,95",13709.0,United Kingdom
538524,PINK POT PLANT CANDLE,1,13.12.2010 09:35,"7,62",,United Kingdom
575885,SKULLS  WATER TRANSFER TATTOOS,12,11.11.2011 13:46,"0,85",16460.0,United Kingdom
561925,CERAMIC CAKE STAND + HANGING CAKES,6,01.08.2011 12:28,"9,95",16551.0,United Kingdom
540524,LUSH GREENS RIBBONS,24,09.01.2011 12:53,"1,25",16735.0,United Kingdom
547722,SET/4 BADGES BALLOON GIRL,10,25.03.2011 10:19,"1,25",12553.0,France
540848,BLACK LOVE BIRD T-LIGHT HOLDER,1,12.01.2011 09:26,"1,66",,United Kingdom
562158,LUNCH BAG APPLE DESIGN,6,03.08.2011 11:45,"1,65",15039.0,United Kingdom
580504,PACK OF 20 NAPKINS RED APPLES,1,04.12.2011 13:32,"0,85",17936.0,United Kingdom
549949,PAINTED YELLOW WOODEN DAISY,6,13.04.2011 12:57,"0,85",13208.0,United Kingdom
562846,PHOTO CUBE,6,10.08.2011 09:29,"4,13",,United Kingdom
570888,PINK FLORAL FELTCRAFT SHOULDER BAG,4,13.10.2011 10:26,"3,75",17509.0,United Kingdom
543025,BAKING MOULD CHOCOLATE CUPCAKES,6,02.02.2011 14:40,"2,55",17446.0,United Kingdom
555276,GREEN DRAWER KNOB ACRYLIC EDWARDIAN,4,01.06.2011 17:28,"2,46",,United Kingdom
543467,HEART DECORATION PAINTED ZINC,1,08.02.2011 14:35,"1,25",,United Kingdom
548707,CREAM SWEETHEART MINI CHEST,2,03.04.2011 12:08,"12,75",13781.0,United Kingdom
580160,CHILDS BREAKFAST SET CIRCUS PARADE,2,02.12.2011 10:47,"8,5",12700.0,France
538524,5 HOOK HANGER RED MAGIC TOADSTOOL,1,13.12.2010 09:35,"3,36",,United Kingdom
577482,GARDENERS KNEELING PAD CUP OF TEA,12,20.11.2011 11:43,"1,65",16762.0,United Kingdom
566562,ROCKING HORSE RED CHRISTMAS,12,13.09.2011 12:18,"0,85",17365.0,United Kingdom
559338,BEADED CRYSTAL HEART PINK ON STICK,2,07.07.2011 16:30,"0,83",,United Kingdom
578925,RETROSPOT TEA SET CERAMIC 11 PC,6,27.11.2011 12:13,"4,95",17365.0,United Kingdom
538371,CHRISTMAS GINGHAM HEART,5,12.12.2010 11:07,"0,85",15570.0,United Kingdom
557328,SPACEBOY CHILDRENS BOWL,1,20.06.2011 09:53,"1,25",14646.0,Netherlands
550958,RED BABY BUNTING,5,21.04.2011 16:37,"2,95",15281.0,United Kingdom
579536,WALL ART BICYCLE SAFETY,4,30.11.2011 09:53,"5,95",12957.0,United Kingdom
564912,RED RETROSPOT CUP,8,31.08.2011 12:33,"0,85",12490.0,France
575176,JUMBO BAG VINTAGE LEAF,1,08.11.2011 18:29,"4,13",,United Kingdom
541488,BAKING SET SPACEBOY DESIGN,6,18.01.2011 13:34,"4,25",15061.0,United Kingdom
564837,DOORMAT WELCOME TO OUR HOME,1,30.08.2011 12:40,"15,79",,United Kingdom
555510,PENNY FARTHING BIRTHDAY CARD,1,03.06.2011 17:09,"0,83",,United Kingdom
572553,SMALL POP BOX FUNKY MONKEY,1,24.10.2011 17:09,"1,63",,United Kingdom
539750,CERAMIC STRAWBERRY MONEY BOX,3,21.12.2010 15:40,"5,91",,United Kingdom
542538,HERB MARKER MINT,12,28.01.2011 13:54,"0,65",15079.0,United Kingdom
576275,ANTIQUE SILVER T-LIGHT GLASS,72,14.11.2011 14:28,"1,06",17044.0,United Kingdom
579938,LOVE HOT WATER BOTTLE,3,01.12.2011 10:18,"5,95",14146.0,United Kingdom
544768,3 HOOK PHOTO SHELF ANTIQUE WHITE,2,23.02.2011 11:10,"16,63",,United Kingdom
562912,JUMBO  BAG BAROQUE BLACK WHITE,3,10.08.2011 13:15,"2,08",15311.0,United Kingdom
559894,RED CHARLIE+LOLA PERSONAL DOORSIGN,2,13.07.2011 12:06,"0,39",14159.0,United Kingdom
580062,PAPER LANTERN 9 POINT HOLLY STAR S,1,01.12.2011 13:28,"4,15",15862.0,United Kingdom
560088,YELLOW GIANT GARDEN THERMOMETER,2,14.07.2011 16:42,"5,95",15114.0,United Kingdom
570116,PINK FAIRY CAKE CHILDRENS APRON,2,07.10.2011 12:38,"1,95",12856.0,United Kingdom
568346,6 ROCKET BALLOONS,1,26.09.2011 15:28,"1,25",14096.0,United Kingdom
544937,SWEETHEART CERAMIC TRINKET BOX,12,25.02.2011 10:09,"1,25",12839.0,United Kingdom
546650,DOORMAT FAIRY CAKE,1,15.03.2011 14:17,"14,13",,United Kingdom
568528,PACK OF 6 COCKTAIL PARASOL STRAWS,24,27.09.2011 13:32,"0,42",13979.0,United Kingdom
540994,DOORMAT FANCY FONT HOME SWEET HOME,4,13.01.2011 09:29,"7,95",13089.0,United Kingdom
552508,JUMBO BAG DOLLY GIRL DESIGN,1,09.05.2011 16:27,"4,13",,United Kingdom
578999,AGED GLASS SILVER T-LIGHT HOLDER,12,27.11.2011 16:08,"0,65",17595.0,United Kingdom
578833,MULTICOLOUR SPRING FLOWER MUG,18,25.11.2011 15:23,"1,38",,United Kingdom
566747,WHITE SPOT RED CERAMIC DRAWER KNOB,12,14.09.2011 15:33,"1,45",16928.0,United Kingdom
579249,N0 SINGING METAL SIGN,192,28.11.2011 16:32,"2,39",17450.0,United Kingdom
568065,BOX OF 6 MINI 50'S CRACKERS,48,23.09.2011 13:44,"2,08",16240.0,United Kingdom
573362,HEART DECORATION RUSTIC HANGING,24,30.10.2011 13:06,"0,19",12597.0,Spain
572775,IVORY WIRE SWEETHEART LETTER TRAY,4,26.10.2011 10:43,"3,75",13126.0,United Kingdom
556494,WOODEN FRAME ANTIQUE WHITE,6,12.06.2011 14:57,"2,95",17802.0,United Kingdom
569546,RECIPE BOX PANTRY YELLOW DESIGN,1,04.10.2011 16:39,"2,95",15276.0,United Kingdom
577504,SET OF 3 WOODEN STOCKING DECORATION,1,20.11.2011 12:36,"1,25",14159.0,United Kingdom
543625,ROUND SNACK BOXES SET OF4 WOODLAND,12,10.02.2011 15:38,"2,95",12583.0,France
539982,PINK  POLKADOT PLATE,2,23.12.2010 14:40,"1,69",15311.0,United Kingdom
538524,WHITE SAGE INCENSE,22,13.12.2010 09:35,"0,43",,United Kingdom
564167,JUMBO BAG ALPHABET,10,23.08.2011 13:50,"2,08",17735.0,United Kingdom
545901,BAG 125g SWIRLY MARBLES,4,07.03.2011 17:52,"0,42",15834.0,United Kingdom
564643,HOT BATHS SOAP HOLDER,5,26.08.2011 13:25,"1,69",15356.0,United Kingdom
578088,60 CAKE CASES VINTAGE CHRISTMAS,6,22.11.2011 16:47,"0,55",16376.0,United Kingdom
554812,DOLLY GIRL LUNCH BOX,4,26.05.2011 13:21,"1,95",15005.0,United Kingdom
572758,RIBBON REEL MAKING SNOWMEN,1,25.10.2011 18:39,"3,29",,United Kingdom
575894,SMALL WHITE RETROSPOT MUG IN BOX,109,11.11.2011 14:25,"0,5",12748.0,United Kingdom
556107,PACK OF 20 NAPKINS RED APPLES,1,08.06.2011 17:09,"0,85",17360.0,United Kingdom
543256,BABY BOOM RIBBONS,6,04.02.2011 15:54,"1,25",17293.0,United Kingdom
536859,WHITE HANGING HEART T-LIGHT HOLDER,2,03.12.2010 10:43,"2,95",12841.0,United Kingdom
572986,CHARLOTTE BAG APPLES DESIGN,20,27.10.2011 10:51,"0,85",12681.0,France
550328,PINK FLY SWAT,1,17.04.2011 13:18,"0,65",17582.0,United Kingdom
553767,TEA TIME PARTY BUNTING,6,19.05.2011 10:46,"8,29",,United Kingdom
553390,RED TEA TOWEL CLASSIC DESIGN,1,16.05.2011 16:41,"1,25",17841.0,United Kingdom
568945,LOVE HOT WATER BOTTLE,9,29.09.2011 14:52,"5,95",14239.0,United Kingdom
542858,PACK OF 72 SKULL CAKE CASES,4,01.02.2011 11:40,"0,55",17228.0,United Kingdom
578534,MULTI COLOUR SILVER T-LIGHT HOLDER,12,24.11.2011 14:51,"0,85",15725.0,United Kingdom
545060,NO SINGING METAL SIGN,3,27.02.2011 13:47,"2,1",15547.0,United Kingdom
566732,JUMBO BAG 50'S CHRISTMAS,10,14.09.2011 13:42,"2,08",17716.0,United Kingdom
556577,REGENCY CAKE SLICE,4,13.06.2011 14:12,"4,95",17579.0,United Kingdom
571030,JAM MAKING SET PRINTED,24,13.10.2011 12:26,"1,45",12876.0,Belgium
562392,ENAMEL BREAD BIN CREAM,8,04.08.2011 16:07,"10,95",15205.0,United Kingdom
575753,SET OF 3 WOODEN HEART DECORATIONS,5,11.11.2011 10:41,"1,25",17841.0,United Kingdom
562282,LUNCH BAG VINTAGE LEAF DESIGN,30,04.08.2011 10:38,"1,65",13098.0,United Kingdom
577517,ALARM CLOCK BAKELIKE CHOCOLATE,2,20.11.2011 13:16,"3,75",16710.0,United Kingdom
567875,ASSORTED TUTTI FRUTTI LARGE PURSE,12,22.09.2011 14:29,"2,1",16348.0,United Kingdom
541424,MEASURING TAPE BABUSHKA PINK,2,17.01.2011 17:57,"1,63",,United Kingdom
572932,CHILDRENS TOY COOKING UTENSIL SET,6,27.10.2011 10:14,"2,08",15791.0,United Kingdom
547918,VINTAGE BILLBOARD DRINK ME MUG,12,28.03.2011 12:49,"1,25",15249.0,United Kingdom
544684,WOODEN BOX OF DOMINOES,1,22.02.2011 16:32,"2,46",,United Kingdom
563756,BINGO SET,4,19.08.2011 11:08,"3,75",12418.0,Switzerland
539326,GIN AND TONIC MUG,12,17.12.2010 09:22,"1,25",14560.0,United Kingdom
578270,MOTHER'S KITCHEN SPOON REST,1,23.11.2011 13:39,"7,46",14096.0,United Kingdom
540821,MULTICOLOUR HONEYCOMB PAPER GARLAND,7,11.01.2011 13:16,"1,66",,United Kingdom
543164,HANGING WOOD AND FELT HEART,19,03.02.2011 19:32,"0,42",13208.0,United Kingdom
569910,RED RETROSPOT CHARLOTTE BAG,10,06.10.2011 16:47,"0,85",17139.0,United Kingdom
581020,SET 12 COLOURING PENCILS DOILY,48,07.12.2011 10:12,"0,65",17511.0,United Kingdom
547396,75 GREEN FAIRY CAKE CASES,2,22.03.2011 16:54,"2,08",,United Kingdom
541987,RED RETROSPOT CHARLOTTE BAG,3,24.01.2011 16:05,"0,85",14130.0,United Kingdom
574675,SET 6 PAPER TABLE LANTERN HEARTS,1,06.11.2011 12:31,"3,75",17289.0,United Kingdom
541592,SET OF 3 CAKE TINS PANTRY DESIGN,1,19.01.2011 15:08,"10,79",,United Kingdom
561702,DOORMAT RESPECTABLE HOUSE,2,29.07.2011 10:58,"7,95",15149.0,United Kingdom
568346,CHRISTMAS CRAFT LITTLE FRIENDS,1,26.09.2011 15:28,"4,13",14096.0,United Kingdom
573130,TRADITIONAL NAUGHTS & CROSSES,11,27.10.2011 16:41,"1,65",13969.0,United Kingdom
540647,SMALL GLASS HEART TRINKET POT,4,10.01.2011 14:57,"2,1",17406.0,United Kingdom
572025,LUNCH BAG VINTAGE DOILY,10,20.10.2011 11:30,"1,65",17651.0,United Kingdom
548728,SKULLS AND CROSSBONES WRAP,25,04.04.2011 09:55,"0,42",13198.0,United Kingdom
580727,LUNCH BAG PINK POLKADOT,3,05.12.2011 17:17,"4,13",14096.0,United Kingdom
565617,PACK OF 6 LARGE FRUIT STRAWS,12,05.09.2011 15:30,"1,25",,United Kingdom
547273,4 VANILLA BOTANICAL CANDLES,3,22.03.2011 11:05,"3,75",14530.0,United Kingdom
544597,MAKE YOUR OWN MONSOON CARD KIT,2,21.02.2011 17:42,"2,95",16014.0,United Kingdom
576734,CARD HOLDER LOVE BIRD LARGE,2,16.11.2011 12:42,"6,25",17680.0,United Kingdom
541871,GREEN ROSE WASHBAG,1,24.01.2011 09:41,"3,29",,United Kingdom
552170,JUMBO BAG RED RETROSPOT,10,06.05.2011 12:53,"2,08",16458.0,United Kingdom
568875,DOORMAT VINTAGE LEAF,1,29.09.2011 12:23,"8,25",14527.0,United Kingdom
545568,EASTER TIN BUNNY BOUQUET,1,03.03.2011 16:22,"3,29",,United Kingdom
564221,ZINC WILLIE WINKIE  CANDLE STICK,2,24.08.2011 09:36,"1,63",,United Kingdom
547510,36 PENCILS TUBE RED RETROSPOT,16,23.03.2011 13:42,"1,25",15245.0,United Kingdom
576176,GINGERBREAD MAN COOKIE CUTTER,2,14.11.2011 11:04,"1,25",16936.0,United Kingdom
544832,,-88,24.02.2011 10:05,0,,United Kingdom
575195,MAGIC TREE -PAPER FLOWERS,12,09.11.2011 09:40,"0,85",16767.0,United Kingdom
565423,ASSORTED COLOURS SILK FAN,12,04.09.2011 12:23,"0,83",12569.0,Germany
580137,WALL ART HORSE & PONY,2,01.12.2011 19:54,"3,75",17566.0,United Kingdom
550000,FRENCH BLUE METAL DOOR SIGN 0,10,14.04.2011 09:18,"1,25",17058.0,United Kingdom
559330,ASSORTED BOTTLE TOP  MAGNETS,12,07.07.2011 15:44,"0,42",17696.0,United Kingdom
575602,REX CASH+CARRY JUMBO SHOPPER,2,10.11.2011 12:27,"0,95",17059.0,United Kingdom
539981,RED RETROSPOT PEG BAG,6,23.12.2010 14:35,"2,1",13304.0,United Kingdom
561522,AIRLINE BAG VINTAGE JET SET RED,1,27.07.2011 17:08,"4,25",17870.0,United Kingdom
568066,POPPY'S PLAYHOUSE KITCHEN,1,23.09.2011 13:48,"2,1",14529.0,United Kingdom
562715,WOVEN BUBBLE GUM CUSHION COVER,1,08.08.2011 15:34,"4,13",,United Kingdom
537643,KINGS CHOICE TEA CADDY,1,07.12.2010 15:34,"5,91",,United Kingdom
546243,WOOD 2 DRAWER CABINET WHITE FINISH,2,10.03.2011 13:08,"6,95",15308.0,United Kingdom
545338,3 HOOK PHOTO SHELF ANTIQUE WHITE,1,01.03.2011 17:32,"8,5",17449.0,United Kingdom
572035,SET OF 3 HANGING OWLS OLLIE BEAK,192,20.10.2011 12:03,"1,04",14646.0,Netherlands
577128,BOX OF 6 MINI VINTAGE CRACKERS,1,17.11.2011 19:48,"2,49",14508.0,United Kingdom
537254,TEA TIME KITCHEN APRON,1,06.12.2010 11:01,"5,95",15898.0,United Kingdom
577748,VINTAGE CHRISTMAS STOCKING,6,21.11.2011 14:24,"2,55",15159.0,United Kingdom
564335,RED HANGING HEART T-LIGHT HOLDER,2,24.08.2011 14:23,"2,95",15800.0,United Kingdom
559893,PACK OF 60 DINOSAUR CAKE CASES,1,13.07.2011 12:06,"0,55",14498.0,United Kingdom
581474,BLUE POLKADOT PASSPORT COVER,1,08.12.2011 20:01,"0,75",12748.0,United Kingdom
575073,PLAYING CARDS JUBILEE UNION JACK,5,08.11.2011 13:10,"1,25",13975.0,United Kingdom
548308,SLATE TILE NATURAL HANGING,5,30.03.2011 12:00,"1,65",17220.0,United Kingdom
570488,DOTCOM POSTAGE,1,10.10.2011 17:12,"635,01",14096.0,United Kingdom
570792,JAM MAKING SET WITH JARS,24,12.10.2011 12:01,"3,75",12709.0,Germany
571040,BOX OF 6 MINI 50'S CRACKERS,4,13.10.2011 12:59,"2,49",15272.0,United Kingdom
547485,DINOSAURS  WRITING SET,2,23.03.2011 11:16,"1,65",17019.0,United Kingdom
543033,"RECORD FRAME 7"" SINGLE SIZE",1,02.02.2011 15:48,"2,55",17841.0,United Kingdom
579792,WHITE ROCKING HORSE HAND PAINTED,24,30.11.2011 15:43,"1,25",12714.0,France
537237,SUKI  SHOULDER BAG,1,06.12.2010 09:58,"3,36",,United Kingdom
573585,HEART DECORATION RUSTIC HANGING,24,31.10.2011 14:41,"0,79",,United Kingdom
546084,PICNIC BASKET WICKER LARGE,2,09.03.2011 11:28,"9,95",14112.0,United Kingdom
543812,WOODEN BOX OF DOMINOES,1,13.02.2011 14:40,"1,25",17472.0,United Kingdom
554794,PACK OF 12 PINK POLKADOT TISSUES,24,26.05.2011 12:41,"0,29",12720.0,Germany
544186,JUMBO STORAGE BAG SKULLS,1,16.02.2011 15:56,"4,13",,United Kingdom
543804,CLEAR DRAWER KNOB ACRYLIC EDWARDIAN,12,13.02.2011 12:17,"1,25",16434.0,United Kingdom
552232,RECYCLING BAG RETROSPOT,2,06.05.2011 15:54,"4,13",,United Kingdom
570637,SPOTTY BUNTING,6,11.10.2011 12:34,"4,95",12530.0,Germany
543377,60 TEATIME FAIRY CAKE CASES,24,07.02.2011 15:14,"0,55",13725.0,United Kingdom
550541,BEADED CRYSTAL HEART GREEN LARGE,1,19.04.2011 11:33,"3,29",,United Kingdom
551986,IVORY SWEETHEART WIRE LETTER RACK,2,05.05.2011 14:41,"3,75",13888.0,United Kingdom
545085,JUMBO BAG SPACEBOY DESIGN,10,28.02.2011 11:19,"1,95",15039.0,United Kingdom
555648,FLOWER VINE RAFFIA FOOD COVER,1,06.06.2011 13:46,"3,75",14623.0,United Kingdom
538883,NO JUNK MAIL METAL SIGN,1,14.12.2010 15:56,"3,36",,United Kingdom
568703,JUMBO BAG PINK VINTAGE PAISLEY,4,28.09.2011 15:21,"2,08",12748.0,United Kingdom
550953,CARD BILLBOARD FONT,1,21.04.2011 16:17,"0,83",,United Kingdom
543461,PLEASE ONE PERSON METAL SIGN,1,08.02.2011 13:35,"4,13",,United Kingdom
548863,DOORMAT BLACK FLOCK,10,04.04.2011 13:57,"6,75",15311.0,United Kingdom
577723,SPACEBOY GIFT WRAP,25,21.11.2011 12:36,"0,42",16713.0,United Kingdom
548621,JUNGLE POPSICLES ICE LOLLY MOULDS,2,01.04.2011 11:54,"1,25",16960.0,United Kingdom
561900,FELTCRAFT GIRL AMELIE KIT,4,31.07.2011 15:31,"4,95",16655.0,United Kingdom
547860,JIGSAW RABBIT AND BIRDHOUSE,2,27.03.2011 12:21,"1,65",17625.0,United Kingdom
562789,LUNCH BOX I LOVE LONDON,24,09.08.2011 13:50,"1,95",14646.0,Netherlands
561088,JUMBO BAG APPLES,10,25.07.2011 09:50,"2,08",15144.0,United Kingdom
541680,ALARM CLOCK BAKELIKE IVORY,10,20.01.2011 14:18,"3,75",14062.0,United Kingdom
558240,SCANDINAVIAN PAISLEY PICNIC BAG,3,27.06.2011 15:27,"2,46",,United Kingdom
569215,TRAVEL CARD WALLET RETROSPOT,1,02.10.2011 12:30,"0,42",13571.0,United Kingdom
580320,JUMBO BAG SPACEBOY DESIGN,10,02.12.2011 15:40,"2,08",15078.0,United Kingdom
572650,LUNCH BAG PAISLEY PARK,2,25.10.2011 12:00,"1,65",15506.0,United Kingdom
542344,DOLLY GIRL LUNCH BOX,1,27.01.2011 11:30,"4,13",,United Kingdom
543013,12 PENCILS SMALL TUBE SKULL,2,02.02.2011 13:35,"1,25",,United Kingdom
567865,ICE CREAM BUBBLES,200,22.09.2011 14:11,"0,72",17311.0,United Kingdom
580619,BOX OF 6 MINI VINTAGE CRACKERS,2,05.12.2011 12:08,"2,49",15053.0,United Kingdom
571931,PACK OF 12 BLUE PAISLEY TISSUES,3,19.10.2011 16:59,"0,83",,United Kingdom
549713,PANTRY SCRUBBING BRUSH,6,11.04.2011 14:11,"1,65",17611.0,United Kingdom
551262,RECYCLING BAG RETROSPOT,2,27.04.2011 12:05,"2,1",14527.0,United Kingdom
548522,FOLKART ZINC HEART CHRISTMAS DEC,2,31.03.2011 16:43,"1,63",,United Kingdom
561658,JUMBO BAG VINTAGE LEAF,1,28.07.2011 16:06,"2,08",12743.0,Unspecified
581122,HOME SWEET HOME MUG,12,07.12.2011 12:33,"1,65",12839.0,United Kingdom
579454,BALLOON WATER BOMB PACK OF 35,90,29.11.2011 14:08,"0,42",12901.0,United Kingdom
537434,SCANDINAVIAN 3 HEARTS NAPKIN RING,2,06.12.2010 16:57,"5,91",,United Kingdom
574750,TRADITIONAL CHRISTMAS RIBBONS,12,07.11.2011 09:12,"1,25",17164.0,United Kingdom
547892,ALARM CLOCK BAKELIKE GREEN,4,28.03.2011 10:15,"3,75",12669.0,France
551516,LUNCH BAG VINTAGE LEAF DESIGN,1,01.05.2011 11:10,"1,65",14800.0,United Kingdom
541848,FELTCRAFT HAIRBANDS PINK AND WHITE,2,23.01.2011 13:31,"0,85",17611.0,United Kingdom
542409,HEART OF WICKER LARGE,5,27.01.2011 16:30,"2,95",15311.0,United Kingdom
558614,JAZZ HEARTS ADDRESS BOOK,3,30.06.2011 15:56,"0,42",,United Kingdom
581219,JUMBO BAG APPLES,2,08.12.2011 09:28,"4,13",,United Kingdom
577768,RED RETRO KITCHEN WALL CLOCK,1,21.11.2011 15:18,"16,63",,United Kingdom
542221,FUNKY WASHING UP GLOVES ASSORTED,2,26.01.2011 12:40,"2,1",14978.0,United Kingdom
580691,CERAMIC STRAWBERRY CAKE MONEY BANK,36,05.12.2011 15:48,"0,39",13790.0,United Kingdom
542929,JUMBO BAG PINK POLKADOT,10,02.02.2011 10:34,"1,95",17811.0,United Kingdom
576927,WRAP  VINTAGE DOILY,25,17.11.2011 11:02,"0,42",12567.0,France
537065,GUMBALL COAT RACK,6,05.12.2010 11:57,"2,55",12567.0,France
545978,ALARM CLOCK BAKELIKE RED,2,08.03.2011 12:19,"3,75",13975.0,United Kingdom
578072,SPACEBOY TV DINNER TRAY,1,22.11.2011 16:02,"4,95",17759.0,United Kingdom
537641,HAND OVER THE CHOCOLATE   SIGN,1,07.12.2010 15:32,"4,21",,United Kingdom
552108,ENAMEL BREAD BIN CREAM,1,06.05.2011 11:36,"12,75",17841.0,United Kingdom
580679,HERB MARKER PARSLEY,12,05.12.2011 14:49,"0,65",18198.0,United Kingdom
571918,WRAP CHRISTMAS SCREEN PRINT,25,19.10.2011 16:05,"0,19",17350.0,United Kingdom
536592,SET/4 BLUE FLOWER CANDLES IN BOWL,2,01.12.2010 17:06,"3,36",,United Kingdom
548458,DOORMAT NEW ENGLAND,10,31.03.2011 11:53,"6,75",15632.0,United Kingdom
538715,PINK FLORAL FELTCRAFT SHOULDER BAG,4,14.12.2010 11:03,"3,75",14907.0,United Kingdom
558862,RED VICTORIAN FABRIC OVAL BOX,24,04.07.2011 12:25,"0,42",13901.0,United Kingdom
573876,RED CHARLIE+LOLA PERSONAL DOORSIGN,14,01.11.2011 12:48,"0,39",16360.0,United Kingdom
577078,PACK OF 20 NAPKINS PANTRY DESIGN,2,17.11.2011 15:17,"1,63",,United Kingdom
548712,PLASTERS IN TIN STRONGMAN,4,03.04.2011 14:42,"1,65",17050.0,United Kingdom
547224,MAGNETS PACK OF 4 VINTAGE LABELS,6,21.03.2011 15:15,"1,25",,United Kingdom
549548,OFFICE MUG WARMER PINK,1,10.04.2011 11:35,"2,95",13548.0,United Kingdom
545653,JUMBO SHOPPER VINTAGE RED PAISLEY,10,04.03.2011 13:39,"1,95",15311.0,United Kingdom
558083,SET/4 BADGES BALLOON GIRL,2,26.06.2011 11:47,"1,25",17284.0,United Kingdom
581219,FRENCH WC SIGN BLUE METAL,4,08.12.2011 09:28,"2,46",,United Kingdom
562519,WHITE HANGING HEART T-LIGHT HOLDER,8,05.08.2011 12:37,"2,95",16764.0,United Kingdom
555381,BLUE/CREAM STRIPE CUSHION COVER,12,02.06.2011 14:38,"1,25",17900.0,United Kingdom
575930,FRENCH PAISLEY CUSHION COVER,1,11.11.2011 17:58,"3,29",,United Kingdom
573393,STAR DECORATION PAINTED ZINC,96,30.10.2011 15:08,"0,19",14158.0,United Kingdom
538379,VINTAGE HEADS AND TAILS CARD GAME,1,12.12.2010 11:26,"1,25",17126.0,United Kingdom
542102,SET/6 RED SPOTTY PAPER PLATES,36,25.01.2011 13:26,"0,85",12744.0,Singapore
577854,ROTATING SILVER ANGELS T-LIGHT HLDR,12,22.11.2011 11:14,"2,55",16128.0,United Kingdom
542613,WOODEN HAPPY BIRTHDAY GARLAND,3,30.01.2011 14:36,"2,95",17431.0,United Kingdom
542090,PINK HEART SHAPE EGG FRYING PAN,10,25.01.2011 12:39,"1,65",15518.0,United Kingdom
550297,RECYCLED ACAPULCO MAT BLUE,3,15.04.2011 15:58,"8,25",14056.0,United Kingdom
580539,PAPERWEIGHT SAVE THE PLANET,12,05.12.2011 08:39,"0,39",18180.0,United Kingdom
539437,SWEETHEART CERAMIC TRINKET BOX,4,17.12.2010 14:54,"2,51",,United Kingdom
538209,PARTY INVITES WOODLAND,6,10.12.2010 11:42,"0,85",12748.0,United Kingdom
537643,RED RETROSPOT ROUND CAKE TINS,1,07.12.2010 15:34,"21,23",,United Kingdom
556434,BUBBLEGUM RING ASSORTED,36,10.06.2011 14:06,"0,42",14895.0,United Kingdom
558116,FRYING PAN RED RETROSPOT,2,27.06.2011 09:11,"8,29",,United Kingdom
574308,CHILDRENS CUTLERY RETROSPOT RED,1,03.11.2011 16:45,"4,15",16409.0,United Kingdom
575849,PLASTERS IN TIN SKULLS,12,11.11.2011 12:11,"1,65",14790.0,United Kingdom
569897,MINI FUNKY DESIGN TAPES,3,06.10.2011 16:01,"0,85",17813.0,United Kingdom
580279,RED RETROSPOT CHILDRENS UMBRELLA,6,02.12.2011 13:12,"3,25",15123.0,United Kingdom
571931,CHARLIE LOLA BLUE HOT WATER BOTTLE,1,19.10.2011 16:59,"4,13",,United Kingdom
572676,JUMBO BAG PAISLEY PARK,10,25.10.2011 13:30,"2,08",16258.0,United Kingdom
579187,RECYCLING BAG RETROSPOT,1,28.11.2011 15:31,"4,13",,United Kingdom
578067,PINK CAT BOWL,3,22.11.2011 15:43,"1,63",,United Kingdom
565993,RED RETROSPOT UMBRELLA,3,08.09.2011 11:46,"5,95",13013.0,United Kingdom
579098,KITCHEN METAL SIGN,1,28.11.2011 11:18,"0,55",14606.0,United Kingdom
568715,HERB MARKER THYME,1,28.09.2011 16:07,"0,65",17783.0,United Kingdom
565431,SET OF 4 KNICK KNACK TINS LEAF,2,04.09.2011 13:15,"4,15",14965.0,United Kingdom
553718,FOOD CONTAINER SET 3 LOVE HEART,1,18.05.2011 16:14,"4,13",,United Kingdom
578858,GREEN VINTAGE SPOT BEAKER,6,27.11.2011 11:22,"0,85",18145.0,United Kingdom
572550,SET OF 4 PANTRY JELLY MOULDS,2,24.10.2011 17:06,"2,46",,United Kingdom
545897,WOODEN REGATTA BUNTING,1,07.03.2011 17:22,"12,46",,United Kingdom
541268,DOLLY GIRL LUNCH BOX,2,17.01.2011 10:52,"1,95",12872.0,United Kingdom
560942,FOOD CONTAINER SET 3 LOVE HEART,2,22.07.2011 11:31,"1,95",15005.0,United Kingdom
573580,POTTERING MUG,2,31.10.2011 14:21,"3,29",,United Kingdom
538659,SET OF 72 RETROSPOT PAPER  DOILIES,12,13.12.2010 15:36,"1,45",14625.0,United Kingdom
567424,12 PENCILS TALL TUBE RED RETROSPOT,5,20.09.2011 11:16,"0,85",16369.0,United Kingdom
540356,PACK OF 20 SPACEBOY NAPKINS,1,06.01.2011 15:12,"1,66",,United Kingdom
575612,BLUE SPOT CERAMIC DRAWER KNOB,12,10.11.2011 12:47,"1,45",17416.0,United Kingdom
556089,PAPER CHAIN KIT RETROSPOT,1,08.06.2011 15:25,"6,63",,United Kingdom
565847,WOODEN ROUNDERS GARDEN SET,1,07.09.2011 12:44,"20,79",,United Kingdom
541695,OWL DOORSTOP,1,20.01.2011 18:01,"8,29",,United Kingdom
575176,HEART TRELLIS TRIPLE T-LIGHT HOLDER,1,08.11.2011 18:29,"5,79",,United Kingdom
544040,FELT EGG COSY WHITE RABBIT,1,15.02.2011 11:40,"0,85",14701.0,United Kingdom
540551,CHRISTMAS TOILET ROLL,2,10.01.2011 09:43,"2,51",,United Kingdom
581414,T-LIGHT HOLDER HANGING LOVE BIRD,1,08.12.2011 14:39,"3,75",14730.0,United Kingdom
561795,PACK OF 6 SKULL PAPER PLATES,12,29.07.2011 13:28,"0,85",12716.0,France
557560,SET OF 3 REGENCY CAKE TINS,4,21.06.2011 10:37,"4,95",15329.0,United Kingdom
562528,CREAM SWEETHEART MINI CHEST,2,05.08.2011 13:52,"12,75",12610.0,Italy
545216,ZINC FINISH 15CM PLANTER POTS,1,28.02.2011 16:50,"2,46",,United Kingdom
562087,STRAWBERRY CERAMIC TRINKET BOX,1,02.08.2011 12:31,"1,25",14606.0,United Kingdom
558237,POTTERING MUG,6,27.06.2011 15:04,"1,25",12867.0,United Kingdom
564754,GARDENERS KNEELING PAD KEEP CALM,1,30.08.2011 10:29,"3,29",,United Kingdom
579557,POPPY'S PLAYHOUSE LIVINGROOM,1,30.11.2011 11:18,"3,29",,United Kingdom
566221,PINK REGENCY TEACUP AND SAUCER,2,09.09.2011 16:13,"5,79",,United Kingdom
541569,RED RETROSPOT BOWL,16,19.01.2011 12:14,"1,25",13520.0,Switzerland
572703,GLITTER HEART DECORATION,4,25.10.2011 14:35,"0,39",16110.0,United Kingdom
579297,JUMBO STORAGE BAG SUKI,2,29.11.2011 11:23,"4,13",,United Kingdom
560845,BUNDLE OF 3 RETRO NOTE BOOKS,12,21.07.2011 12:29,"1,65",15570.0,United Kingdom
576590,VINTAGE CHRISTMAS GIFT BAG LARGE,12,15.11.2011 14:30,"1,25",16240.0,United Kingdom
572216,DECORATION SITTING BUNNY,10,21.10.2011 12:56,"0,19",16015.0,United Kingdom
568805,LUNCH BAG SUKI DESIGN,10,29.09.2011 10:55,"1,65",12826.0,United Kingdom
562587,JUMBO SHOPPER VINTAGE RED PAISLEY,10,07.08.2011 14:34,"2,08",15640.0,United Kingdom
569105,ZINC METAL HEART DECORATION,12,30.09.2011 12:35,"1,25",16729.0,United Kingdom
573576,CHARLIE + LOLA RED HOT WATER BOTTLE,4,31.10.2011 14:09,"3,29",14096.0,United Kingdom
568780,VINTAGE HEADS AND TAILS CARD GAME,12,29.09.2011 08:27,"1,25",18235.0,United Kingdom
578833,RIBBON REEL CHRISTMAS SOCK BAUBLE,4,25.11.2011 15:23,"4,13",,United Kingdom
580729,DECORATION  PINK CHICK MAGIC GARDEN,1,05.12.2011 17:24,"1,63",,United Kingdom
536865,ANT WHITE WIRE HEART SPIRAL,1,03.12.2010 11:28,"8,47",,United Kingdom
563565,CLASSIC CAFE SUGAR DISPENSER,3,17.08.2011 14:22,"1,25",17338.0,United Kingdom
559364,LUNCH BAG VINTAGE LEAF DESIGN,10,08.07.2011 08:48,"1,65",17735.0,United Kingdom
556108,SET 12 KIDS COLOUR  CHALK STICKS,2,08.06.2011 17:59,"0,83",,United Kingdom
572913,VINTAGE CHRISTMAS TABLECLOTH,2,26.10.2011 16:21,"12,5",15993.0,United Kingdom
541219,SET/4 BADGES DOGS,1,14.01.2011 14:06,"0,83",,United Kingdom
547385,PEACH KNITTED HEN,10,22.03.2011 15:48,"0,83",,United Kingdom
577078,SMALL CERAMIC TOP STORAGE JAR,5,17.11.2011 15:17,"1,63",,United Kingdom
540554,HOME BUILDING BLOCK WORD,3,10.01.2011 09:55,"5,95",18171.0,United Kingdom
540551,POMPOM CURTAIN,6,10.01.2011 09:43,"5,91",,United Kingdom
577055,ROUND SNACK BOXES SET OF4 WOODLAND,48,17.11.2011 14:22,"2,55",15189.0,United Kingdom
571438,OVEN MITT APPLES DESIGN,10,17.10.2011 13:25,"1,45",15066.0,United Kingdom
576905,GARDENERS KNEELING PAD KEEP CALM,12,17.11.2011 09:31,"1,65",13308.0,United Kingdom
572219,JUMBO BAG VINTAGE LEAF,2,21.10.2011 13:17,"2,08",17463.0,United Kingdom
577359,HAPPY STENCIL CRAFT,2,18.11.2011 16:07,"1,25",14903.0,United Kingdom
581219,60 CAKE CASES DOLLY GIRL DESIGN,1,08.12.2011 09:28,"1,25",,United Kingdom
560010,TOY TIDY PINK POLKADOT,5,14.07.2011 12:48,"2,1",13178.0,United Kingdom
539411,HOME SMALL WOOD LETTERS,3,17.12.2010 13:29,"4,95",14243.0,United Kingdom
574076,EGG CUP MILKMAID HEIDI,7,02.11.2011 15:38,"2,46",,United Kingdom
565232,IVORY WICKER HEART MEDIUM,1,02.09.2011 09:30,"2,46",,United Kingdom
544824,WASHROOM METAL SIGN,12,24.02.2011 09:32,"1,45",17139.0,United Kingdom
555938,FUNKY DIVA PEN,48,08.06.2011 09:58,"0,85",14257.0,United Kingdom
550471,LUNCH BAG WOODLAND,1,18.04.2011 13:52,"4,13",,United Kingdom
538071,CHRISTMAS METAL TAGS ASSORTED,6,09.12.2010 14:09,"11,02",,United Kingdom
548894,"GREETING CARD, STICKY GORDON",1,04.04.2011 16:01,"0,83",,United Kingdom
568943,PACK OF 12 LONDON TISSUES,432,29.09.2011 14:50,"0,32",17306.0,United Kingdom
561502,CAT BOWL VINTAGE CREAM,6,27.07.2011 14:14,"3,25",14305.0,United Kingdom
545460,FRENCH ENAMEL CANDLEHOLDER,1,02.03.2011 17:33,"2,1",13230.0,United Kingdom
572183,IVORY KITCHEN SCALES,2,21.10.2011 10:50,"8,5",16153.0,United Kingdom
541711,PARTY PIZZA DISH PINK POLKADOT,24,21.01.2011 11:18,"0,21",14646.0,Netherlands
553538,CHARLOTTE BAG VINTAGE ALPHABET,10,17.05.2011 15:26,"0,85",15855.0,United Kingdom
575167,PINK ROSEBUD & PEARL NECKLACE,2,08.11.2011 17:09,"7,5",15153.0,United Kingdom
560841,STAR T-LIGHT HOLDER WILLIE WINKIE,24,21.07.2011 12:25,"1,45",14298.0,United Kingdom
564745,NUMBER TILE VINTAGE FONT 2,2,28.08.2011 15:27,"1,95",16806.0,United Kingdom
554682,PARTY METAL SIGN,3,25.05.2011 16:08,"1,45",14085.0,United Kingdom
568655,VINTAGE BILLBOARD DRINK ME MUG,12,28.09.2011 12:20,"1,25",17611.0,United Kingdom
540001,CERAMIC CHERRY CAKE MONEY BANK,60,04.01.2011 10:22,"1,45",18097.0,United Kingdom
569205,HOME SWEET HOME CUSHION COVER,5,02.10.2011 10:55,"3,75",16923.0,United Kingdom
560878,PLASTERS IN TIN SKULLS,2,21.07.2011 15:16,"1,65",14410.0,United Kingdom
573135,BIRD HOUSE HOT WATER BOTTLE,6,27.10.2011 17:00,"2,55",12952.0,United Kingdom
576364,RABBIT NIGHT LIGHT,6,14.11.2011 17:40,"2,08",15009.0,United Kingdom
547656,WASHROOM METAL SIGN,1,24.03.2011 12:53,"1,45",13263.0,United Kingdom
549583,CARD WEDDING DAY,12,11.04.2011 09:46,"0,42",15214.0,United Kingdom
550033,JUMBO BAG ALPHABET,2,14.04.2011 11:45,"2,08",15005.0,United Kingdom
561369,VINTAGE KID DOLLY CARD,1,26.07.2011 16:21,"0,83",,United Kingdom
579777,FRENCH PAISLEY CUSHION COVER,1,30.11.2011 15:13,"3,29",,United Kingdom
570238,NUMBER TILE VINTAGE FONT 4,1,09.10.2011 15:01,"1,95",16332.0,United Kingdom
574251,WICKER STAR,6,03.11.2011 13:22,"2,1",18205.0,United Kingdom
579694,PLAYING CARDS I LOVE LONDON,1,30.11.2011 14:11,"2,46",,United Kingdom
543913,FANNY'S REST STOPMETAL SIGN,2,14.02.2011 13:11,"2,1",17591.0,United Kingdom
570088,LUNCH BAG ALPHABET DESIGN,2,07.10.2011 11:32,"1,65",16764.0,United Kingdom
557472,RECYCLED ACAPULCO MAT RED,6,20.06.2011 13:27,"8,25",12432.0,Norway
572055,RED RETROSPOT TISSUE BOX,2,20.10.2011 12:34,"0,39",17346.0,United Kingdom
577038,SET OF 5 MINI GROCERY MAGNETS,1,17.11.2011 13:30,"2,08",14796.0,United Kingdom
548011,JUMBO BAG WOODLAND ANIMALS,200,29.03.2011 11:14,"1,65",14646.0,Netherlands
567382,NATURAL SLATE HEART CHALKBOARD,6,20.09.2011 10:18,"2,95",16215.0,United Kingdom
549597,DAIRY MAID STRIPE MUG,36,11.04.2011 11:23,"0,79",16133.0,United Kingdom
565782,TOADSTOOL BEDSIDE LIGHT,1,06.09.2011 15:48,"8,95",12748.0,United Kingdom
559338,EIGHT PIECE SNAKE  SET,1,07.07.2011 16:30,"2,46",,United Kingdom
537638,VICTORIAN GLASS HANGING T-LIGHT,9,07.12.2010 15:28,"2,51",,United Kingdom
574328,FRYING PAN UNION FLAG,4,04.11.2011 09:05,"4,25",13081.0,United Kingdom
537819,RETROSPOT RED WASHING UP GLOVES,6,08.12.2010 13:55,"2,1",15298.0,United Kingdom
546502,GLASS  BEURRE DISH,1,14.03.2011 11:46,"3,95",16005.0,United Kingdom
561611,FLORAL BATHROOM SET,5,28.07.2011 12:29,"3,75",17975.0,United Kingdom
571628,DOORMAT FAIRY CAKE,10,18.10.2011 11:13,"7,08",15311.0,United Kingdom
547063,WHITE SKULL HOT WATER BOTTLE,1,20.03.2011 13:33,"3,75",14769.0,United Kingdom
542347,JUMBO STORAGE BAG SKULLS,10,27.01.2011 12:06,"1,95",12826.0,United Kingdom
537622,BALLOON PUMP WITH 10 BALLOONS,1,07.12.2010 14:30,"1,95",13173.0,United Kingdom
572655,S/6 WOODEN SKITTLES IN COTTON BAG,6,25.10.2011 12:20,"3,25",16708.0,United Kingdom
553013,DOORMAT WELCOME PUPPIES,1,12.05.2011 18:19,"15,79",,United Kingdom
576645,SET 12 COLOUR PENCILS SPACEBOY,16,16.11.2011 10:14,"0,65",16245.0,United Kingdom
578472,SET 2 PANTRY DESIGN TEA TOWELS,6,24.11.2011 12:40,"3,25",12476.0,Germany
576329,PAPER BUNTING RETROSPOT,1,14.11.2011 15:22,"5,79",,United Kingdom
577504,RED HANGING HEART T-LIGHT HOLDER,4,20.11.2011 12:36,"2,95",14159.0,United Kingdom
567917,FOLK ART METAL STAR T-LIGHT HOLDER,36,22.09.2011 17:19,"0,38",14298.0,United Kingdom
570693,ROSE FOLKART HEART DECORATIONS,4,11.10.2011 16:50,"1,25",16161.0,United Kingdom
560120,CHRISTMAS CRAFT TREE TOP ANGEL,6,15.07.2011 10:27,"2,1",14907.0,United Kingdom
576615,PLASTERS IN TIN SKULLS,1,15.11.2011 16:42,"1,65",17231.0,United Kingdom
537237,CARTOON  PENCIL SHARPENERS,1,06.12.2010 09:58,"2,13",,United Kingdom
578814,PLASTERS IN TIN SPACEBOY,1,25.11.2011 13:40,"1,65",12748.0,United Kingdom
564838,PICTURE DOMINOES,1,30.08.2011 12:43,"3,29",,United Kingdom
579512,PING MICROWAVE APRON,1,29.11.2011 16:47,"4,13",,United Kingdom
573486,SET OF 4 ROSE BOTANICAL CANDLES,12,31.10.2011 11:40,"1,25",13186.0,United Kingdom
546392,PACK OF 72 SKULL CAKE CASES,1,11.03.2011 14:15,"0,55",14587.0,United Kingdom
565426,VINTAGE RED ENAMEL TRIM PLATE,4,04.09.2011 12:41,"1,65",12851.0,United Kingdom
565234,RETROSPOT WOODEN HEART DECORATION,5,02.09.2011 09:38,"1,63",,United Kingdom
575177,"BIRTHDAY CARD, RETRO SPOT",13,08.11.2011 18:41,"0,42",,United Kingdom
570680,WRAP CHRISTMAS SCREEN PRINT,25,11.10.2011 15:36,"0,19",13969.0,United Kingdom
564630,VINTAGE CHRISTMAS BUNTING,5,26.08.2011 11:53,"4,95",13644.0,United Kingdom
543097,BAKING MOULD HEART MILK CHOCOLATE,1,03.02.2011 11:41,"4,96",,United Kingdom
547511,HYACINTH BULB T-LIGHT CANDLES,16,23.03.2011 13:44,"0,42",17411.0,United Kingdom
573074,DOG BOWL CHASING BALL DESIGN,6,27.10.2011 14:03,"3,75",16265.0,United Kingdom
575685,WALL ART CLASSIC PUDDINGS,12,10.11.2011 15:57,"7,45",15694.0,United Kingdom
568829,SET 6 SCHOOL MILK BOTTLES IN CRATE,4,29.09.2011 11:33,"3,75",17633.0,United Kingdom
545895,ASSORTED EASTER DECORATIONS  BELLS,1,07.03.2011 17:14,"15,79",,United Kingdom
545909,FAWN BLUE HOT WATER BOTTLE,6,08.03.2011 09:45,"2,95",15819.0,United Kingdom
571411,WHITE BAMBOO RIBS LAMPSHADE,36,17.10.2011 12:33,"0,85",17858.0,United Kingdom
578479,6 ROCKET BALLOONS,10,24.11.2011 12:48,"0,65",15858.0,United Kingdom
542388,RED HANGING HEART T-LIGHT HOLDER,6,27.01.2011 14:45,"2,95",14239.0,United Kingdom
574074,SET OF 6 SOLDIER SKITTLES,1,02.11.2011 15:33,"7,46",,United Kingdom
544352,CREAM FELT EASTER EGG BASKET,12,18.02.2011 10:16,"1,65",15290.0,United Kingdom
568143,SET OF 60 PANTRY DESIGN CAKE CASES,24,25.09.2011 11:28,"0,55",13266.0,United Kingdom
577168,REGENCY CAKESTAND 3 TIER,56,18.11.2011 10:42,"10,95",12603.0,Germany
540551,FELTCRAFT HAIRBAND RED AND BLUE,4,10.01.2011 09:43,"1,66",,United Kingdom
564256,ORIGAMI LAVENDER INCENSE/CANDL SET,1,24.08.2011 10:45,"0,85",14796.0,United Kingdom
545574,TOILET METAL SIGN,10,03.03.2011 18:16,"0,55",13959.0,United Kingdom
578941,PARTY TIME PENCIL ERASERS,1,27.11.2011 13:26,"0,21",16024.0,United Kingdom
545081,RED RETROSPOT TEA CUP AND SAUCER,4,28.02.2011 10:35,"3,75",16057.0,United Kingdom
570275,WALL ART STOP FOR TEA,12,10.10.2011 10:57,"5,95",13098.0,United Kingdom
537850,BUTTERFLIES STICKERS,12,08.12.2010 15:38,"0,85",16722.0,United Kingdom
564739,MAGIC TREE -PAPER FLOWERS,1,28.08.2011 14:28,"0,85",16931.0,United Kingdom
547670,WHITE HANGING HEART T-LIGHT HOLDER,6,24.03.2011 13:41,"2,95",16769.0,United Kingdom
578091,TRADITIONAL PICK UP STICKS GAME,12,22.11.2011 17:15,"1,25",14554.0,United Kingdom
560433,GREEN GLASS TASSLE BAG CHARM,1,18.07.2011 15:49,"1,63",,United Kingdom
580729,KNEELING MAT HOUSEWORK  DESIGN,1,05.12.2011 17:24,"3,29",,United Kingdom
558475,FRUIT SALAD BAG CHARM,1,29.06.2011 15:58,"2,46",,United Kingdom
562878,LUNCH BAG SPACEBOY DESIGN,1,10.08.2011 10:45,"1,65",16241.0,United Kingdom
561192,SMALL IVORY HEART WALL ORGANISER,1,25.07.2011 13:45,"5,75",16033.0,United Kingdom
540770,ELEPHANT CARNIVAL POUFFE,1,11.01.2011 10:40,"14,95",13468.0,United Kingdom
551412,CANDLEHOLDER PINK HANGING HEART,3,28.04.2011 13:31,"2,95",15508.0,United Kingdom
557939,SET OF 4 KNICK KNACK TINS DOILEY,6,23.06.2011 15:44,"4,15",12697.0,Sweden
560712,JUMBO BAG PINK POLKADOT,2,20.07.2011 13:06,"2,08",14456.0,United Kingdom
578354,RED RETROSPOT CHARLOTTE BAG,10,24.11.2011 10:12,"0,85",17139.0,United Kingdom
538811,RED RETROSPOT CHARLOTTE BAG,10,14.12.2010 12:22,"0,85",13178.0,United Kingdom
571747,SET OF 16 VINTAGE RED CUTLERY,1,19.10.2011 10:59,"12,75",13849.0,United Kingdom
550035,PINK PARTY BAGS,12,14.04.2011 11:48,"2,1",15039.0,United Kingdom
559465,CHILDRENS CUTLERY SPACEBOY,72,08.07.2011 13:26,"3,75",14680.0,United Kingdom
544093,CERAMIC STRAWBERRY CAKE MONEY BANK,12,16.02.2011 09:08,"1,45",13750.0,United Kingdom
536856,BABUSHKA LIGHTS STRING OF 10,4,03.12.2010 10:26,"6,75",13370.0,United Kingdom
545301,WATERING CAN PINK BUNNY,8,01.03.2011 12:26,"1,95",12679.0,France
556426,LUNCH BOX I LOVE LONDON,5,10.06.2011 13:18,"1,95",16729.0,United Kingdom
539595,BLACK KITCHEN SCALES,1,20.12.2010 13:43,"16,98",,United Kingdom
541864,YOU'RE CONFUSING ME METAL SIGN,48,23.01.2011 16:17,"1,45",13798.0,United Kingdom
570273,PAPER CHAIN KIT RETROSPOT,12,10.10.2011 10:51,"2,95",13373.0,United Kingdom
576062,CARD GINGHAM ROSE,12,13.11.2011 15:30,"0,42",12867.0,United Kingdom
565726,LOVE HOT WATER BOTTLE,3,06.09.2011 11:58,"5,95",14360.0,United Kingdom
543273,SET 12 LAVENDER  BOTANICAL T-LIGHTS,2,06.02.2011 11:29,"2,95",16456.0,United Kingdom
548171,FELT EGG COSY CHICKEN,36,29.03.2011 13:58,"0,85",16422.0,United Kingdom
538419,FINE WICKER HEART,12,12.12.2010 12:01,"1,25",16367.0,United Kingdom
536982,SET OF 72 RETROSPOT PAPER  DOILIES,4,03.12.2010 14:27,"3,83",,United Kingdom
547386,DOORMAT ENGLISH ROSE,1,22.03.2011 15:52,"15,79",,United Kingdom
565580,IVORY WICKER HEART MEDIUM,24,05.09.2011 12:36,"1,25",13851.0,United Kingdom
547063,WRAP ALPHABET DESIGN,25,20.03.2011 13:33,"0,42",14769.0,United Kingdom
544685,LUNCH BAG DOLLY GIRL DESIGN,10,22.02.2011 17:13,"1,65",13285.0,United Kingdom
580367,36 FOIL STAR CAKE CASES,1,02.12.2011 16:39,"4,13",,United Kingdom
563500,NO JUNK MAIL METAL SIGN,6,16.08.2011 17:25,"0,39",15856.0,United Kingdom
538566,SET/10 BLUE POLKADOT PARTY CANDLES,1,13.12.2010 11:21,"2,51",,United Kingdom
577077,SET OF 60 PANTRY DESIGN CAKE CASES,4,17.11.2011 15:16,"0,55",17799.0,United Kingdom
544885,WHITE TALL PORCELAIN T-LIGHT HOLDER,6,24.02.2011 11:38,"2,55",14243.0,United Kingdom
545995,MEMO BOARD COTTAGE DESIGN,2,08.03.2011 13:54,"4,95",15023.0,United Kingdom
546549,PICNIC BASKET WICKER LARGE,1,14.03.2011 16:46,"9,95",17799.0,United Kingdom
562203,PINK AND WHITE CHRISTMAS TREE 120CM,6,03.08.2011 12:50,"2,95",16102.0,United Kingdom
566495,CARD WEDDING DAY,12,13.09.2011 11:14,"0,42",15529.0,United Kingdom
578347,SET 7 BABUSHKA NESTING BOXES,1,24.11.2011 09:26,"16,63",,United Kingdom
550317,FELTCRAFT PRINCESS CHARLOTTE DOLL,4,17.04.2011 11:56,"3,75",15172.0,United Kingdom
538177,CHOCOLATE HOT WATER BOTTLE,22,10.12.2010 09:51,"4,95",,United Kingdom
550359,WHITE HANGING HEART T-LIGHT HOLDER,10,18.04.2011 10:41,"2,95",17841.0,United Kingdom
577844,CHARLOTTE BAG PINK POLKADOT,19,22.11.2011 10:41,"2,46",,United Kingdom
571036,DRAWER KNOB CRACKLE GLAZE IVORY,30,13.10.2011 12:52,"1,65",17567.0,United Kingdom
576355,SET OF 3 REGENCY CAKE TINS,6,14.11.2011 16:28,"4,95",13089.0,United Kingdom
574290,LARGE ANTIQUE WHITE PHOTO FRAME,2,03.11.2011 15:18,"7,9",17403.0,United Kingdom
579361,PAINT YOUR OWN CANVAS SET,2,29.11.2011 11:51,"1,65",,United Kingdom
537219,"KEY FOB , SHED",2,05.12.2010 15:47,"0,65",14081.0,United Kingdom
561861,CLASSIC METAL BIRDCAGE PLANT HOLDER,24,31.07.2011 10:28,"9,95",16839.0,United Kingdom
544180,VINTAGE BILLBOARD TEA MUG,12,16.02.2011 14:48,"1,25",14309.0,United Kingdom
557954,DOORMAT KEEP CALM AND COME IN,3,23.06.2011 18:44,"7,95",15023.0,United Kingdom
558183,WHITE 3 FRAME BIRDS AND TREE,1,27.06.2011 12:13,"21,95",15996.0,United Kingdom
581439,FOUR HOOK  WHITE LOVEBIRDS,2,08.12.2011 16:30,"4,13",,United Kingdom
537638,SKULLS DESIGN FLANNEL,1,07.12.2010 15:28,"1,66",,United Kingdom
566179,PINK FLOWER FABRIC PONY,3,09.09.2011 12:42,"3,75",,Israel
569007,SET OF 72 PINK HEART PAPER DOILIES,12,29.09.2011 18:51,"1,45",17552.0,United Kingdom
567293,ALARM CLOCK BAKELIKE GREEN,4,19.09.2011 12:01,"3,75",12640.0,France
553917,SMALL GLASS HEART TRINKET POT,8,20.05.2011 08:30,"2,1",17615.0,United Kingdom
563170,WOOD 2 DRAWER CABINET WHITE FINISH,2,12.08.2011 12:44,"6,95",18237.0,United Kingdom
569372,CLOTHES PEGS RETROSPOT PACK 24,1,03.10.2011 16:04,"3,29",,United Kingdom
546235,FANNY'S REST STOPMETAL SIGN,2,10.03.2011 12:42,"2,1",14976.0,United Kingdom
563371,LUNCH BAG VINTAGE DOILY,100,16.08.2011 09:39,"1,45",14006.0,United Kingdom
554261,SPOTTY BUNTING,6,23.05.2011 12:32,"4,95",16033.0,United Kingdom
553156,SET/6 TURQUOISE BUTTERFLY T-LIGHTS,5,13.05.2011 14:58,"2,1",17841.0,United Kingdom
540646,TOY TIDY DOLLY GIRL DESIGN,1,10.01.2011 14:32,"4,21",,United Kingdom
561513,SET OF 12 FAIRY CAKE BAKING CASES,2,27.07.2011 15:12,"2,46",,United Kingdom
546261,NOVELTY BISCUITS CAKE STAND 3 TIER,1,10.03.2011 15:01,"9,95",17841.0,United Kingdom
538198,RED HANGING HEART T-LIGHT HOLDER,2,10.12.2010 11:01,"2,95",17827.0,United Kingdom
547892,ROUND SNACK BOXES SET OF 4 FRUITS,6,28.03.2011 10:15,"2,95",12669.0,France
576062,SET OF 60 PANTRY DESIGN CAKE CASES,5,13.11.2011 15:30,"0,55",12867.0,United Kingdom
546007,NECKLACE+BRACELET SET BLUE BLOSSOM,2,08.03.2011 15:34,"2,46",,United Kingdom
547960,WATERING CAN PINK BUNNY,1,28.03.2011 15:27,"1,95",15644.0,United Kingdom
580527,SET OF 4 NAPKIN CHARMS STARS,4,04.12.2011 15:19,"0,79",13736.0,United Kingdom
547386,JUMBO BAG RED RETROSPOT,4,22.03.2011 15:52,"4,13",,United Kingdom
539856,AIRLINE BAG VINTAGE JET SET BROWN,3,22.12.2010 14:41,0,,United Kingdom
542717,PACK OF 12 PINK PAISLEY TISSUES,2,31.01.2011 14:07,"0,29",17580.0,United Kingdom
540543,CHOCOLATE BOX RIBBONS,5,09.01.2011 15:23,"1,25",14395.0,United Kingdom
572076,VINTAGE CHRISTMAS PAPER GIFT BAG,10,20.10.2011 14:01,"0,82",13761.0,United Kingdom
557484,CERAMIC BOWL WITH STRAWBERRY DESIGN,1,20.06.2011 14:36,"2,95",14796.0,United Kingdom
555133,JUMBO BAG DOILEY PATTERNS,10,31.05.2011 15:32,"2,08",16810.0,United Kingdom
562680,JUMBO BAG APPLES,2,08.08.2011 13:46,"2,08",17954.0,United Kingdom
563909,SET OF 3 CAKE TINS PANTRY DESIGN,1,21.08.2011 12:36,"4,95",15701.0,United Kingdom
552232,LIPSTICK PEN FUSCHIA,1,06.05.2011 15:54,"0,83",,United Kingdom
547042,EASTER BUNNY GARLAND OF FLOWERS,1,20.03.2011 11:00,"0,83",,United Kingdom
565670,PINK DINER WALL CLOCK,4,06.09.2011 09:23,"8,5",14944.0,United Kingdom
578305,RED FLORAL FELTCRAFT SHOULDER BAG,12,23.11.2011 15:44,"3,39",14088.0,United Kingdom
565234,TEA PARTY BIRTHDAY CARD,1,02.09.2011 09:38,"0,83",,United Kingdom
566929,BUNDLE OF 3 ALPHABET EXERCISE BOOKS,48,15.09.2011 15:21,"1,45",17428.0,United Kingdom
556243,DOORMAT UNION FLAG,1,09.06.2011 16:07,"15,79",,United Kingdom
546003,LUNCH BAG  BLACK SKULL.,3,08.03.2011 15:07,"1,65",16712.0,United Kingdom
566213,SET OF 3 HANGING OWLS OLLIE BEAK,12,09.09.2011 15:09,"1,25",14895.0,United Kingdom
541971,SMALL POPCORN HOLDER,1,24.01.2011 13:48,"1,63",,United Kingdom
567522,AREA PATROLLED METAL SIGN,24,20.09.2011 16:41,"2,1",17873.0,United Kingdom
569843,MOODY GIRL DOOR HANGER,3,06.10.2011 13:29,"0,39",14449.0,United Kingdom
565649,LUNCH BAG SUKI DESIGN,3,05.09.2011 16:27,"1,65",16712.0,United Kingdom
547396,RED RETROSPOT CHARLOTTE BAG,37,22.03.2011 16:54,"2,46",,United Kingdom
539488,ROBOT BIRTHDAY CARD,12,20.12.2010 09:37,"0,42",12377.0,Switzerland
579692,BEWARE OF THE CAT METAL SIGN,48,30.11.2011 14:05,"1,45",12433.0,Norway
566950,JUMBO BAG STRAWBERRY,10,15.09.2011 16:34,"2,08",17594.0,United Kingdom
559133,BALLOON PUMP WITH 10 BALLOONS,2,06.07.2011 13:13,"1,95",17861.0,United Kingdom
540268,LARGE PINK GLASS SUNDAE DISH,16,06.01.2011 11:25,"0,75",13458.0,United Kingdom
568228,VICTORIAN SEWING BOX SMALL,2,26.09.2011 11:02,"5,95",15358.0,United Kingdom
537237,LOVE HEART POCKET WARMER,1,06.12.2010 09:58,"3,36",,United Kingdom
552702,PINK VINTAGE PAISLEY PICNIC BAG,4,10.05.2011 16:00,"2,46",,United Kingdom
541293,SET OF 72 RETROSPOT PAPER  DOILIES,2,17.01.2011 13:39,"1,45",15311.0,United Kingdom
578066,RED RETROSPOT CHARLOTTE BAG,1,22.11.2011 15:43,"0,85",,United Kingdom
539595,RECYCLED PENCIL WITH RABBIT ERASER,3,20.12.2010 13:43,"0,43",,United Kingdom
570648,JUMBO BAG RED RETROSPOT,10,11.10.2011 13:09,"2,08",16086.0,United Kingdom
577078,SET OF 36 PAISLEY FLOWER DOILIES,1,17.11.2011 15:17,"2,92",,United Kingdom
578950,36 PENCILS TUBE SKULLS,1,27.11.2011 14:40,"1,25",17885.0,United Kingdom
575976,VINTAGE BELLS GARLAND,6,13.11.2011 13:26,"2,89",15271.0,United Kingdom
537016,,-15,03.12.2010 15:41,0,,United Kingdom
552665,ENAMEL BREAD BIN CREAM,1,10.05.2011 15:05,"24,96",,United Kingdom
545897,SET OF 9 HEART SHAPED BALLOONS,2,07.03.2011 17:22,"2,46",,United Kingdom
573300,ROLL WRAP VINTAGE SPOT,1,28.10.2011 16:10,"1,25",16049.0,United Kingdom
581219,I LOVE LONDON BABY GIFT SET,1,08.12.2011 09:28,"10,79",,United Kingdom
555510,TEA BAG PLATE RED RETROSPOT,1,03.06.2011 17:09,"1,63",,United Kingdom
577533,TOILET METAL SIGN,1,20.11.2011 14:04,"0,55",16877.0,United Kingdom
542398,FLORAL BATHROOM SET,1,27.01.2011 15:36,"3,75",13174.0,United Kingdom
552831,DOORMAT WELCOME TO OUR HOME,2,11.05.2011 14:12,"7,95",13052.0,United Kingdom
581219,RED RETROSPOT PEG BAG,2,08.12.2011 09:28,"4,96",,United Kingdom
552290,VINTAGE KID DOLLY CARD,12,08.05.2011 13:32,"0,42",16007.0,United Kingdom
579091,FANCY FONTS BIRTHDAY WRAP,25,28.11.2011 10:49,"0,42",14893.0,United Kingdom
543754,3 TIER CAKE TIN GREEN AND CREAM,1,11.02.2011 14:26,"14,95",18159.0,United Kingdom
558900,VICTORIAN GLASS HANGING T-LIGHT,6,04.07.2011 16:06,"1,25",15349.0,United Kingdom
573585,SET OF 6 NATIVITY MAGNETS,2,31.10.2011 14:41,"4,13",,United Kingdom
575875,FAIRY CAKES NOTEBOOK A6 SIZE,1,11.11.2011 13:06,"1,46",,United Kingdom
558774,PHOTO CLIP LINE,4,04.07.2011 10:17,"2,46",,United Kingdom
537400,CREAM CUPID HEARTS COAT HANGER,8,06.12.2010 14:36,"3,25",17191.0,United Kingdom
541260,PACK OF 20 NAPKINS PANTRY DESIGN,2,16.01.2011 15:44,"0,85",16059.0,United Kingdom
563584,ENAMEL FLOWER JUG CREAM,3,17.08.2011 16:48,"5,95",15122.0,United Kingdom
570096,FRENCH BLUE METAL DOOR SIGN No,1,07.10.2011 11:58,"1,25",15311.0,United Kingdom
578522,BLUE HARMONICA IN BOX,2,24.11.2011 14:09,"1,25",17254.0,United Kingdom
565760,LUNCH BAG RED RETROSPOT,10,06.09.2011 13:47,"1,65",12720.0,Germany
559553,RED DINER WALL CLOCK,2,11.07.2011 09:23,"8,5",16174.0,United Kingdom
569011,ICE CREAM SUNDAE LIP GLOSS,48,30.09.2011 08:14,"1,25",14655.0,United Kingdom
553879,MINIATURE ANTIQUE ROSE HOOK IVORY,12,19.05.2011 15:15,"0,83",15791.0,United Kingdom
540418,DENIM PATCH PURSE PINK BUTTERFLY,3,07.01.2011 11:04,"1,66",,United Kingdom
552668,CHARLIE AND LOLA TABLE TINS,1,10.05.2011 15:05,"8,29",,United Kingdom
569229,RED RETROSPOT SUGAR JAM BOWL,1,02.10.2011 14:56,"2,55",14502.0,United Kingdom
549729,JUMBO SHOPPER VINTAGE RED PAISLEY,3,11.04.2011 16:17,"2,08",13634.0,United Kingdom
543587,PACK OF 20 NAPKINS PANTRY DESIGN,12,10.02.2011 11:39,"0,85",12561.0,Germany
547497,SET OF 36 PAISLEY FLOWER DOILIES,3,23.03.2011 12:15,"1,45",14461.0,United Kingdom
577495,SET OF 12 MINI LOAF BAKING CASES,2,20.11.2011 12:20,"0,83",14704.0,United Kingdom
552465,JUMBO BAG STRAWBERRY,10,09.05.2011 15:17,"2,08",16242.0,United Kingdom
577749,TOXIC AREA  DOOR HANGER,5,21.11.2011 14:26,"0,39",16242.0,United Kingdom
566203,PACK OF SIX LED TEA LIGHTS,1,09.09.2011 14:47,"2,89",16362.0,United Kingdom
567077,CHRISTMAS CRAFT WHITE FAIRY,2,16.09.2011 12:34,"1,45",18122.0,United Kingdom
553013,MEMO BOARD COTTAGE DESIGN,1,12.05.2011 18:19,"10,79",,United Kingdom
539436,WOODEN BOX OF DOMINOES,2,17.12.2010 14:49,"2,51",,United Kingdom
555282,CLASSIC GLASS COOKIE JAR,6,02.06.2011 09:04,"4,15",12709.0,Germany
541421,PICNIC BOXES SET OF 3 RETROSPOT,1,17.01.2011 17:44,"4,13",,United Kingdom
552191,ROSE COTTAGE KEEPSAKE BOX,2,06.05.2011 14:12,"9,95",16832.0,United Kingdom
557526,VICTORIAN GLASS HANGING T-LIGHT,36,21.06.2011 09:30,"1,25",14397.0,United Kingdom
539447,SMALL RED BABUSHKA NOTEBOOK,12,17.12.2010 16:00,"0,85",12395.0,Belgium
549847,COWBOYS AND INDIANS BIRTHDAY CARD,12,12.04.2011 14:43,"0,42",15358.0,United Kingdom
569372,CHRISTMAS CARD SCREEN PRINT,1,03.10.2011 16:04,"0,42",,United Kingdom
539957,PACK OF 12 LONDON TISSUES,24,23.12.2010 12:58,"0,29",12585.0,Germany
581498,JUMBO BAG OWLS,8,09.12.2011 10:26,"4,13",,United Kingdom
547223,12 PENCIL SMALL TUBE WOODLAND,5,21.03.2011 15:10,"0,65",12867.0,United Kingdom
540681,IVORY PENDANT TRIPLE SHELL NECKLACE,1,10.01.2011 16:25,"5,09",,United Kingdom
555368,WOOD S/3 CABINET ANT WHITE FINISH,2,02.06.2011 14:30,"8,95",13437.0,United Kingdom
557787,GLASS JAR DIGESTIVE BISCUITS,1,22.06.2011 16:16,"2,95",15041.0,United Kingdom
538313,SOLDIERS EGG CUP,36,10.12.2010 13:50,"1,25",15514.0,United Kingdom
546305,ROUND SNACK BOXES SET OF4 WOODLAND,1,10.03.2011 16:16,"2,95",14056.0,United Kingdom
580094,LE JARDIN BOTANIQUE CUSHION COVER,2,01.12.2011 14:50,"3,75",15904.0,United Kingdom
542625,JUMBO BAG SPACEBOY DESIGN,1,31.01.2011 09:50,"4,13",,United Kingdom
554694,JUMBO BAG ALPHABET,1,25.05.2011 17:06,"4,13",,United Kingdom
554999,ICON MUG REVOLUTIONARY,6,29.05.2011 15:44,"0,39",15547.0,United Kingdom
546317,SKULLS GREETING CARD,12,11.03.2011 09:07,"0,42",14913.0,United Kingdom
578044,3D VINTAGE CHRISTMAS STICKERS,20,22.11.2011 14:41,"1,25",13488.0,United Kingdom
574561,SKULL AND CROSSBONES  GARLAND,1,04.11.2011 15:52,"1,63",,United Kingdom
568952,FELTCRAFT DOLL MOLLY,6,29.09.2011 15:29,"2,95",14305.0,United Kingdom
545661,SET 12 RETRO WHITE CHALK STICKS,24,04.03.2011 14:41,"0,42",15358.0,United Kingdom
569491,LUNCH BOX I LOVE LONDON,1,04.10.2011 13:25,"1,95",14056.0,United Kingdom
556484,PACK OF 60 MUSHROOM CAKE CASES,4,12.06.2011 13:17,"0,55",16938.0,United Kingdom
574721,CARD I LOVE LONDON,12,06.11.2011 14:43,"0,42",17920.0,United Kingdom
550829,TRAVEL CARD WALLET VINTAGE TICKET,1,21.04.2011 10:19,"0,42",17841.0,United Kingdom
576245,JUMBO STORAGE BAG SUKI,10,14.11.2011 13:40,"2,08",12553.0,France
581219,GROW YOUR OWN BASIL IN ENAMEL MUG,1,08.12.2011 09:28,"4,13",,United Kingdom
567076,WHITE GOOSE FEATHER TREE 60CM,24,16.09.2011 12:27,"1,95",15505.0,United Kingdom
575494,TUSCAN VILLA DOVECOTE BIRD FEEDER,2,10.11.2011 09:08,"8,25",17500.0,United Kingdom
561889,ENAMEL FLOWER JUG CREAM,3,31.07.2011 13:37,"5,95",15804.0,United Kingdom
556017,PACK OF 60 MUSHROOM CAKE CASES,24,08.06.2011 11:56,"0,55",15382.0,United Kingdom
546791,CHILDRENS DOLLY GIRL MUG,12,17.03.2011 10:38,"1,65",17716.0,United Kingdom
572451,CANDLE HOLDER SILVER MADELINE,12,24.10.2011 12:36,"1,65",12921.0,United Kingdom
574561,PACK OF 12 TRADITIONAL CRAYONS,1,04.11.2011 15:52,"0,83",,United Kingdom
556932,FELTCRAFT CUSHION OWL,1,15.06.2011 15:41,"7,46",,United Kingdom
546774,CHERRY CROCHET FOOD COVER,2,16.03.2011 15:45,"3,75",14505.0,United Kingdom
543977,LAUNDRY 15C METAL SIGN,12,14.02.2011 15:35,"1,45",15615.0,United Kingdom
572509,FUNKY DIVA PEN,48,24.10.2011 14:25,"0,85",17004.0,United Kingdom
575179,JAM MAKING SET WITH JARS,6,09.11.2011 08:11,"4,25",14284.0,United Kingdom
577438,CHRISTMAS CRAFT TREE TOP ANGEL,1,20.11.2011 11:09,"2,1",18118.0,United Kingdom
575631,RIBBON REEL LACE DESIGN,1,10.11.2011 13:41,"2,1",15184.0,United Kingdom
567514,CLEAR DRAWER KNOB ACRYLIC EDWARDIAN,24,20.09.2011 15:10,"1,25",16928.0,United Kingdom
544463,SET OF 3 BIRD LIGHT PINK FEATHER,1,20.02.2011 14:31,"1,25",12988.0,United Kingdom
568721,SET OF 20 VINTAGE CHRISTMAS NAPKINS,2,28.09.2011 16:24,"1,63",,United Kingdom
543976,PORCELAIN ROSE LARGE,144,14.02.2011 15:26,"1,06",13089.0,United Kingdom
564837,WICKER STAR,1,30.08.2011 12:40,"4,13",,United Kingdom
572238,JUMBO BAG SPACEBOY DESIGN,10,21.10.2011 14:50,"2,08",15819.0,United Kingdom
577483,PACK OF 12 50'S CHRISTMAS TISSUES,4,20.11.2011 11:50,"0,39",14502.0,United Kingdom
553890,TRAVEL CARD WALLET PANTRY,1,19.05.2011 16:32,"0,83",,United Kingdom
578514,GLITTER CHRISTMAS TREE WITH BELLS,12,24.11.2011 13:40,"0,79",14785.0,United Kingdom
554669,CARD I LOVE LONDON,12,25.05.2011 15:31,"0,42",15203.0,United Kingdom
575607,COLOURING PENCILS BROWN TUBE,3,10.11.2011 12:37,"2,46",14096.0,United Kingdom
547098,PENCIL CASE LIFE IS BEAUTIFUL,6,21.03.2011 10:13,"2,95",16384.0,United Kingdom
550830,SMALL IVORY HEART WALL ORGANISER,3,21.04.2011 10:29,"5,75",13534.0,United Kingdom
564367,ENAMEL FLOWER JUG CREAM,3,25.08.2011 09:18,"5,95",12712.0,Germany
555735,ENAMEL WATERING CAN CREAM,8,07.06.2011 08:54,"4,95",13327.0,United Kingdom
555648,SET OF 4 NAPKIN CHARMS INSTRUMENT,2,06.06.2011 13:46,"2,55",14623.0,United Kingdom
569474,TRAVEL CARD WALLET VINTAGE TICKET,6,04.10.2011 12:39,"0,42",14178.0,United Kingdom
565921,HOT WATER BOTTLE KEEP CALM,4,08.09.2011 09:13,"4,95",13889.0,United Kingdom
559338,JAZZ HEARTS PURSE NOTEBOOK,2,07.07.2011 16:30,"0,83",,United Kingdom
568833,ROLL WRAP 50'S CHRISTMAS,12,29.09.2011 11:39,"1,25",17348.0,United Kingdom
550835,BLUE DRAGONFLY HELICOPTER,1,21.04.2011 10:52,"7,95",15034.0,United Kingdom
546008,METAL SIGN NEIGHBOURHOOD WITCH,1,08.03.2011 15:43,"4,13",,United Kingdom
541265,TOAST ITS - I LOVE YOU,3,16.01.2011 16:23,"1,25",17609.0,United Kingdom
578992,PAPER CHAIN KIT VINTAGE CHRISTMAS,2,27.11.2011 15:38,"2,95",13610.0,United Kingdom
580730,BLUE COAT RACK PARIS FASHION,1,05.12.2011 17:28,"10,79",,United Kingdom
568517,SET 12 COLOUR PENCILS SPACEBOY,2,27.09.2011 12:52,"0,65",14456.0,United Kingdom
566094,BLOSSOM  IMAGES NOTEBOOK SET,2,09.09.2011 10:42,"1,25",17965.0,United Kingdom
578030,DOORMAT BLACK FLOCK,10,22.11.2011 13:40,"7,08",15498.0,United Kingdom
555028,RECYCLED ACAPULCO MAT TURQUOISE,2,31.05.2011 11:22,"8,25",17648.0,United Kingdom
541485,GRAND CHOCOLATECANDLE,9,18.01.2011 13:05,"1,45",18118.0,United Kingdom
558927,JUMBO BAG STRAWBERRY,10,05.07.2011 10:23,"2,08",18177.0,United Kingdom
556784,RED RETROSPOT BUTTER DISH,2,14.06.2011 13:15,"4,95",14461.0,United Kingdom
539718,PINK  POLKADOT PLATE,4,21.12.2010 13:06,"3,36",,United Kingdom
579512,CLASSIC GLASS COOKIE JAR,2,29.11.2011 16:47,"8,29",,United Kingdom
548329,RECIPE BOX RETROSPOT,24,30.03.2011 13:14,"2,55",16584.0,United Kingdom
544694,LUNCH BAG DOLLY GIRL DESIGN,10,23.02.2011 09:30,"1,65",17706.0,United Kingdom
574034,CHRISTMAS CRAFT LITTLE FRIENDS,1,02.11.2011 12:45,"2,1",17841.0,United Kingdom
578270,SMALL RED RETROSPOT MUG IN BOX,2,23.11.2011 13:39,"7,46",14096.0,United Kingdom
575897,BLUE HARMONICA IN BOX,24,11.11.2011 14:53,"1,25",15492.0,United Kingdom
555276,CARTOON  PENCIL SHARPENERS,1,01.06.2011 17:28,"2,08",,United Kingdom
553189,POPPY'S PLAYHOUSE LIVINGROOM,2,15.05.2011 13:14,"2,1",15033.0,United Kingdom
544586,IVORY GIANT GARDEN THERMOMETER,2,21.02.2011 15:04,"5,95",17338.0,United Kingdom
568066,SET OF 3 CAKE TINS PANTRY DESIGN,1,23.09.2011 13:48,"4,95",14529.0,United Kingdom
574240,JUMBO  BAG BAROQUE BLACK WHITE,1,03.11.2011 12:45,"2,08",15998.0,United Kingdom
572865,RETRO MOD TRAY,1,26.10.2011 13:01,"0,85",17841.0,United Kingdom
550311,OPEN CLOSED METAL SIGN,1,17.04.2011 11:04,"4,95",16728.0,United Kingdom
550914,RED RETROSPOT MINI CASES,12,21.04.2011 13:29,"6,35",17061.0,United Kingdom
547822,DOORMAT FAIRY CAKE,4,25.03.2011 14:53,"7,95",12668.0,Germany
568191,PAPER CHAIN KIT 50'S CHRISTMAS,1,25.09.2011 14:37,"2,95",16655.0,United Kingdom
576078,RED WOOLLY HOTTIE WHITE HEART.,2,13.11.2011 16:22,"4,25",14432.0,United Kingdom
567076,MIRRORED WALL ART SPLODGES,12,16.09.2011 12:27,"1,25",15505.0,United Kingdom
580536,TOY TIDY PINK POLKADOT,5,04.12.2011 16:07,"2,1",12490.0,France
544068,PINK  POLKADOT CUP,2,15.02.2011 14:08,"0,85",16431.0,United Kingdom
576651,JUMBO BAG VINTAGE CHRISTMAS,30,16.11.2011 10:37,"2,08",14626.0,United Kingdom
554503,DOUGHNUT LIP GLOSS,20,24.05.2011 15:06,"1,25",14163.0,United Kingdom
578344,TOADSTOOL MONEY BOX,1,24.11.2011 09:21,"5,79",,United Kingdom
571712,PACK OF 12 LONDON TISSUES,24,18.10.2011 16:46,"0,39",14056.0,United Kingdom
539053,WHITE SKULL HOT WATER BOTTLE,1,15.12.2010 16:32,"3,75",16725.0,United Kingdom
574706,COSY HOUR CIGAR BOX MATCHES,24,06.11.2011 14:06,"1,25",16790.0,United Kingdom
567580,LE JARDIN BOTANIQUE CUSHION COVER,4,21.09.2011 11:10,"3,75",16493.0,United Kingdom
553549,12 PENCILS TALL TUBE WOODLAND,1,17.05.2011 16:09,"1,63",,United Kingdom
565853,GIN & TONIC DIET GREETING CARD,12,07.09.2011 13:19,"0,42",13756.0,United Kingdom
551660,SWEETHEART WIRE WALL TIDY,2,03.05.2011 12:16,"9,95",15271.0,United Kingdom
537643,SMALL DOLLY MIX DESIGN ORANGE BOWL,1,07.12.2010 15:34,"2,51",,United Kingdom
564825,HAND WARMER BIRD DESIGN,1,30.08.2011 12:26,"4,13",,United Kingdom
545301,CHILDS BREAKFAST SET CIRCUS PARADE,3,01.03.2011 12:26,"8,5",12679.0,France
537638,SNOWFLAKE PORTABLE TABLE LIGHT,2,07.12.2010 15:28,"5,91",,United Kingdom
568901,CREAM HEART CARD HOLDER,8,29.09.2011 13:22,"3,95",15050.0,United Kingdom
538071,PACK OF 6 BIRDY GIFT TAGS,1,09.12.2010 14:09,0,,United Kingdom
547964,WHITE METAL LANTERN,2,28.03.2011 15:45,"8,29",,United Kingdom
575930,ROLL WRAP 50'S RED CHRISTMAS,4,11.11.2011 17:58,"2,46",,United Kingdom
554098,GREEN REGENCY TEACUP AND SAUCER,5,22.05.2011 13:01,"2,95",14769.0,United Kingdom
577077,SET 12 KIDS COLOUR  CHALK STICKS,6,17.11.2011 15:16,"0,42",17799.0,United Kingdom
545999,JAM MAKING SET PRINTED,12,08.03.2011 14:44,"1,45",13089.0,United Kingdom
579142,BAG 250g SWIRLY MARBLES,6,28.11.2011 13:06,"0,85",16744.0,United Kingdom
538065,HANGING METAL HEART LANTERN,12,09.12.2010 13:57,"1,65",13982.0,United Kingdom
573937,HAND WARMER UNION JACK,12,02.11.2011 10:40,"2,1",15830.0,United Kingdom
569004,PLAYING CARDS I LOVE LONDON,6,29.09.2011 18:18,"1,25",14409.0,United Kingdom
544448,RETROSPOT BABUSHKA DOORSTOP,1,20.02.2011 12:01,"3,75",14878.0,United Kingdom
540977,BALLOON ART MAKE YOUR OWN FLOWERS,4,12.01.2011 15:01,"1,66",,United Kingdom
570509,LUNCH BAG RED RETROSPOT,10,11.10.2011 10:16,"1,65",13109.0,United Kingdom
556440,DECORATION SITTING BUNNY,48,10.06.2011 14:51,"0,19",14401.0,United Kingdom
573362,SMALL HANGING IVORY/RED WOOD BIRD,24,30.10.2011 13:06,"0,42",12597.0,Spain
566952,SET/20 RED RETROSPOT PAPER NAPKINS,10,15.09.2011 16:37,"1,63",,United Kingdom
572230,CHRISTMAS METAL POSTCARD WITH BELLS,72,21.10.2011 14:29,"0,39",15740.0,United Kingdom
552508,PAINTED PINK RABBIT,1,09.05.2011 16:27,"0,83",,United Kingdom
557995,SET/6 RED SPOTTY PAPER CUPS,1,24.06.2011 10:44,"0,65",17979.0,United Kingdom
572309,RED ROCKING HORSE HAND PAINTED,1,23.10.2011 15:29,"1,25",14432.0,United Kingdom
562616,WRAP MAGIC FOREST,25,08.08.2011 12:28,"0,42",14748.0,United Kingdom
550334,SET 2 TEA TOWELS I LOVE LONDON,6,17.04.2011 14:09,"3,25",17320.0,United Kingdom
575919,JUMBO BAG PINK POLKADOT,100,11.11.2011 17:00,"1,79",15311.0,United Kingdom
579143,CHOCOLATE HOT WATER BOTTLE,3,28.11.2011 13:08,"4,95",13882.0,United Kingdom
537201,CHILDS BREAKFAST SET CIRCUS PARADE,4,05.12.2010 14:19,"8,5",12472.0,Germany
552816,GINGERBREAD MAN COOKIE CUTTER,1,11.05.2011 12:47,"1,25",15521.0,United Kingdom
541423,SET OF 4 POLKADOT PLACEMATS,2,17.01.2011 17:54,"3,29",,United Kingdom
561090,PINK HAWAIIAN PICNIC HAMPER FOR 2,1,25.07.2011 09:55,"8,29",,United Kingdom
540803,JAM JAR WITH PINK LID,6,11.01.2011 12:30,"0,85",14669.0,United Kingdom
538524,ILLUSTRATED CAT BOWL,3,13.12.2010 09:35,"5,06",,United Kingdom
581492,NOEL GARLAND PAINTED ZINC,17,09.12.2011 10:03,"0,83",,United Kingdom
558557,BLUE DINER WALL CLOCK,12,30.06.2011 13:17,"7,65",13282.0,United Kingdom
573576,S/4 IVORY MINI ROSE CANDLE IN BOWL,2,31.10.2011 14:09,"1,63",14096.0,United Kingdom
572294,PLASTERS IN TIN VINTAGE PAISLEY,5,23.10.2011 13:10,"1,65",13471.0,United Kingdom
541975,MILK PAN PINK POLKADOT,4,24.01.2011 14:24,"3,75",,Hong Kong
539282,HAND WARMER BABUSHKA DESIGN,24,16.12.2010 15:45,"0,85",16770.0,United Kingdom
560714,VINTAGE LEAF MAGNETIC NOTEPAD,1,20.07.2011 13:10,"1,45",14456.0,United Kingdom
566726,WOOD 2 DRAWER CABINET WHITE FINISH,2,14.09.2011 13:12,"6,95",15021.0,United Kingdom
538879,DANISH ROSE ROUND SEWING BOX,16,14.12.2010 15:50,"0,85",15392.0,United Kingdom
545895,JUMBO BAG RED RETROSPOT,1,07.03.2011 17:14,"4,13",,United Kingdom
577773,PACK OF 6 LARGE FRUIT STRAWS,6,21.11.2011 15:57,"0,62",16712.0,United Kingdom
550123,EMPIRE DESIGN ROSETTE,4,14.04.2011 12:39,"1,25",,United Kingdom
560209,VINTAGE SNAP CARDS,6,15.07.2011 14:05,"0,85",15004.0,United Kingdom
560248,FRENCH STYLE STORAGE JAR CAFE,6,17.07.2011 12:24,"0,29",16255.0,United Kingdom
578541,ENAMEL BLUE RIM COFFEE CONTAINER,4,24.11.2011 15:01,"0,83",14277.0,France
542895,ENAMEL WASH BOWL CREAM,2,01.02.2011 13:47,"3,75",14549.0,United Kingdom
549584,VICTORIAN GLASS HANGING T-LIGHT,12,11.04.2011 09:47,"1,25",17574.0,United Kingdom
556441,RED RETROSPOT BUTTER DISH,2,10.06.2011 15:07,"4,95",14415.0,United Kingdom
574699,ASSORTED COLOUR BIRD ORNAMENT,8,06.11.2011 13:53,"1,69",13040.0,United Kingdom
555257,REGENCY SUGAR BOWL GREEN,1,01.06.2011 15:28,"4,15",17596.0,United Kingdom
578787,JUMBO BAG 50'S CHRISTMAS,10,25.11.2011 12:10,"2,08",13589.0,United Kingdom
570455,SET 6 PAPER TABLE LANTERN HEARTS,1,10.10.2011 15:27,"3,75",14529.0,United Kingdom
566200,RED  HARMONICA IN BOX,1,09.09.2011 14:14,"1,25",16910.0,United Kingdom
541592,POLKADOT COFFEE CUP & SAUCER PINK,2,19.01.2011 15:08,"2,46",,United Kingdom
565233,CARD PARTY GAMES,2,02.09.2011 09:34,"0,42",,United Kingdom
561112,DOORMAT FANCY FONT HOME SWEET HOME,1,25.07.2011 11:53,"7,95",14606.0,United Kingdom
573346,MINI LADLE LOVE HEART PINK,1,30.10.2011 12:18,"0,42",17255.0,United Kingdom
540356,RED RETROSPOT PLATE,1,06.01.2011 15:12,"2,51",,United Kingdom
572528,CLEAR LOVE BIRD T-LIGHT HOLDER,6,24.10.2011 15:43,"3,75",13176.0,United Kingdom
538883,DOORMAT NEIGHBOURHOOD WITCH,1,14.12.2010 15:56,"14,43",,United Kingdom
551774,"ASSORTED FLOWER COLOUR ""LEIS""",12,04.05.2011 11:12,"0,65",14606.0,United Kingdom
556108,PAINTED YELLOW WOODEN DAISY,1,08.06.2011 17:59,"0,83",,United Kingdom
558198,PORCELAIN BUDAH INCENSE HOLDER,1,27.06.2011 12:49,"0,1",14104.0,United Kingdom
565408,FRENCH WC SIGN BLUE METAL,3,04.09.2011 11:12,"1,25",16813.0,United Kingdom
550651,LUNCH BAG RED RETROSPOT,1,19.04.2011 16:52,"1,65",15436.0,United Kingdom
566188,IVORY WICKER HEART LARGE,12,09.09.2011 13:14,"1,65",14312.0,United Kingdom
555476,DOORMAT AIRMAIL,1,03.06.2011 12:17,"7,95",16593.0,United Kingdom
548768,SET 2 TEA TOWELS I LOVE LONDON,1,04.04.2011 12:34,"3,25",17886.0,United Kingdom
549546,36 PENCILS TUBE SKULLS,16,10.04.2011 11:24,"1,25",16889.0,United Kingdom
539451,LARGE WHITE HONEYCOMB PAPER BELL,6,17.12.2010 16:59,"4,21",,United Kingdom
566314,SET OF 6 TEA TIME BAKING CASES,8,12.09.2011 09:57,"1,25",15358.0,United Kingdom
543533,SET OF 3 HEART COOKIE CUTTERS,2,09.02.2011 13:00,"3,29",,United Kingdom
552687,LARGE CIRCULAR MIRROR MOBILE,4,10.05.2011 15:09,"2,46",,United Kingdom
571475,CHOCOLATE HOT WATER BOTTLE,1,17.10.2011 14:42,"4,95",15033.0,United Kingdom
557314,POSTAGE,1,19.06.2011 15:59,28,12541.0,Spain
539437,DECORATIVE CATS BATHROOM BOTTLE,1,17.12.2010 14:54,"2,51",,United Kingdom
575895,BISCUIT TIN 50'S CHRISTMAS,3,11.11.2011 14:50,"2,89",17052.0,United Kingdom
581219,TRAVEL CARD WALLET KEEP CALM,2,08.12.2011 09:28,"0,83",,United Kingdom
550636,MULTICOLOUR RABBIT EGG WARMER,3,19.04.2011 15:37,"0,83",,United Kingdom
555413,PINK POLKADOT WRAP,25,03.06.2011 09:50,"0,42",17994.0,United Kingdom
574832,EMPIRE TISSUE BOX,36,07.11.2011 11:29,"0,39",17183.0,United Kingdom
569524,EMBROIDERED RIBBON REEL ROSIE,1,04.10.2011 14:42,"2,08",14506.0,United Kingdom
550993,TOY TIDY DOLLY GIRL DESIGN,5,21.04.2011 19:51,"2,1",15810.0,United Kingdom
578314,AGED GLASS SILVER T-LIGHT HOLDER,24,23.11.2011 16:33,"0,65",13350.0,United Kingdom
580848,CHRISTMAS HANGING SNOWFLAKE,4,06.12.2011 11:51,"0,79",18005.0,United Kingdom
553013,PACK OF 60 MUSHROOM CAKE CASES,1,12.05.2011 18:19,"1,25",,United Kingdom
578949,TRAVEL CARD WALLET I LOVE LONDON,1,27.11.2011 14:30,"0,42",14954.0,United Kingdom
537463,RED RETROSPOT CUP,16,07.12.2010 10:08,"0,85",12681.0,France
581131,HAND WARMER OWL DESIGN,1,07.12.2011 12:51,"2,1",16393.0,United Kingdom
544323,LUNCH BAG RED RETROSPOT,1,17.02.2011 15:51,"4,13",,United Kingdom
581147,CHRISTMAS RETROSPOT STAR WOOD,3,07.12.2011 14:01,"0,85",16426.0,United Kingdom
555925,4 ROSE PINK DINNER CANDLES,1,07.06.2011 17:13,"2,46",,United Kingdom
575514,6 GIFT TAGS VINTAGE CHRISTMAS,12,10.11.2011 10:40,"0,83",12541.0,Spain
574093,SET OF 72 RETROSPOT PAPER  DOILIES,12,03.11.2011 09:43,"1,45",12437.0,France
577844,LUNCH BAG APPLE DESIGN,9,22.11.2011 10:41,"4,96",,United Kingdom
564741,HAND WARMER RED RETROSPOT,96,28.08.2011 14:53,"1,85",16107.0,United Kingdom
578149,YOU'RE CONFUSING ME METAL SIGN,2,23.11.2011 11:11,"4,13",,United Kingdom
572853,VINTAGE CHRISTMAS PAPER GIFT BAG,10,26.10.2011 12:28,"0,82",17712.0,United Kingdom
542349,PICNIC BASKET WICKER SMALL,4,27.01.2011 12:10,"5,95",15513.0,United Kingdom
576617,GLITTER BUTTERFLY CLIPS,1,15.11.2011 16:57,"4,96",,United Kingdom
571280,SCOTTIE DOGS BABY BIB,2,16.10.2011 13:08,"0,39",18122.0,United Kingdom
575753,ASSORTED MONKEY SUCTION CUP HOOK,4,11.11.2011 10:41,"0,42",17841.0,United Kingdom
550470,RED  HARMONICA IN BOX,1,18.04.2011 13:49,"2,46",,United Kingdom
543332,PAPER CHAIN KIT EMPIRE,6,07.02.2011 12:24,"2,95",13955.0,United Kingdom
569254,RED HANGING HEART T-LIGHT HOLDER,1,03.10.2011 11:00,"2,95",18116.0,United Kingdom
560527,WRAP VINTAGE LEAF DESIGN,25,19.07.2011 11:57,"0,42",15727.0,United Kingdom
562104,PLASTERS IN TIN SPACEBOY,2,02.08.2011 14:31,"3,29",,United Kingdom
571243,ASSORTED COLOUR BIRD ORNAMENT,8,14.10.2011 15:26,"1,69",14595.0,United Kingdom
538707,FAIRY CAKES NOTEBOOK A6 SIZE,2,14.12.2010 10:38,"0,65",17894.0,United Kingdom
560285,HAND OVER THE CHOCOLATE   SIGN,12,18.07.2011 09:21,"2,1",14944.0,United Kingdom
563849,COLOUR GLASS T-LIGHT HOLDER HANGING,16,19.08.2011 15:04,"0,65",14772.0,United Kingdom
571883,GINGHAM HEART DECORATION,1,19.10.2011 13:58,"0,85",14704.0,United Kingdom
562907,RED SPOT CERAMIC DRAWER KNOB,24,10.08.2011 12:44,"1,25",14116.0,United Kingdom
555719,RECYCLED ACAPULCO MAT RED,2,06.06.2011 15:31,"8,25",12609.0,Germany
569415,OVERNIGHT BAG VINTAGE ROSE PAISLEY,1,04.10.2011 10:14,"10,79",,United Kingdom
578926,PINK HORSE SOCK PUPPET KIT,1,27.11.2011 12:24,"2,95",18156.0,United Kingdom
537606,CHRISTMAS HANGING HEART WITH BELL,48,07.12.2010 13:16,"1,25",15002.0,United Kingdom
539201,CERAMIC CAKE BOWL + HANGING CAKES,6,16.12.2010 12:11,"2,95",14878.0,United Kingdom
563732,JUMBO BAG VINTAGE DOILY,100,18.08.2011 17:50,"1,79",15125.0,United Kingdom
539451,GINGERBREAD MAN COOKIE CUTTER,1,17.12.2010 16:59,"2,51",,United Kingdom
541849,BAKING MOULD HEART WHITE CHOCOLATE,1,23.01.2011 13:34,"2,55",13230.0,United Kingdom
537852,HOT WATER BOTTLE I AM SO POORLY,5,08.12.2010 15:56,"4,65",17340.0,United Kingdom
576236,LUNCH BAG  BLACK SKULL.,2,14.11.2011 13:31,"1,65",13755.0,United Kingdom
556263,JUMBO BAG VINTAGE LEAF,5,09.06.2011 18:41,"2,08",13969.0,United Kingdom
575136,GINGERBREAD MAN COOKIE CUTTER,12,08.11.2011 14:53,"1,25",15103.0,United Kingdom
573543,RABBIT NIGHT LIGHT,4,31.10.2011 13:05,"2,08",17777.0,United Kingdom
557283,LUNCH BAG  BLACK SKULL.,2,19.06.2011 12:26,"1,65",16813.0,United Kingdom
568367,COLOUR GLASS. STAR T-LIGHT HOLDER,4,26.09.2011 15:51,"3,95",15755.0,United Kingdom
543995,SMALL GLASS HEART TRINKET POT,48,15.02.2011 10:45,"1,85",13408.0,United Kingdom
571682,METAL SIGN HIS DINNER IS SERVED,1,18.10.2011 14:00,"0,79",14179.0,United Kingdom
544462,BLUE PARTY BAGS,2,20.02.2011 14:21,"2,1",17050.0,United Kingdom
571669,TRAVEL CARD WALLET VINTAGE LEAF,15,18.10.2011 13:11,"0,42",17758.0,United Kingdom
537792,RETROSPOT GIANT TUBE MATCHES,4,08.12.2010 12:56,"2,55",16385.0,United Kingdom
547385,PARTY BUNTING,6,22.03.2011 15:48,"4,95",,United Kingdom
556241,SET/5 RED RETROSPOT LID GLASS BOWLS,6,09.06.2011 16:04,"2,95",12597.0,Spain
556021,RED RETROSPOT PLATE,24,08.06.2011 12:03,"1,69",12921.0,United Kingdom
566190,WOODEN ADVENT CALENDAR CREAM,1,09.09.2011 13:20,"16,95",12748.0,United Kingdom
575070,MINI WOODEN HAPPY BIRTHDAY GARLAND,1,08.11.2011 12:58,"1,69",17841.0,United Kingdom
554103,FILIGRIS HEART WITH BUTTERFLY,3,22.05.2011 13:51,"1,25",15555.0,United Kingdom
543111,DOORMAT UNION JACK GUNS AND ROSES,1,03.02.2011 12:44,"7,95",15719.0,United Kingdom
581334,6 RIBBONS RUSTIC CHARM,1,08.12.2011 12:07,"1,95",17841.0,United Kingdom
538877,DOORMAT RED RETROSPOT,7,14.12.2010 15:29,"16,98",,United Kingdom
562717,SET/6 PURPLE BUTTERFLY T-LIGHTS,1,08.08.2011 15:42,"4,13",,United Kingdom
574054,CHERUB HEART DECORATION GOLD,12,02.11.2011 14:07,"0,83",18104.0,United Kingdom
540255,BOTANICAL LAVENDER BIRTHDAY CARD,1,05.01.2011 16:50,"0,43",,United Kingdom
544095,SET OF 3 CAKE TINS PANTRY DESIGN,6,16.02.2011 09:25,"4,95",16509.0,United Kingdom
536532,PACK OF 12 SPACEBOY TISSUES,48,01.12.2010 13:24,"0,29",12433.0,Norway
547967,TOILET SIGN OCCUPIED OR VACANT,1,28.03.2011 15:49,"2,46",,United Kingdom
537144,SKULLS STORAGE BOX SMALL,1,05.12.2010 13:00,"2,1",15880.0,United Kingdom
561388,"SET 3 RETROSPOT TEA,COFFEE,SUGAR",24,27.07.2011 09:32,"4,25",12753.0,Japan
574873,MISTLETOE HEART WREATH CREAM,5,07.11.2011 13:01,"4,15",16362.0,United Kingdom
558475,"FEATHER PEN,HOT PINK",20,29.06.2011 15:58,"0,83",,United Kingdom
541797,RED METAL BEACH SPADE,1,21.01.2011 14:04,"1,25",12970.0,United Kingdom
580387,SET OF 6 RIBBONS VINTAGE CHRISTMAS,6,04.12.2011 10:29,"2,89",18065.0,United Kingdom
547510,MAGIC DRAWING SLATE DINOSAUR,24,23.03.2011 13:42,"0,42",15245.0,United Kingdom
547668,REX CASH+CARRY JUMBO SHOPPER,1,24.03.2011 13:28,"0,95",14071.0,United Kingdom
575923,WRAP MONSTER FUN,25,11.11.2011 17:11,"0,42",17069.0,United Kingdom
536637,HERB MARKER BASIL,1,02.12.2010 11:35,"0,65",18041.0,United Kingdom
543354,PLASTERS IN TIN VINTAGE PAISLEY,12,07.02.2011 13:50,"1,65",13458.0,United Kingdom
555645,ALARM CLOCK BAKELIKE ORANGE,2,06.06.2011 13:31,"3,75",18016.0,United Kingdom
546669,HANGING CHICK  YELLOW DECORATION,48,15.03.2011 15:36,"1,45",14226.0,United Kingdom
559124,REGENCY CAKESTAND 3 TIER,4,06.07.2011 12:31,"12,75",14621.0,United Kingdom
549903,PAPER CHAIN KIT EMPIRE,3,12.04.2011 16:19,"2,95",17576.0,United Kingdom
552232,PAPER CHAIN KIT RETROSPOT,1,06.05.2011 15:54,"5,79",,United Kingdom
578664,RIBBON REEL CHRISTMAS PRESENT,1,24.11.2011 16:59,"1,65",15910.0,United Kingdom
574074,ANGEL DECORATION PAINTED ZINC,3,02.11.2011 15:33,"0,63",,United Kingdom
554995,PARISIENNE KEY CABINET,1,29.05.2011 14:23,"5,75",18109.0,United Kingdom
547788,CARD PSYCHEDELIC APPLES,1,25.03.2011 12:00,"0,83",,United Kingdom
539321,ASSORTED TUTTI FRUTTI NOTEBOOK,1,16.12.2010 19:19,"2,1",14723.0,United Kingdom
557878,JUMBO SHOPPER VINTAGE RED PAISLEY,2,23.06.2011 13:13,"2,08",16940.0,United Kingdom
557016,LUNCH BAG RED RETROSPOT,1,16.06.2011 12:29,"1,65",16942.0,United Kingdom
547883,COLOUR GLASS T-LIGHT HOLDER HANGING,16,28.03.2011 08:40,"0,65",14755.0,United Kingdom
581405,MAKE YOUR OWN FLOWERPOWER CARD KIT,1,08.12.2011 13:50,"0,79",13521.0,United Kingdom
572318,SWALLOW WOODEN CHRISTMAS DECORATION,1,23.10.2011 16:19,"0,85",15436.0,United Kingdom
581220,HOMEMADE JAM SCENTED CANDLES,12,08.12.2011 09:39,"1,45",13924.0,United Kingdom
564756,S/4 IVORY MINI ROSE CANDLE IN BOWL,4,30.08.2011 10:33,"1,63",,United Kingdom
572298,WALL ART DOG LICENCE,1,23.10.2011 14:33,"5,95",14071.0,United Kingdom
550541,HEART IVORY TRELLIS LARGE,1,19.04.2011 11:33,"3,29",,United Kingdom
560256,ENGLISH ROSE GARDEN SECATEURS,4,17.07.2011 13:24,"0,79",14462.0,United Kingdom
552233,SPOTTY BUNTING,9,06.05.2011 15:54,"4,95",17068.0,United Kingdom
571317,36 PENCILS TUBE RED RETROSPOT,4,17.10.2011 10:48,"1,25",17377.0,United Kingdom
536592,SILK PURSE BABUSHKA PINK,1,01.12.2010 17:06,"6,77",,United Kingdom
579777,CHARLOTTE BAG SUKI DESIGN,3,30.11.2011 15:13,"1,63",,United Kingdom
543653,CERAMIC STRAWBERRY DESIGN MUG,2,11.02.2011 10:26,"1,49",14796.0,United Kingdom
554511,POLKADOT COFFEE CUP & SAUCER PINK,4,24.05.2011 15:52,"2,46",,United Kingdom
550159,GIN AND TONIC MUG,12,14.04.2011 15:46,"1,25",14062.0,United Kingdom
543097,MIRROR MOSAIC HURRICANE LAMP,1,03.02.2011 11:41,"4,96",,United Kingdom
545041,SET OF 3 NOTEBOOKS IN PARCEL,12,27.02.2011 10:30,"1,65",14952.0,United Kingdom
552039,SET OF 5 PANCAKE DAY MAGNETS,12,06.05.2011 08:10,"2,08",13081.0,United Kingdom
555854,MAGNETS PACK OF 4 SWALLOWS,1,07.06.2011 13:47,"1,25",12748.0,United Kingdom
563917,BUNDLE OF 3 SCHOOL EXERCISE BOOKS,2,21.08.2011 13:46,"1,65",14572.0,United Kingdom
552514,JUMBO BAG APPLES,1,09.05.2011 16:30,"4,13",,United Kingdom
576076,PLASTERS IN TIN SKULLS,4,13.11.2011 16:18,"1,65",14382.0,United Kingdom
567671,SWISS CHALET TREE DECORATION,1,21.09.2011 15:34,"1,25",,United Kingdom
551426,PARTY TIME PENCIL ERASERS,28,28.04.2011 14:39,"0,21",14022.0,United Kingdom
570660,SET OF 6 SPICE TINS PANTRY DESIGN,48,11.10.2011 14:18,"3,45",14866.0,United Kingdom
566271,PACK OF 12 VINTAGE LEAF TISSUES,24,11.09.2011 13:44,"0,39",14250.0,United Kingdom
542255,NATURAL SLATE HEART CHALKBOARD,1,26.01.2011 16:43,"5,79",,United Kingdom
579142,FELTCRAFT DOLL EMILY,1,28.11.2011 13:06,"2,95",16744.0,United Kingdom
572216,GARLAND WITH HEARTS AND BELLS,2,21.10.2011 12:56,"4,95",16015.0,United Kingdom
580848,GARLAND WITH HEARTS AND BELLS,1,06.12.2011 11:51,"4,95",18005.0,United Kingdom
550208,FRENCH BLUE METAL DOOR SIGN 8,1,15.04.2011 10:39,"2,46",,United Kingdom
547249,RED RETROSPOT STORAGE JAR,2,22.03.2011 09:27,"7,46",,United Kingdom
578306,METAL SIGN DROP YOUR PANTS,6,23.11.2011 15:46,"2,89",17410.0,United Kingdom
562717,JUMBO BAG CHARLIE AND LOLA TOYS,1,08.08.2011 15:42,"2,46",,United Kingdom
571682,HAND WARMER RED LOVE HEART,3,18.10.2011 14:00,"2,1",14179.0,United Kingdom
552835,WRAP SUKI AND FRIENDS,25,11.05.2011 14:17,"0,42",17664.0,United Kingdom
578783,RED GINGHAM ROSE JEWELLERY BOX,4,25.11.2011 11:58,"1,95",12748.0,United Kingdom
550034,DOG BOWL VINTAGE CREAM,4,14.04.2011 11:48,"4,25",16187.0,United Kingdom
548808,REGENCY CAKESTAND 3 TIER,2,04.04.2011 12:55,"12,75",17774.0,United Kingdom
537389,HAND TOWEL PALE BLUE W FLOWERS,1,06.12.2010 13:41,"5,95",17757.0,United Kingdom
571183,FOLKART CLIP ON STARS,12,14.10.2011 11:08,"0,39",14796.0,United Kingdom
575955,DOLLY CABINET 3 DRAWERS,1,13.11.2011 12:05,"14,95",14044.0,United Kingdom
538167,PAPER CHAIN KIT EMPIRE,6,09.12.2010 18:58,"2,95",14713.0,United Kingdom
561917,METAL DECORATION NAUGHTY CHILDREN,3,01.08.2011 11:57,"0,85",16904.0,United Kingdom
539250,4 VANILLA BOTANICAL CANDLES,12,16.12.2010 13:44,"1,25",15157.0,United Kingdom
568058,ROTATING SILVER ANGELS T-LIGHT HLDR,120,23.09.2011 12:58,"2,1",18188.0,United Kingdom
574252,BOX OF 6 CHRISTMAS CAKE DECORATIONS,8,03.11.2011 13:24,"3,75",12437.0,France
579167,TRIPLE PHOTO FRAME CORNICE,2,28.11.2011 14:06,"9,95",16800.0,United Kingdom
576695,HAND WARMER RED LOVE HEART,1,16.11.2011 12:25,"2,1",16469.0,United Kingdom
551516,CHARLOTTE BAG VINTAGE ALPHABET,1,01.05.2011 11:10,"0,85",14800.0,United Kingdom
575686,GIANT 50'S CHRISTMAS CRACKER,12,10.11.2011 15:59,"2,89",17716.0,United Kingdom
552285,SET OF 36 PAISLEY FLOWER DOILIES,2,08.05.2011 12:58,"1,45",14684.0,United Kingdom
581438,MAGIC DRAWING SLATE DOLLY GIRL,24,08.12.2011 16:29,"0,42",12955.0,United Kingdom
577082,REINDEER HEART DECORATION SILVER,12,17.11.2011 15:31,"0,83",15811.0,United Kingdom
550496,SILVER HANGING T-LIGHT HOLDER,8,18.04.2011 15:05,"3,29",,United Kingdom
549947,HANGING JAM JAR T-LIGHT HOLDER,24,13.04.2011 12:47,"0,85",18260.0,United Kingdom
552211,RED RETROSPOT CUP,32,06.05.2011 15:01,"0,85",12709.0,Germany
546944,FUSCHIA RETRO BAR STOOL,9,18.03.2011 11:13,"35,95",14701.0,United Kingdom
564837,PICTURE FRAME WOOD TRIPLE PORTRAIT,2,30.08.2011 12:40,"13,29",,United Kingdom
537065,ALARM CLOCK BAKELIKE GREEN,4,05.12.2010 11:57,"3,75",12567.0,France
539492,VICTORIAN GLASS HANGING T-LIGHT,3,20.12.2010 10:14,"2,51",,United Kingdom
550829,SINGLE ANTIQUE ROSE HOOK IVORY,2,21.04.2011 10:19,"1,45",17841.0,United Kingdom
564626,RED RETROSPOT MUG,12,26.08.2011 11:40,"2,55",18167.0,United Kingdom
571717,SET OF 2 CERAMIC CHRISTMAS TREES,2,18.10.2011 17:10,"1,45",14381.0,United Kingdom
538069,CREAM SWEETHEART MINI CHEST,1,09.12.2010 14:08,"12,75",16795.0,United Kingdom
555413,PACK OF 12 TRADITIONAL CRAYONS,2,03.06.2011 09:50,"0,42",17994.0,United Kingdom
561626,PACK OF 6 BIRDY GIFT TAGS,1,28.07.2011 14:03,"1,25",14898.0,United Kingdom
574941,SET 12 VINTAGE DOILY CHALK,43,07.11.2011 17:42,1,,United Kingdom
566085,TRAVEL CARD WALLET RETROSPOT,1,09.09.2011 10:12,"0,42",17841.0,United Kingdom
543831,JUMBO BAG OWLS,100,14.02.2011 09:57,"1,65",15769.0,United Kingdom
581579,JUMBO SHOPPER VINTAGE RED PAISLEY,10,09.12.2011 12:19,"1,79",17581.0,United Kingdom
569122,CAKE STAND WHITE TWO TIER LACE,4,30.09.2011 13:06,"8,5",12694.0,France
538524,LARGE CAKE TOWEL PINK SPOTS,1,13.12.2010 09:35,"13,57",,United Kingdom
558240,"FANCY FONT BIRTHDAY CARD,",2,27.06.2011 15:27,"0,83",,United Kingdom
569718,STAR WREATH DECORATION WITH BELL,12,06.10.2011 09:01,"1,25",15837.0,United Kingdom
581415,CLASSIC BICYCLE CLIPS,12,08.12.2011 14:53,"1,45",13269.0,United Kingdom
542789,BEWARE OF THE CAT METAL SIGN,48,01.02.2011 10:38,"1,45",17511.0,United Kingdom
540519,POSTAGE,2,09.01.2011 12:12,28,12793.0,Portugal
576378,RED HANGING HEART T-LIGHT HOLDER,6,15.11.2011 09:15,"2,95",15628.0,United Kingdom
541696,SET/4 BADGES CUTE CREATURES,1,20.01.2011 18:08,"0,83",,United Kingdom
548703,GINGHAM HEART  DOORSTOP RED,2,03.04.2011 11:37,"4,25",16010.0,United Kingdom
581138,CHARLOTTE BAG APPLES DESIGN,100,07.12.2011 13:17,"0,72",12950.0,United Kingdom
571230,RED ROCKING HORSE HAND PAINTED,24,14.10.2011 14:16,"1,25",13717.0,United Kingdom
572867,COFFEE MUG PEARS  DESIGN,4,26.10.2011 13:19,"2,55",14598.0,United Kingdom
577806,RETROSPOT TEA SET CERAMIC 11 PC,3,22.11.2011 08:20,"4,95",12963.0,United Kingdom
556778,ENAMEL FLOWER JUG CREAM,1,14.06.2011 12:41,"5,95",16712.0,United Kingdom
546778,CHARLIE+LOLA MY ROOM DOOR SIGN,5,16.03.2011 16:38,"2,55",14572.0,United Kingdom
578149,PACK OF 60 MUSHROOM CAKE CASES,1,23.11.2011 11:11,"2,08",,United Kingdom
558240,SET OF 60 PANTRY DESIGN CAKE CASES,1,27.06.2011 15:27,"1,25",,United Kingdom
578067,HOT BATHS METAL SIGN,1,22.11.2011 15:43,"4,13",,United Kingdom
575491,UNION JACK FLAG LUGGAGE TAG,3,09.11.2011 17:47,"1,25",15531.0,United Kingdom
539317,IVORY HANGING DECORATION  HEART,1,16.12.2010 19:04,"0,85",17392.0,United Kingdom
555591,FRENCH BLUE METAL DOOR SIGN 2,10,06.06.2011 09:59,"1,25",15073.0,United Kingdom
553884,EDWARDIAN PARASOL RED,9,19.05.2011 15:36,"5,95",12600.0,Germany
571441,PLASTERS IN TIN VINTAGE PAISLEY,4,17.10.2011 13:31,"3,29",14096.0,United Kingdom
561042,LUNCH BAG VINTAGE LEAF DESIGN,10,24.07.2011 12:18,"1,65",16305.0,United Kingdom
579125,CARD HOLDER LOVE BIRD LARGE,2,28.11.2011 12:19,"6,25",14215.0,United Kingdom
542886,S/12 VANILLA  BOTANICAL T-LIGHTS,12,01.02.2011 13:09,"2,95",16515.0,United Kingdom
551283,PINK HAPPY BIRTHDAY BUNTING,2,27.04.2011 14:01,"5,45",16755.0,United Kingdom
567667,TOILET SIGN OCCUPIED OR VACANT,1,21.09.2011 15:24,"2,46",,United Kingdom
577172,WRAP ALPHABET DESIGN,25,18.11.2011 10:56,"0,42",17760.0,United Kingdom
557673,JUMBO BAG PINK VINTAGE PAISLEY,100,22.06.2011 10:15,"1,79",16180.0,United Kingdom
562807,SET OF 36 DOILIES PANTRY DESIGN,12,09.08.2011 14:57,"1,45",16053.0,United Kingdom
580612,PAPER CHAIN KIT 50'S CHRISTMAS,64,05.12.2011 11:58,"5,79",,United Kingdom
580884,AIRLINE BAG VINTAGE WORLD CHAMPION,2,06.12.2011 12:21,"4,25",15907.0,United Kingdom
552044,CUPCAKE LACE PAPER SET 6,12,06.05.2011 09:14,"1,95",17423.0,United Kingdom
574893,LUNCH BAG PAISLEY PARK,1,07.11.2011 14:40,"1,65",18036.0,United Kingdom
561651,SET/6 FRUIT SALAD  PAPER PLATES,2,28.07.2011 15:36,"0,83",,United Kingdom
549275,LOVE BUILDING BLOCK WORD,1,07.04.2011 13:09,"5,95",15916.0,United Kingdom
560555,SCANDINAVIAN PAISLEY PICNIC BAG,2,19.07.2011 13:01,"1,65",14178.0,United Kingdom
537567,4 LILY  BOTANICAL DINNER CANDLES,3,07.12.2010 11:59,"3,75",18119.0,United Kingdom
578347,PANTRY MAGNETIC  SHOPPING LIST,1,24.11.2011 09:26,"3,29",,United Kingdom
578820,MINI LIGHTS WOODLAND MUSHROOMS,48,25.11.2011 13:58,"3,29",12912.0,United Kingdom
576172,FOOT STOOL HOME SWEET HOME,12,14.11.2011 11:00,"8,15",15482.0,United Kingdom
554489,SPACEBOY BIRTHDAY CARD,12,24.05.2011 13:46,"0,42",17272.0,United Kingdom
538880,POTTING SHED SEED ENVELOPES,1,14.12.2010 15:52,"2,51",,United Kingdom
550661,RECYCLED ACAPULCO MAT PINK,2,20.04.2011 09:20,"8,25",12656.0,France
562934,REGENCY SUGAR BOWL GREEN,1,10.08.2011 16:56,"8,29",,United Kingdom
563093,MAGIC DRAWING SLATE CIRCUS PARADE,4,11.08.2011 17:28,"0,83",,United Kingdom
543300,TEA TIME TABLE CLOTH,2,07.02.2011 11:42,"10,65",13334.0,United Kingdom
539475,GREY FLORAL FELTCRAFT SHOULDER BAG,1,19.12.2010 14:41,"3,75",16686.0,United Kingdom
564739,RED REFECTORY CLOCK,2,28.08.2011 14:28,"9,95",16931.0,United Kingdom
537395,HOME SWEET HOME MUG,2,06.12.2010 14:05,"1,25",15356.0,United Kingdom
572552,SET OF 3 WOODEN SLEIGH DECORATIONS,4,24.10.2011 17:07,"2,46",14096.0,United Kingdom
579512,RIBBON REEL SNOWY VILLAGE,2,29.11.2011 16:47,"3,29",,United Kingdom
580848,TRADITIONAL MODELLING CLAY,1,06.12.2011 11:51,"1,25",18005.0,United Kingdom
556781,CARD DOG AND BALL,24,14.06.2011 12:47,"0,42",13384.0,United Kingdom
557005,RING OF ROSES BIRTHDAY CARD,24,16.06.2011 11:24,"0,42",13700.0,United Kingdom
543826,HEART DECORATION WITH PEARLS,3,14.02.2011 09:41,"1,63",,United Kingdom
565295,SET OF 4 FAIRY CAKE PLACEMATS,4,02.09.2011 12:01,"3,75",12794.0,Portugal
577010,MINI JIGSAW SPACEBOY,15,17.11.2011 12:11,"0,42",15506.0,United Kingdom
564060,MINT KITCHEN SCALES,1,22.08.2011 14:37,"8,5",17073.0,United Kingdom
560298,JUMBO BAG CHARLIE AND LOLA TOYS,2,18.07.2011 10:26,"4,13",,United Kingdom
568949,BUTTON BOX,4,29.09.2011 15:13,"1,63",,United Kingdom
578347,ROCKING HORSE RED CHRISTMAS,1,24.11.2011 09:26,"1,63",,United Kingdom
557324,DECORATION WOBBLY RABBIT METAL,2,20.06.2011 09:41,"3,29",,United Kingdom
570273,ASS FLORAL PRINT MULTI SCREWDRIVER,24,10.10.2011 10:51,"0,42",13373.0,United Kingdom
578080,STAR WREATH DECORATION WITH BELL,12,22.11.2011 16:28,"1,25",15634.0,United Kingdom
574702,JINGLE BELL HEART ANTIQUE SILVER,12,06.11.2011 13:54,"2,08",15839.0,United Kingdom
573580,TEA TIME PARTY BUNTING,2,31.10.2011 14:21,"8,29",,United Kingdom
537604,PACK OF 72 RETROSPOT CAKE CASES,24,07.12.2010 13:01,"0,55",13488.0,United Kingdom
578262,PACK OF 72 RETROSPOT CAKE CASES,1,23.11.2011 13:27,"0,55",18283.0,United Kingdom
574700,CHICK GREY HOT WATER BOTTLE,2,06.11.2011 13:53,"4,25",16033.0,United Kingdom
577774,ROLL WRAP VINTAGE CHRISTMAS,3,21.11.2011 15:57,"1,25",16712.0,United Kingdom
550360,PAPER CHAIN KIT EMPIRE,2,18.04.2011 10:55,"2,95",14978.0,United Kingdom
542255,HANGING WOOD AND FELT BUTTERFLY,1,26.01.2011 16:43,"0,79",,United Kingdom
570871,CHARLOTTE BAG APPLES DESIGN,1,12.10.2011 16:36,"1,63",,United Kingdom
574237,HEART SHAPED HOLLY WREATH,6,03.11.2011 12:37,"4,15",15551.0,United Kingdom
567936,FAMILY PHOTO FRAME CORNICE,8,22.09.2011 18:10,"9,95",15194.0,United Kingdom
559804,CARD CIRCUS PARADE,12,12.07.2011 14:17,"0,42",17405.0,United Kingdom
569676,LUNCH BAG APPLE DESIGN,1,05.10.2011 14:12,"1,65",,United Kingdom
554854,RED BABY BUNTING,5,27.05.2011 09:39,"2,95",16369.0,United Kingdom
570499,PINK POLKADOT WRAP,25,11.10.2011 09:19,"0,42",12772.0,Portugal
541856,I'M ON HOLIDAY METAL SIGN,2,23.01.2011 15:16,"2,1",17673.0,United Kingdom
545690,WELCOME  WOODEN BLOCK LETTERS,1,06.03.2011 12:46,"9,95",13263.0,United Kingdom
574720,LARGE WHITE HEART OF WICKER,2,06.11.2011 14:39,"2,95",14547.0,United Kingdom
536857,SET 2 TEA TOWELS I LOVE LONDON,5,03.12.2010 10:33,"2,95",16883.0,United Kingdom
571216,SET OF 72 PINK HEART PAPER DOILIES,1,14.10.2011 13:06,"1,45",16081.0,United Kingdom
558809,DOORMAT FANCY FONT HOME SWEET HOME,1,04.07.2011 11:10,"16,63",,United Kingdom
549272,JARDIN ETCHED GLASS SMALL BELL JAR,9,07.04.2011 12:59,"1,95",17133.0,United Kingdom
541103,SET/2 RED RETROSPOT TEA TOWELS,6,13.01.2011 14:24,"2,95",14215.0,United Kingdom
543013,PACK OF 12 LONDON TISSUES,8,02.02.2011 13:35,"0,83",,United Kingdom
550311,HAND OVER THE CHOCOLATE   SIGN,1,17.04.2011 11:04,"2,1",16728.0,United Kingdom
578335,SET OF 6 SOLDIER SKITTLES,4,24.11.2011 09:06,"3,75",17481.0,United Kingdom
541999,LARGE YELLOW BABUSHKA NOTEBOOK,1,25.01.2011 10:45,"2,46",,United Kingdom
574059,PACK OF 12 VINTAGE DOILY TISSUES,1,02.11.2011 14:13,"0,39",14646.0,Netherlands
555876,SMALL MARSHMALLOWS PINK BOWL,16,07.06.2011 15:28,"0,42",15799.0,United Kingdom
557009,RED METAL BOX TOP SECRET,2,16.06.2011 11:38,"8,25",14321.0,United Kingdom
553890,FELT TOADSTOOL  SMALL,2,19.05.2011 16:32,"1,63",,United Kingdom
541282,BLUE DINER WALL CLOCK,1,17.01.2011 12:31,"8,5",17690.0,United Kingdom
557020,PANTRY PASTRY BRUSH,1,16.06.2011 12:51,"1,25",13246.0,United Kingdom
578694,RABBIT NIGHT LIGHT,96,25.11.2011 09:40,"1,79",13199.0,United Kingdom
544599,NUMBER TILE COTTAGE GARDEN 5,1,21.02.2011 18:15,"4,13",,United Kingdom
573415,POTTERING IN THE SHED METAL SIGN,2,30.10.2011 16:17,"2,08",13607.0,United Kingdom
568134,6 GIFT TAGS 50'S CHRISTMAS,2,23.09.2011 17:02,"1,63",,United Kingdom
579629,LUNCH BAG ALPHABET DESIGN,1,30.11.2011 12:16,"1,65",14963.0,United Kingdom
541615,TOAST ITS - I LOVE YOU,3,20.01.2011 10:43,"1,25",16395.0,United Kingdom
569491,SET OF 2 ROUND TINS DUTCH CHEESE,1,04.10.2011 13:25,"2,95",14056.0,United Kingdom
540026,CARD SUKI BIRTHDAY,19,04.01.2011 13:25,"0,43",,United Kingdom
556531,SINGLE HEART ZINC T-LIGHT HOLDER,24,13.06.2011 11:49,"0,95",15491.0,United Kingdom
571464,GRAND CHOCOLATECANDLE,27,17.10.2011 14:28,"1,45",14805.0,United Kingdom
557764,LUNCH BAG  BLACK SKULL.,12,22.06.2011 14:21,"1,65",13089.0,United Kingdom
552882,CHARLOTTE BAG ALPHABET  DESIGN,100,12.05.2011 10:10,"0,72",14646.0,Netherlands
581219,SET 36 COLOUR PENCILS DOLLY GIRL,3,08.12.2011 09:28,"2,46",,United Kingdom
577297,T-LIGHT GLASS FLUTED ANTIQUE,3,18.11.2011 12:48,"1,25",14593.0,United Kingdom
552638,PAPER CHAIN KIT RETROSPOT,6,10.05.2011 13:00,"2,95",17700.0,United Kingdom
551963,BLUE POLKADOT COFFEE MUG,48,05.05.2011 12:52,"0,39",13266.0,United Kingdom
545474,PINK REGENCY TEACUP AND SAUCER,6,03.03.2011 10:55,"2,95",16709.0,United Kingdom
575914,3 RAFFIA RIBBONS 50'S CHRISTMAS,10,11.11.2011 16:31,"0,79",17071.0,United Kingdom
570455,GIANT 50'S CHRISTMAS CRACKER,1,10.10.2011 15:27,"2,89",14529.0,United Kingdom
563901,REGENCY SUGAR BOWL GREEN,2,21.08.2011 11:05,"4,15",17097.0,Spain
566624,PLACE SETTING WHITE HEART,72,14.09.2011 09:36,"0,42",17315.0,United Kingdom
544484,CHILDS GARDEN BRUSH PINK,12,21.02.2011 11:10,"2,1",15321.0,United Kingdom
552957,SET 7 BABUSHKA NESTING BOXES,2,12.05.2011 12:36,"8,5",17404.0,Sweden
537237,HAPPY STENCIL CRAFT,1,06.12.2010 09:58,"2,51",,United Kingdom
566073,SET/2 RED RETROSPOT TEA TOWELS,2,08.09.2011 19:58,"3,25",14562.0,United Kingdom
537666,SALLE DE BAIN HOOK,1,07.12.2010 18:36,"2,51",,United Kingdom
548894,HEART OF WICKER SMALL,1,04.04.2011 16:01,"1,65",,United Kingdom
570258,RED TOADSTOOL LED NIGHT LIGHT,8,10.10.2011 09:56,"4,13",,United Kingdom
563928,AMETHYST CHUNKY BEAD BRACELET W STR,2,21.08.2011 15:17,"8,95",17059.0,United Kingdom
556828,MAGIC DRAWING SLATE DOLLY GIRL,2,15.06.2011 10:39,"0,42",17284.0,United Kingdom
564172,IVORY WICKER HEART LARGE,3,23.08.2011 14:19,"1,65",16033.0,United Kingdom
571556,CHRISTMAS CRAFT LITTLE FRIENDS,6,18.10.2011 09:24,"2,1",12662.0,Germany
574479,MAKE YOUR OWN MONSOON CARD KIT,1,04.11.2011 12:39,"2,95",18035.0,United Kingdom
542914,JUMBO BAG SCANDINAVIAN PAISLEY,8,01.02.2011 16:03,"1,95",16161.0,United Kingdom
558105,FELTCRAFT CUSHION OWL,1,26.06.2011 14:54,"3,75",15644.0,United Kingdom
575931,PAPER CHAIN KIT VINTAGE CHRISTMAS,6,13.11.2011 10:35,"2,95",16560.0,United Kingdom
568046,SET OF 3 WOODEN HEART DECORATIONS,1,23.09.2011 12:16,"1,25",18118.0,United Kingdom
545902,VINTAGE BLUE KITCHEN CABINET,1,07.03.2011 17:55,125,15834.0,United Kingdom
546643,BREAD BIN DINER STYLE RED,1,15.03.2011 13:23,"16,95",16214.0,United Kingdom
567200,SET OF 60 VINTAGE LEAF CAKE CASES,24,19.09.2011 10:15,"0,55",16460.0,United Kingdom
549578,COOK WITH WINE METAL SIGN,24,11.04.2011 08:49,"2,08",17340.0,United Kingdom
579446,HOLIDAY FUN LUDO,4,29.11.2011 13:43,"3,75",14121.0,United Kingdom
563076,LUNCH BAG APPLE DESIGN,100,11.08.2011 16:12,"1,45",14646.0,Netherlands
562034,CHILDS BREAKFAST SET DOLLY GIRL,2,02.08.2011 09:14,"9,95",12449.0,Belgium
570284,ALARM CLOCK BAKELIKE CHOCOLATE,1,10.10.2011 11:30,"3,75",14419.0,United Kingdom
556784,"KEY FOB , BACK DOOR",4,14.06.2011 13:15,"0,65",14461.0,United Kingdom
569372,SKULLS  STICKERS,3,03.10.2011 16:04,"1,63",,United Kingdom
542192,STRAWBERRY LUNCH BOX WITH CUTLERY,6,26.01.2011 11:27,"2,55",14049.0,United Kingdom
578827,RED ROCKING HORSE HAND PAINTED,5,25.11.2011 14:25,"2,46",,United Kingdom
575687,FELTCRAFT DOLL EMILY,18,10.11.2011 16:03,"2,95",16126.0,United Kingdom
550470,SET OF 36 PAISLEY FLOWER DOILIES,1,18.04.2011 13:49,"2,92",,United Kingdom
576406,PARTY CHARMS 50 PIECES,12,15.11.2011 11:17,"0,83",13692.0,United Kingdom
564724,36 PENCILS TUBE RED RETROSPOT,1,28.08.2011 12:16,"1,25",15555.0,United Kingdom
544337,PACK OF 72 SKULL CAKE CASES,24,18.02.2011 08:34,"0,55",13425.0,United Kingdom
578065,WOVEN BERRIES CUSHION COVER,3,22.11.2011 15:41,"4,13",,United Kingdom
538356,DISCO BALL ROTATOR BATTERY OPERATED,4,10.12.2010 15:56,"4,25",14062.0,United Kingdom
556186,72 SWEETHEART FAIRY CAKE CASES,24,09.06.2011 11:46,"0,55",14241.0,United Kingdom
542100,BLUE HANGING GINGHAM EASTER HEN,10,25.01.2011 13:15,"0,42",15339.0,United Kingdom
538993,"ACRYLIC JEWEL SNOWFLAKE,PINK",6,15.12.2010 12:01,"2,55",15512.0,United Kingdom
572758,MEASURING TAPE BABUSHKA PINK,4,25.10.2011 18:39,"1,63",,United Kingdom
571082,WOODLAND CHARLOTTE BAG,4,13.10.2011 15:25,"1,63",,United Kingdom
570679,CREAM HEART CARD HOLDER,4,11.10.2011 15:26,"3,95",17769.0,United Kingdom
539955,WOODEN FRAME ANTIQUE WHITE,2,23.12.2010 12:13,"8,47",,United Kingdom
568901,SET OF 4 KNICK KNACK TINS LONDON,4,29.09.2011 13:22,"4,15",15050.0,United Kingdom
566534,ALARM CLOCK BAKELIKE GREEN,6,13.09.2011 11:32,"8,29",,United Kingdom
577078,SET 36 COLOUR PENCILS SPACEBOY,1,17.11.2011 15:17,"2,46",,United Kingdom
580375,KNITTED UNION FLAG HOT WATER BOTTLE,24,02.12.2011 17:13,"3,75",14031.0,United Kingdom
550180,EDWARDIAN PARASOL RED,3,14.04.2011 17:33,"5,95",14163.0,United Kingdom
565617,JINGLE BELL HEART ANTIQUE SILVER,1,05.09.2011 15:30,"4,13",,United Kingdom
567670,ORIGAMI ROSE INCENSE/CANDLE SET,1,21.09.2011 15:32,"2,46",,United Kingdom
556932,BOHEMIAN COLLAGE STATIONERY SET,1,15.06.2011 15:41,"2,46",,United Kingdom
569670,MAGIC DRAWING SLATE DOLLY GIRL,1,05.10.2011 13:47,"0,42",14730.0,United Kingdom
563549,OVERNIGHT BAG VINTAGE ROSE PAISLEY,2,17.08.2011 12:34,"10,79",,United Kingdom
578949,SPACEBOY CHILDRENS EGG CUP,2,27.11.2011 14:30,"1,25",14954.0,United Kingdom
578856,ANTIQUE HEART SHELF UNIT,2,27.11.2011 11:18,"16,65",17769.0,United Kingdom
548807,12 PENCILS SMALL TUBE SKULL,144,04.04.2011 12:54,"0,65",16422.0,United Kingdom
541422,GUMBALL MONOCHROME COAT RACK,1,17.01.2011 17:48,"2,46",,United Kingdom
568057,VINTAGE SNAKES & LADDERS,1,23.09.2011 12:56,"7,46",,United Kingdom
545705,CHILDS BREAKFAST SET CIRCUS PARADE,2,07.03.2011 09:00,"8,5",15554.0,United Kingdom
566094,PINK SMALL JEWELLED PHOTOFRAME,2,09.09.2011 10:42,"1,65",17965.0,United Kingdom
560926,JUMBO BAG VINTAGE CHRISTMAS,1,22.07.2011 09:20,"4,13",,United Kingdom
574836,HOME SWEET HOME CUSHION COVER,4,07.11.2011 11:32,"3,75",17623.0,United Kingdom
539659,FRENCH BLUE METAL DOOR SIGN 5,20,21.12.2010 09:47,"1,25",15034.0,United Kingdom
567668,SET OF 2 TRAYS HOME SWEET HOME,2,21.09.2011 15:29,"16,63",,United Kingdom
548223,SOLDIERS EGG CUP,144,30.03.2011 10:18,"1,06",17306.0,United Kingdom
545024,DOORMAT FAIRY CAKE,3,25.02.2011 14:38,"14,13",,United Kingdom
572513,FLORAL FOLK STATIONERY SET,2,24.10.2011 14:36,"1,25",16728.0,United Kingdom
565152,SET 6 PAPER TABLE LANTERN STARS,5,01.09.2011 14:42,"3,75",17799.0,United Kingdom
570871,DARK BIRD HOUSE TREE DECORATION,3,12.10.2011 16:36,"0,83",,United Kingdom
555383,PINK BABY BUNTING,5,02.06.2011 15:13,"2,95",12517.0,Germany
538566,ROCKING HORSE RED CHRISTMAS,2,13.12.2010 11:21,"1,66",,United Kingdom
572653,CHARLOTTE BAG APPLES DESIGN,4,25.10.2011 12:12,"0,85",15861.0,United Kingdom
537354,CANDY SHOP  STICKER SHEET,1,06.12.2010 12:23,"0,85",12748.0,United Kingdom
543821,CREAM HEART CARD HOLDER,4,14.02.2011 09:24,"3,95",17667.0,United Kingdom
561284,DRAWER KNOB VINTAGE GLASS BALL,6,26.07.2011 12:24,"2,08",16818.0,United Kingdom
546648,BLUE POLKADOT BOWL,1,15.03.2011 14:15,"2,46",,United Kingdom
539840,200 RED + WHITE BENDY STRAWS,12,22.12.2010 14:28,"1,25",12383.0,Belgium
549324,SET OF 6 SPICE TINS PANTRY DESIGN,4,08.04.2011 10:32,"3,95",16045.0,United Kingdom
544688,EDWARDIAN PARASOL PINK,4,23.02.2011 08:29,"5,95",18151.0,United Kingdom
579559,RED RETROSPOT SHOPPER BAG,1,30.11.2011 11:30,"1,25",16764.0,United Kingdom
538216,SET/3 ROSE CANDLE IN JEWELLED BOX,8,10.12.2010 11:51,"4,25",14543.0,United Kingdom
570258,BLUE CALCULATOR RULER,1,10.10.2011 09:56,"2,46",,United Kingdom
575603,POPCORN HOLDER,24,10.11.2011 12:29,"0,85",18125.0,United Kingdom
559200,ILLUSTRATED CAT BOWL,1,07.07.2011 10:36,"2,55",13291.0,United Kingdom
550662,GIN + TONIC DIET METAL SIGN,12,20.04.2011 09:29,"2,55",15078.0,United Kingdom
570420,PACK OF 60 DINOSAUR CAKE CASES,1,10.10.2011 13:33,"0,55",17841.0,United Kingdom
570592,STRAWBERRY CERAMIC TRINKET BOX,3,11.10.2011 11:37,"3,29",,United Kingdom
553890,HEART DECORATION PAINTED ZINC,3,19.05.2011 16:32,"1,25",,United Kingdom
572472,MINI PLAYING CARDS BUFFALO BILL,20,24.10.2011 13:34,"0,42",14139.0,United Kingdom
580520,GROW YOUR OWN BASIL IN ENAMEL MUG,1,04.12.2011 14:55,"2,1",13521.0,United Kingdom
569202,SET/6 COLLAGE PAPER CUPS,12,30.09.2011 17:22,"0,83",,United Kingdom
573546,VINTAGE BELLS GARLAND,6,31.10.2011 13:13,"2,89",15974.0,United Kingdom
567912,LARGE HANGING IVORY & RED WOOD BIRD,3,22.09.2011 17:07,"0,65",15555.0,United Kingdom
580660,RETROSPOT WOODEN HEART DECORATION,12,05.12.2011 13:49,"0,85",16592.0,United Kingdom
570690,SMALL POP BOX FUNKY MONKEY,2,11.10.2011 16:37,"1,63",,United Kingdom
547576,SET OF 6 HERB TINS SKETCHBOOK,4,24.03.2011 10:37,"3,95",16620.0,United Kingdom
580043,VINTAGE CREAM DOG FOOD CONTAINER,1,01.12.2011 12:25,"8,5",14527.0,United Kingdom
574660,HAND WARMER OWL DESIGN,1,06.11.2011 11:55,"2,1",15407.0,United Kingdom
540352,BLACK BAROQUE WALL CLOCK,1,06.01.2011 14:27,"8,47",,United Kingdom
558860,PHOTO FRAME CORNICE,4,04.07.2011 12:18,"2,95",17975.0,United Kingdom
547573,WOODEN UNION JACK BUNTING,6,24.03.2011 10:04,"5,95",12948.0,United Kingdom
547249,JOY WOODEN BLOCK LETTERS,1,22.03.2011 09:27,"11,63",,United Kingdom
544089,ENVELOPE 50 BLOSSOM IMAGES,1,15.02.2011 17:51,"0,83",,United Kingdom
544894,RED RETROSPOT UMBRELLA,3,24.02.2011 12:09,"5,95",15805.0,United Kingdom
544444,TOADSTOOL MONEY BOX,1,20.02.2011 10:51,"2,95",13246.0,United Kingdom
573388,POPPY'S PLAYHOUSE BATHROOM,12,30.10.2011 14:44,"2,1",14895.0,United Kingdom
577024,"KEY FOB , BACK DOOR",3,17.11.2011 12:47,"0,65",14704.0,United Kingdom
536401,BATHROOM METAL SIGN,1,01.12.2010 11:21,"0,55",15862.0,United Kingdom
537864,LUNCH BAG RED RETROSPOT,20,08.12.2010 16:34,"1,65",16700.0,United Kingdom
580983,MOUSE TOY WITH PINK T-SHIRT,2,06.12.2011 16:26,"4,13",,United Kingdom
549837,GLASS  BEURRE DISH,24,12.04.2011 13:38,"3,39",16705.0,United Kingdom
550986,GREEN REGENCY TEACUP AND SAUCER,3,21.04.2011 18:06,"5,79",,United Kingdom
551007,PINK BABY BUNTING,4,26.04.2011 09:49,"5,79",,United Kingdom
542999,72 SWEETHEART FAIRY CAKE CASES,1,02.02.2011 12:16,"2,08",,United Kingdom
577150,LUNCH BAG SPACEBOY DESIGN,4,18.11.2011 09:48,"4,96",,United Kingdom
539434,VINTAGE PAISLEY STATIONERY SET,2,17.12.2010 14:41,"2,51",,United Kingdom
549586,RED RETROSPOT PEG BAG,10,11.04.2011 10:00,"4,96",,United Kingdom
541696,CREAM SWEETHEART EGG HOLDER,1,20.01.2011 18:08,"10,79",,United Kingdom
580115,BAG 250g SWIRLY MARBLES,4,01.12.2011 16:22,"1,63",,United Kingdom
552318,PHOTO FRAME CORNICE,6,08.05.2011 16:13,"2,95",17231.0,United Kingdom
560203,FRENCH WC SIGN BLUE METAL,3,15.07.2011 13:13,"1,25",15311.0,United Kingdom
547872,SET OF 4 NAPKIN CHARMS HEARTS,1,27.03.2011 14:34,"2,55",16777.0,United Kingdom
560239,SET OF TEA COFFEE SUGAR TINS PANTRY,4,17.07.2011 11:50,"4,95",13507.0,United Kingdom
536464,HEART T-LIGHT HOLDER,8,01.12.2010 12:23,"1,45",17968.0,United Kingdom
576837,BULL DOG BOTTLE OPENER,1,16.11.2011 15:16,"10,79",,United Kingdom
543371,TOXIC AREA  DOOR HANGER,1,07.02.2011 14:53,"1,45",14048.0,United Kingdom
551731,36 PENCILS TUBE WOODLAND,16,04.05.2011 09:57,"1,25",14307.0,United Kingdom
547493,JAM JAR WITH GREEN LID,12,23.03.2011 12:06,"0,85",12818.0,Austria
579399,SET OF 36 DOLLY GIRL PAPER DOILIES,1,29.11.2011 12:09,"1,45",13137.0,United Kingdom
548742,PINK POLKADOT BOWL,5,04.04.2011 12:00,"1,25",14688.0,United Kingdom
547093,LUNCH BAG SUKI DESIGN,10,21.03.2011 08:20,"1,65",14762.0,United Kingdom
553013,PINK VINTAGE PAISLEY PICNIC BAG,1,12.05.2011 18:19,"2,46",,United Kingdom
552278,PLEASE ONE PERSON METAL SIGN,3,08.05.2011 12:36,"2,1",15059.0,United Kingdom
551269,CHILDS GARDEN TROWEL BLUE,12,27.04.2011 12:21,"0,85",12840.0,United Kingdom
560914,SMALL WHITE HEART OF WICKER,12,21.07.2011 18:08,"1,65",17175.0,United Kingdom
547400,JUMBO BAG OWLS,3,22.03.2011 16:56,"4,13",,United Kingdom
581407,SET OF 3 HANGING OWLS OLLIE BEAK,2,08.12.2011 13:59,"1,25",13263.0,United Kingdom
563557,LARGE ANTIQUE WHITE PHOTO FRAME,4,17.08.2011 13:33,"7,9",15786.0,United Kingdom
541516,BLUE STRIPE CERAMIC DRAWER KNOB,2,18.01.2011 17:34,"2,46",,United Kingdom
574822,damages wax,-1284,07.11.2011 10:38,0,,United Kingdom
536597,LUNCH BAG WOODLAND,1,01.12.2010 17:35,"1,65",18011.0,United Kingdom
558922,NATURAL SLATE HEART CHALKBOARD,6,05.07.2011 10:06,"2,95",16782.0,United Kingdom
556054,HEART WREATH DECORATION WITH BELL,12,08.06.2011 13:26,"1,25",14561.0,United Kingdom
573029,CHILDS BREAKFAST SET SPACEBOY,1,27.10.2011 13:33,"9,95",14971.0,United Kingdom
538250,FELTCRAFT BUTTERFLY HEARTS,3,10.12.2010 12:20,"1,45",18118.0,United Kingdom
556916,POPCORN HOLDER,3,15.06.2011 13:35,"0,85",16898.0,United Kingdom
560299,ASSTD FRUIT+FLOWERS FRIDGE MAGNETS,48,18.07.2011 10:28,"0,19",17593.0,United Kingdom
571565,SET OF 36 PAISLEY FLOWER DOILIES,12,18.10.2011 10:18,"1,45",12720.0,Germany
540692,CALENDAR PAPER CUT DESIGN,6,11.01.2011 09:12,"2,95",14320.0,United Kingdom
561043,SET OF 4 KNICK KNACK TINS LEAF,2,24.07.2011 12:20,"4,15",15708.0,United Kingdom
549546,TEA TIME TEAPOT IN GIFT BOX,1,10.04.2011 11:24,"4,95",16889.0,United Kingdom
558314,ALARM CLOCK BAKELIKE RED,24,28.06.2011 11:38,"3,75",16672.0,United Kingdom
574050,PAPER CHAIN KIT RETROSPOT,6,02.11.2011 13:41,"2,95",13904.0,United Kingdom
553189,RED RETROSPOT CAKE STAND,2,15.05.2011 13:14,"10,95",15033.0,United Kingdom
558750,JUMBO BAG VINTAGE LEAF,10,03.07.2011 10:47,"2,08",18226.0,United Kingdom
537434,I'M ON HOLIDAY METAL SIGN,1,06.12.2010 16:57,"4,21",,United Kingdom
540013,SET OF 3 HEART COOKIE CUTTERS,2,04.01.2011 11:30,"1,25",16255.0,United Kingdom
564974,LUNCH BAG SUKI DESIGN,3,31.08.2011 15:32,"4,13",,United Kingdom
569843,GREEN CHRISTMAS TREE CARD HOLDER,4,06.10.2011 13:29,"1,95",14449.0,United Kingdom
539446,ROUND SNACK BOXES SET OF 4 FRUITS,6,17.12.2010 15:58,"2,95",12705.0,Germany
562778,I'M ON HOLIDAY METAL SIGN,12,09.08.2011 12:55,"2,1",17591.0,United Kingdom
568953,RED RETROSPOT PLATE,16,29.09.2011 15:31,"1,69",12728.0,France
557324,PINK HEART RED HANDBAG,1,20.06.2011 09:41,"2,46",,United Kingdom
568183,WOODEN STAR CHRISTMAS SCANDINAVIAN,24,25.09.2011 13:47,"0,29",13991.0,United Kingdom
552520,PACK OF 72 RETROSPOT CAKE CASES,1,09.05.2011 16:34,"1,25",,United Kingdom
567656,SET OF 6 SOLDIER SKITTLES,11,21.09.2011 14:40,"7,46",14096.0,United Kingdom
538877,HAND WARMER BABUSHKA DESIGN,15,14.12.2010 15:29,"5,06",,United Kingdom
580024,FOLKART CLIP ON STARS,36,01.12.2011 11:51,"0,39",15172.0,United Kingdom
575854,GLASS STAR FROSTED T-LIGHT HOLDER,6,11.11.2011 12:20,"4,95",14125.0,United Kingdom
539492,LUNCH BOX I LOVE LONDON,1,20.12.2010 10:14,"4,21",,United Kingdom
564375,DELUXE SEWING KIT,3,25.08.2011 10:16,"5,95",13078.0,United Kingdom
557644,TRAVEL CARD WALLET VINTAGE TICKET,2,21.06.2011 17:06,"0,83",,United Kingdom
573874,CHRISTMAS CARD SCREEN PRINT,24,01.11.2011 12:45,"0,19",13868.0,United Kingdom
575955,SHELF WITH 4 HOOKS HOME SWEET HOME,1,13.11.2011 12:05,"6,25",14044.0,United Kingdom
577483,GLASS CLOCHE SMALL,1,20.11.2011 11:50,"3,95",14502.0,United Kingdom
581425,FRIDGE MAGNETS LES ENFANTS ASSORTED,12,08.12.2011 15:31,"0,85",14796.0,United Kingdom
553858,ASSORTED CREEPY CRAWLIES,24,19.05.2011 13:35,"0,42",,United Kingdom
569332,TREASURE TIN BUFFALO BILL,1,03.10.2011 13:46,"2,08",12637.0,France
546563,POPPY'S PLAYHOUSE LIVINGROOM,6,15.03.2011 10:49,"2,1",15047.0,United Kingdom
554702,SET OF 6 T-LIGHTS TOADSTOOLS,6,26.05.2011 09:45,"2,95",15805.0,United Kingdom
542627,RIBBON REEL HEARTS DESIGN,10,31.01.2011 09:51,"1,65",14426.0,United Kingdom
556812,CLASSIC GLASS COOKIE JAR,2,14.06.2011 17:25,"8,29",,United Kingdom
566577,JUMBO BAG OWLS,13,13.09.2011 13:29,"4,13",,United Kingdom
546009,3 HOOK PHOTO SHELF ANTIQUE WHITE,6,08.03.2011 15:45,"8,5",16426.0,United Kingdom
575684,MISTLETOE HEART WREATH GREEN,8,10.11.2011 15:57,"4,15",14397.0,United Kingdom
550470,PACK OF 20 NAPKINS PANTRY DESIGN,1,18.04.2011 13:49,"1,63",,United Kingdom
561969,RETROSPOT RED WASHING UP GLOVES,4,01.08.2011 13:31,"2,1",17757.0,United Kingdom
558068,RED METAL BEACH SPADE,1,24.06.2011 15:51,"2,46",,United Kingdom
566566,PANTRY PASTRY BRUSH,1,13.09.2011 12:32,"2,46",14096.0,United Kingdom
573340,STRAWBERRY CERAMIC TRINKET POT,4,30.10.2011 11:55,"1,25",14159.0,United Kingdom
560926,DAIRY MAID LARGE MILK JUG,1,22.07.2011 09:20,"4,13",,United Kingdom
558871,BLUE POLKADOT PLATE,32,04.07.2011 13:19,"1,69",12557.0,Spain
580393,RETROSPOT CANDLE  SMALL,12,04.12.2011 10:51,"0,39",16438.0,United Kingdom
556218,CIRCUS PARADE BABY GIFT SET,2,09.06.2011 14:18,"16,95",17731.0,United Kingdom
580647,RETROSPOT CANDLE  SMALL,12,05.12.2011 13:14,"0,39",14083.0,United Kingdom
552023,HOMEMADE JAM SCENTED CANDLES,12,05.05.2011 17:59,"1,45",17624.0,United Kingdom
570592,POPCORN HOLDER,46,11.10.2011 11:37,"2,46",,United Kingdom
579557,CIRCUS PARADE LUNCH BOX,1,30.11.2011 11:18,"4,96",,United Kingdom
574863,HAND WARMER UNION JACK,3,07.11.2011 12:29,"2,1",15719.0,United Kingdom
542780,CREAM HEART CARD HOLDER,8,01.02.2011 09:38,"3,95",17675.0,United Kingdom
576837,CHILDRENS TOY COOKING UTENSIL SET,2,16.11.2011 15:16,"4,13",,United Kingdom
548358,RED RETROSPOT TEA CUP AND SAUCER,4,30.03.2011 15:29,"3,75",15832.0,United Kingdom
575895,PARTY BUNTING,2,11.11.2011 14:50,"4,95",17052.0,United Kingdom
542932,WHITE HANGING HEART T-LIGHT HOLDER,32,02.02.2011 10:54,"2,55",13089.0,United Kingdom
555276,GLASS  BEURRE DISH,1,01.06.2011 17:28,"8,29",,United Kingdom
553017,LUNCH BAG RED RETROSPOT,5,12.05.2011 19:01,"1,65",12757.0,Portugal
539742,HEART OF WICKER SMALL,1,21.12.2010 15:20,"4,21",,United Kingdom
550338,JUMBO BAG RED RETROSPOT,10,17.04.2011 15:33,"2,08",12413.0,France
558631,LUNCH BAG PINK POLKADOT,2,30.06.2011 18:17,"1,65",17921.0,United Kingdom
581179,JAM MAKING SET PRINTED,24,07.12.2011 15:43,"1,45",12471.0,Germany
562912,PACK OF 12 SUKI TISSUES,2,10.08.2011 13:15,"0,29",15311.0,United Kingdom
570231,SET OF 12 FORK CANDLES,3,09.10.2011 13:44,"2,89",16685.0,United Kingdom
578065,PARTY CHARMS 50 PIECES,1,22.11.2011 15:41,"1,63",,United Kingdom
536749,DIAMANTE BOW BROOCH BLACK COLOUR,4,02.12.2010 13:49,"6,35",17976.0,United Kingdom
539708,HANGING FAIRY CAKE DECORATION,1,21.12.2010 12:18,"4,21",,United Kingdom
567339,WRAP FLOWER SHOP,25,19.09.2011 15:01,"0,42",14146.0,United Kingdom
544638,TOY TIDY PINK POLKADOT,50,22.02.2011 11:33,"1,85",14688.0,United Kingdom
580504,DARK BIRD HOUSE TREE DECORATION,1,04.12.2011 13:32,"0,29",17936.0,United Kingdom
538801,"SWISS ROLL TOWEL, PINK  SPOTS",24,14.12.2010 11:51,"1,25",16083.0,United Kingdom
548178,SET OF 36 DINOSAUR PAPER DOILIES,12,29.03.2011 14:35,"1,45",14367.0,United Kingdom
551449,,-4,28.04.2011 16:00,0,,United Kingdom
561209,JUMBO BAG OWLS,2,25.07.2011 16:57,"4,13",,United Kingdom
543803,BIRD HOUSE HOT WATER BOTTLE,2,13.02.2011 12:05,"2,55",17126.0,United Kingdom
568719,BASKET OF FLOWERS SEWING KIT,1,28.09.2011 16:19,"1,63",,United Kingdom
565756,GIN + TONIC DIET METAL SIGN,12,06.09.2011 13:20,"2,55",18230.0,United Kingdom
539750,RETROSPOT HEART HOT WATER BOTTLE,6,21.12.2010 15:40,"11,02",,United Kingdom
580513,MUSICAL ZINC HEART DECORATION,2,04.12.2011 13:59,"0,29",14456.0,United Kingdom
570018,JUMBO BAG STRAWBERRY,100,07.10.2011 10:12,"1,79",13629.0,United Kingdom
537467,HEART OF WICKER SMALL,3,07.12.2010 10:36,"1,65",16059.0,United Kingdom
571082,JUMBO BAG STRAWBERRY,2,13.10.2011 15:25,"4,13",,United Kingdom
561084,PACK OF 60 DINOSAUR CAKE CASES,24,25.07.2011 08:50,"0,55",14948.0,United Kingdom
541252,WHITE WOOD GARDEN PLANT LADDER,2,16.01.2011 13:41,"9,95",13064.0,United Kingdom
539044,PACK OF 60 PINK PAISLEY CAKE CASES,24,15.12.2010 15:47,"0,55",15727.0,United Kingdom
542794,ROSE DU SUD DRAWSTRING BAG,1,01.02.2011 10:56,"3,29",,United Kingdom
576644,FRIDGE MAGNETS US DINER ASSORTED,6,16.11.2011 10:01,"1,8",,United Kingdom
538177,CRACKED GLAZE NECKLACE RED,1,10.12.2010 09:51,"7,22",,United Kingdom
581214,BLUE HARMONICA IN BOX,12,08.12.2011 08:32,"1,25",14251.0,United Kingdom
567183,LUNCH BAG CARS BLUE,2,18.09.2011 15:32,"1,65",14769.0,United Kingdom
539451,HEART OF WICKER LARGE,3,17.12.2010 16:59,"5,91",,United Kingdom
562715,RED RETROSPOT BIG BOWL,1,08.08.2011 15:34,"4,13",,United Kingdom
550496,MINI WOODEN HAPPY BIRTHDAY GARLAND,1,18.04.2011 15:05,"3,29",,United Kingdom
549734,SAVE THE PLANET MUG,6,11.04.2011 17:12,"1,25",16409.0,United Kingdom
569202,POPPY'S PLAYHOUSE BEDROOM,1,30.09.2011 17:22,"4,13",,United Kingdom
557466,BLUE SPOT CERAMIC DRAWER KNOB,12,20.06.2011 13:08,"1,25",13815.0,Germany
562922,CHARLIE AND LOLA FIGURES TINS,36,10.08.2011 14:26,"1,95",12594.0,Italy
558265,WOOD BLACK BOARD ANT WHITE FINISH,24,28.06.2011 10:06,"6,75",12747.0,United Kingdom
581451,RETROSPOT HEART HOT WATER BOTTLE,3,08.12.2011 17:57,"4,95",17144.0,United Kingdom
545081,PAPER CHAIN KIT EMPIRE,6,28.02.2011 10:35,"2,95",16057.0,United Kingdom
566055,MEMO BOARD RETROSPOT  DESIGN,2,08.09.2011 15:05,"4,95",15453.0,United Kingdom
555564,CURIOUS IMAGES GIFT WRAP SET,1,05.06.2011 15:01,"0,65",15005.0,United Kingdom
580671,PINK  HEART SHAPE LOVE BUCKET,24,05.12.2011 14:26,"0,79",15159.0,United Kingdom
576860,72 SWEETHEART FAIRY CAKE CASES,3,16.11.2011 15:58,"0,55",17602.0,United Kingdom
550289,RIDGED GLASS POSY VASE,6,15.04.2011 14:32,"1,45",13880.0,United Kingdom
563909,PAPER CHAIN KIT RETROSPOT,1,21.08.2011 12:36,"2,95",15701.0,United Kingdom
580636,PIN CUSHION BABUSHKA PINK,12,05.12.2011 12:33,"1,25",16746.0,United Kingdom
550621,SET OF SALT AND PEPPER TOADSTOOLS,2,19.04.2011 13:41,"1,25",13263.0,United Kingdom
565378,LUNCH BAG  BLACK SKULL.,17,02.09.2011 15:16,"4,96",,United Kingdom
572997,PACK OF 12 50'S CHRISTMAS TISSUES,12,27.10.2011 11:24,"0,39",17878.0,United Kingdom
560363,SET OF 12 MINI LOAF BAKING CASES,16,18.07.2011 12:05,"0,83",12589.0,France
567539,MADRAS NOTEBOOK MEDIUM,1,21.09.2011 09:58,"0,75",,United Kingdom
551005,6 EGG HOUSE PAINTED WOOD,1,26.04.2011 09:48,"15,79",,United Kingdom
563173,LUNCH BOX I LOVE LONDON,320,12.08.2011 13:27,"1,65",17381.0,United Kingdom
549274,COWBOYS AND INDIANS BIRTHDAY CARD,12,07.04.2011 13:07,"0,42",12721.0,France
568238,WOODEN BOX OF DOMINOES,12,26.09.2011 12:00,"1,25",13927.0,United Kingdom
555125,JUMBO BAG DOILEY PATTERNS,10,31.05.2011 15:26,"2,08",13481.0,United Kingdom
581281,SET OF 6 SPICE TINS PANTRY DESIGN,3,08.12.2011 11:36,"3,95",18109.0,United Kingdom
570818,SWEETHEART 3 TIER CAKE STAND,1,12.10.2011 12:47,"9,95",17841.0,United Kingdom
554542,HANGING HEART JAR T-LIGHT HOLDER,36,25.05.2011 08:32,"1,06",15194.0,United Kingdom
580983,VICTORIAN GLASS HANGING T-LIGHT,2,06.12.2011 16:26,"2,46",,United Kingdom
565853,PENNY FARTHING BIRTHDAY CARD,12,07.09.2011 13:19,"0,42",13756.0,United Kingdom
563688,SET/20 STRAWBERRY PAPER NAPKINS,12,18.08.2011 12:41,"0,85",16767.0,United Kingdom
559036,MULTICOLOUR 3D BALLS GARLAND,6,05.07.2011 15:14,"2,55",12637.0,France
578251,4 LAVENDER BOTANICAL DINNER CANDLES,2,23.11.2011 12:45,"1,25",15993.0,United Kingdom
539225,PICTURE DOMINOES,12,16.12.2010 13:02,"1,45",15379.0,United Kingdom
546855,3 PIECE SPACEBOY COOKIE CUTTER SET,4,17.03.2011 13:58,"2,1",18168.0,United Kingdom
578344,WOVEN SUNSET CUSHION COVER,1,24.11.2011 09:21,"4,13",,United Kingdom
580128,MINT KITCHEN SCALES,1,01.12.2011 17:56,"8,5",17576.0,United Kingdom
540255,RETRO PLASTIC DAISY TRAY,1,05.01.2011 16:50,"0,85",,United Kingdom
573264,FILIGREE HEART DAISY WHITE,10,28.10.2011 12:36,"1,25",14415.0,United Kingdom
568346,BLUE HARMONICA IN BOX,4,26.09.2011 15:28,"2,46",14096.0,United Kingdom
542255,SET/2 RED RETROSPOT TEA TOWELS,1,26.01.2011 16:43,"5,79",,United Kingdom
576649,LUNCH BAG CARS BLUE,10,16.11.2011 10:32,"1,65",16008.0,United Kingdom
539211,CARD HOLDER GINGHAM HEART,3,16.12.2010 12:15,"2,55",16743.0,United Kingdom
573119,SET OF 9 BLACK SKULL BALLOONS,20,27.10.2011 16:21,"0,85",15498.0,United Kingdom
541221,PACK OF 60 MUSHROOM CAKE CASES,2,14.01.2011 14:28,"2,08",,United Kingdom
558096,SPOTTY BUNTING,3,26.06.2011 13:24,"4,95",15532.0,United Kingdom
537257,JAM MAKING SET PRINTED,12,06.12.2010 11:10,"1,45",17691.0,United Kingdom
578211,POPCORN HOLDER,6,23.11.2011 11:47,"0,85",12748.0,United Kingdom
562150,WOOD STAMP SET THANK YOU,12,03.08.2011 10:49,"0,83",14132.0,United Kingdom
553542,WOODLAND  HEIGHT CHART STICKERS,1,17.05.2011 15:34,"5,79",,United Kingdom
554054,HEART OF WICKER SMALL,3,20.05.2011 15:29,"3,29",,United Kingdom
546008,SINGLE HEART ZINC T-LIGHT HOLDER,2,08.03.2011 15:43,"2,08",,United Kingdom
560223,3 HOOK PHOTO SHELF ANTIQUE WHITE,1,15.07.2011 15:32,"8,5",16904.0,United Kingdom
541827,BOTTLE BAG RETROSPOT,9,21.01.2011 17:05,"1,63",,United Kingdom
573315,GIRAFFE WOODEN RULER,6,28.10.2011 17:27,"1,95",17839.0,United Kingdom
556102,WRAP ENGLISH ROSE,25,08.06.2011 16:15,"0,42",13115.0,United Kingdom
579187,SILVER HANGING T-LIGHT HOLDER,2,28.11.2011 15:31,"3,29",,United Kingdom
552410,ENAMEL BREAD BIN CREAM,2,09.05.2011 12:40,"12,75",14527.0,United Kingdom
567148,60 CAKE CASES VINTAGE CHRISTMAS,72,16.09.2011 15:23,"0,55",18225.0,United Kingdom
567306,CLOTHES PEGS RETROSPOT PACK 24,48,19.09.2011 13:32,"1,45",12752.0,Norway
546364,DELUXE SEWING KIT,1,11.03.2011 11:33,"5,95",,United Kingdom
562166,LARGE CHINESE STYLE SCISSOR,10,03.08.2011 12:10,"0,85",13209.0,United Kingdom
564158,LUNCH BAG CARS BLUE,30,23.08.2011 12:37,"1,65",16712.0,United Kingdom
545004,DOORMAT WELCOME SUNRISE,10,25.02.2011 12:48,"6,75",13753.0,United Kingdom
552285,STRAWBERRY BATH SPONGE,1,08.05.2011 12:58,"1,25",14684.0,United Kingdom
554310,SMALL MARSHMALLOWS PINK BOWL,1,23.05.2011 15:25,"0,83",,United Kingdom
560051,WATERING CAN PINK BUNNY,6,14.07.2011 15:22,"1,95",15306.0,United Kingdom
558614,LUNCH BAG CARS BLUE,1,30.06.2011 15:56,"4,13",,United Kingdom
540455,CHILDRENS APRON SPACEBOY DESIGN,8,07.01.2011 12:07,"1,95",12583.0,France
568324,PACK OF 6 LARGE FRUIT STRAWS,12,26.09.2011 13:48,"0,62",16778.0,United Kingdom
569097,DOLLY GIRL LUNCH BOX,24,30.09.2011 12:06,"1,95",12731.0,France
581498,SET 36 COLOUR PENCILS LOVE LONDON,1,09.12.2011 10:26,"1,25",,United Kingdom
562143,CHOCOLATE CALCULATOR,24,03.08.2011 10:41,"1,65",16422.0,United Kingdom
549943,BLUE POLKADOT PASSPORT COVER,1,13.04.2011 12:09,"2,1",13544.0,United Kingdom
581219,CHILDS BREAKFAST SET CIRCUS PARADE,1,08.12.2011 09:28,"16,63",,United Kingdom
540998,ASSORTED COLOUR MINI CASES,2,13.01.2011 10:04,"7,95",15290.0,United Kingdom
550071,TRAVEL CARD WALLET UNION JACK,24,14.04.2011 12:12,"0,42",16735.0,United Kingdom
574342,MEMO BOARD COTTAGE DESIGN,4,04.11.2011 10:10,"4,95",13447.0,United Kingdom
567236,BLUE DINER WALL CLOCK,2,19.09.2011 11:33,"8,5",14735.0,United Kingdom
564629,WHITE BELL HONEYCOMB PAPER,288,26.08.2011 11:48,"1,45",14866.0,United Kingdom
570499,PACK OF 72 RETROSPOT CAKE CASES,24,11.10.2011 09:19,"0,55",12772.0,Portugal
574752,COOK WITH WINE METAL SIGN,12,07.11.2011 09:14,"2,08",17164.0,United Kingdom
541423,CHRISTMAS TREE STAR DECORATION,13,17.01.2011 17:54,"0,42",,United Kingdom
581217,PANTRY KITCHEN THERMOMETER,1,08.12.2011 09:20,"2,46",,United Kingdom
572743,WOODEN HEART CHRISTMAS SCANDINAVIAN,10,25.10.2011 16:13,"0,29",14482.0,United Kingdom
565117,WHITE HANGING HEART T-LIGHT HOLDER,32,01.09.2011 11:33,"2,55",13089.0,United Kingdom
542102,JUMBO BAG RED RETROSPOT,10,25.01.2011 13:26,"1,95",12744.0,Singapore
547921,LUNCH BAG CARS BLUE,10,28.03.2011 13:28,"1,65",14766.0,United Kingdom
571328,LUNCH BAG RED RETROSPOT,10,17.10.2011 11:27,"1,65",12473.0,Germany
544292,RED RETROSPOT MINI CASES,1,17.02.2011 12:33,"7,95",16745.0,United Kingdom
543533,PACK OF 6 SKULL PAPER PLATES,3,09.02.2011 13:00,"1,63",,United Kingdom
558435,CARD CAT AND TREE,12,29.06.2011 12:37,"0,42",13078.0,United Kingdom
555076,FRIDGE MAGNETS LA VIE EN ROSE,12,31.05.2011 12:11,"0,85",13900.0,United Kingdom
572838,SET 6 SCHOOL MILK BOTTLES IN CRATE,4,26.10.2011 12:03,"3,75",14539.0,United Kingdom
551721,VICTORIAN GLASS HANGING T-LIGHT,12,03.05.2011 16:49,"1,25",14711.0,United Kingdom
574852,STRAWBERRY CERAMIC TRINKET POT,9,07.11.2011 12:04,"1,25",15493.0,United Kingdom
572289,RED HANGING HEART T-LIGHT HOLDER,2,23.10.2011 12:37,"2,95",13782.0,United Kingdom
555577,SET/5 RED RETROSPOT LID GLASS BOWLS,6,05.06.2011 15:53,"2,95",15301.0,United Kingdom
564838,RED DAISY POCKET BOOK,1,30.08.2011 12:43,"1,63",,United Kingdom
574862,PACK OF 12 RED APPLE TISSUES,24,07.11.2011 12:27,"0,39",12408.0,Belgium
540493,SMALL HANGING IVORY/RED WOOD BIRD,24,07.01.2011 16:34,"0,42",14867.0,United Kingdom
541258,RED COAT RACK PARIS FASHION,1,16.01.2011 15:30,"4,95",13634.0,United Kingdom
571189,STAR DECORATION RUSTIC,48,14.10.2011 11:42,"0,42",13213.0,United Kingdom
574298,PLAYING CARDS JUBILEE UNION JACK,1,03.11.2011 15:56,"2,46",,United Kingdom
539217,WOODEN FRAME ANTIQUE WHITE,6,16.12.2010 12:46,"2,95",15394.0,United Kingdom
558635,CUPCAKE LACE PAPER SET 6,4,30.06.2011 19:52,"1,95",16498.0,United Kingdom
568898,STAR T-LIGHT HOLDER WILLIE WINKIE,12,29.09.2011 13:17,"1,65",13354.0,United Kingdom
577835,PAPER BUNTING VINTAGE PARTY,18,22.11.2011 10:24,"2,95",16607.0,United Kingdom
580675,SET OF 6 RIBBONS PARTY,12,05.12.2011 14:35,"2,89",15640.0,United Kingdom
580133,RED RETROSPOT BOWL,12,01.12.2011 18:43,"1,25",15531.0,United Kingdom
567805,DECORATIVE WICKER HEART LARGE,2,22.09.2011 12:15,"1,65",12854.0,United Kingdom
556113,PINK CREAM FELT CRAFT TRINKET BOX,12,09.06.2011 09:32,"1,25",13510.0,United Kingdom
557410,SET/20 RED RETROSPOT PAPER NAPKINS,10,20.06.2011 11:36,"0,85",14701.0,United Kingdom
552264,IVORY HANGING DECORATION  HEART,6,08.05.2011 11:38,"0,85",14959.0,United Kingdom
542776,HEART OF WICKER SMALL,12,01.02.2011 08:23,"1,65",15240.0,United Kingdom
541855,PHOTO FRAME CORNICE,2,23.01.2011 14:59,"2,95",13742.0,United Kingdom
566195,RECIPE BOX PANTRY YELLOW DESIGN,24,09.09.2011 13:44,"2,55",12433.0,Norway
569838,SAVE THE PLANET COTTON TOTE BAG,6,06.10.2011 13:20,"2,25",13504.0,United Kingdom
550958,ETCHED GLASS COASTER,48,21.04.2011 16:37,"0,39",15281.0,United Kingdom
544466,AGED GLASS SILVER T-LIGHT HOLDER,48,20.02.2011 15:43,"0,65",14606.0,United Kingdom
565675,SET OF 3 CAKE TINS SKETCHBOOK,6,06.09.2011 09:51,"4,95",15513.0,United Kingdom
578031,WHITE HANGING HEART T-LIGHT HOLDER,6,22.11.2011 13:41,"2,95",15796.0,United Kingdom
558355,SET OF 3 WOODEN STOCKING DECORATION,8,28.06.2011 14:58,"1,25",13614.0,United Kingdom
547102,DOORMAT HOME SWEET HOME BLUE,2,21.03.2011 10:41,"7,95",14245.0,United Kingdom
536526,VICTORIAN  METAL POSTCARD SPRING,16,01.12.2010 12:58,"1,69",14001.0,United Kingdom
548194,ROUND SNACK BOXES SET OF4 WOODLAND,1,29.03.2011 15:30,"5,79",,United Kingdom
574096,SET OF 3 BIRD LIGHT PINK FEATHER,24,03.11.2011 09:55,"0,39",13599.0,United Kingdom
566318,RECYCLING BAG RETROSPOT,50,12.09.2011 10:47,"1,85",15971.0,United Kingdom
553385,SET 2 TEA TOWELS I LOVE LONDON,1,16.05.2011 15:53,"3,25",16710.0,United Kingdom
550630,MULTICOLOUR SPRING FLOWER MUG,48,19.04.2011 14:49,"0,39",14298.0,United Kingdom
577258,RETROSPOT WOODEN HEART DECORATION,2,18.11.2011 12:27,"0,85",16764.0,United Kingdom
569386,STOP FOR TEA WALL ART,3,03.10.2011 16:48,"5,95",15159.0,United Kingdom
581217,WOODEN CROQUET GARDEN SET,1,08.12.2011 09:20,"24,96",,United Kingdom
560258,SET OF TEA COFFEE SUGAR TINS PANTRY,4,17.07.2011 13:26,"4,95",13340.0,United Kingdom
557270,GARDENERS KNEELING PAD KEEP CALM,2,19.06.2011 11:36,"1,65",14162.0,United Kingdom
573068,MINT DINER WALL CLOCK,1,27.10.2011 13:56,"8,5",17545.0,United Kingdom
569469,PACK OF 72 RETROSPOT CAKE CASES,2,04.10.2011 12:22,"0,55",16360.0,United Kingdom
547657,HANGING JAM JAR T-LIGHT HOLDER,36,24.03.2011 12:58,"0,85",13871.0,United Kingdom
563712,ROUND SNACK BOXES SET OF4 WOODLAND,6,18.08.2011 15:44,"2,95",12680.0,France
580397,POTTERING MUG,1,04.12.2011 11:24,"1,65",13558.0,United Kingdom
547250,GARLAND WOODEN HAPPY EASTER,5,22.03.2011 09:30,"2,46",,United Kingdom
544330,EASTER DECORATION EGG BUNNY,12,17.02.2011 16:59,"1,25",17576.0,United Kingdom
569852,4 TRADITIONAL SPINNING TOPS,12,06.10.2011 14:17,"1,45",13771.0,United Kingdom
541564,HOT BATHS SOAP HOLDER,4,19.01.2011 11:38,"1,69",16904.0,United Kingdom
561650,GLASS APOTHECARY BOTTLE ELIXIR,4,28.07.2011 15:31,"3,95",15329.0,United Kingdom
545667,PAINTED PINK RABBIT,2,04.03.2011 16:07,"0,83",,United Kingdom
559362,STRAWBERRY LUNCH BOX WITH CUTLERY,6,08.07.2011 08:43,"2,55",12635.0,Germany
575167,RASPBERRY ANT COPPER FLOWER NECKLAC,2,08.11.2011 17:09,"5,95",15153.0,United Kingdom
566851,EASTER DECORATION HANGING BUNNY,2,15.09.2011 12:16,"0,19",15573.0,United Kingdom
580360,CRYSTAL STILETTO PHONE CHARM,12,02.12.2011 16:14,"0,85",14493.0,United Kingdom
563831,GLASS APOTHECARY BOTTLE PERFUME,8,19.08.2011 12:23,"3,95",18081.0,United Kingdom
566438,PARISIENNE JEWELLERY DRAWER,2,12.09.2011 15:14,"7,5",15996.0,United Kingdom
572843,BLACK SILOUETTE CANDLE PLATE,12,26.10.2011 12:06,"0,85",14315.0,United Kingdom
543187,SET OF 3 CAKE TINS PANTRY DESIGN,3,04.02.2011 11:43,"4,95",14778.0,United Kingdom
562369,WOOD 2 DRAWER CABINET WHITE FINISH,4,04.08.2011 14:12,"6,95",17584.0,United Kingdom
556048,ANTIQUE CREAM CUTLERY CUPBOARD,1,08.06.2011 13:00,"12,75",15609.0,United Kingdom
544278,WATERING CAN BLUE ELEPHANT,6,17.02.2011 12:01,"1,95",15382.0,United Kingdom
565232,RED RETROSPOT TAPE,3,02.09.2011 09:30,"0,42",,United Kingdom
559907,RED RETROSPOT ROUND CAKE TINS,2,13.07.2011 13:37,"9,95",12766.0,Portugal
559043,SUKI  SHOULDER BAG,3,05.07.2011 15:35,"4,13",,United Kingdom
540506,RED RETROSPOT SUGAR JAM BOWL,3,09.01.2011 11:12,"2,55",17796.0,United Kingdom
554980,FELTCRAFT PRINCESS LOLA DOLL,2,29.05.2011 11:59,"3,75",17613.0,United Kingdom
574305,CHRISTMAS TREE STAR DECORATION,36,03.11.2011 16:30,"0,42",18081.0,United Kingdom
546649,SPACEBOY LUNCH BOX,2,15.03.2011 14:17,"2,46",,United Kingdom
571716,VINTAGE EMBOSSED HEART,1,18.10.2011 17:05,"2,46",,United Kingdom
576780,DOORMAT AIRMAIL,1,16.11.2011 13:27,"8,25",13258.0,United Kingdom
553416,RED METAL BEACH SPADE,12,17.05.2011 10:04,"1,25",18198.0,United Kingdom
538177,ENGLISH ROSE NOTEBOOK A7 SIZE,3,10.12.2010 09:51,"0,85",,United Kingdom
539663,BLACK TEA TOWEL CLASSIC DESIGN,4,21.12.2010 10:26,"1,25",17961.0,United Kingdom
556484,SET OF 60 PANTRY DESIGN CAKE CASES,6,12.06.2011 13:17,"0,55",16938.0,United Kingdom
579755,damaged,-14,30.11.2011 14:54,0,,United Kingdom
565679,PINK BABY BUNTING,50,06.09.2011 10:12,"2,55",15199.0,United Kingdom
549100,DOORMAT NEW ENGLAND,2,06.04.2011 11:14,"12,46",,United Kingdom
573035,CHOCOLATE THIS WAY METAL SIGN,12,27.10.2011 13:43,"2,1",12433.0,Norway
574530,GLITTER CHRISTMAS STAR,10,04.11.2011 14:07,"0,39",16887.0,United Kingdom
578041,SET/3 VANILLA SCENTED CANDLE IN BOX,5,22.11.2011 14:23,"4,25",17338.0,United Kingdom
548336,ALARM CLOCK BAKELIKE ORANGE,4,30.03.2011 14:06,"3,75",13082.0,United Kingdom
580136,TOMATO CHARLIE+LOLA COASTER SET,2,01.12.2011 19:42,"1,25",17841.0,United Kingdom
577816,CUPCAKE LACE PAPER SET 6,48,22.11.2011 09:17,"1,65",18139.0,United Kingdom
547350,BAKING SET 9 PIECE RETROSPOT,4,22.03.2011 12:05,"4,95",17272.0,United Kingdom
578067,GLASS APOTHECARY BOTTLE TONIC,2,22.11.2011 15:43,"8,29",,United Kingdom
580322,HOME SWEET HOME 3 PEG HANGER,10,02.12.2011 15:48,"3,75",17567.0,United Kingdom
567941,YELLOW GIANT GARDEN THERMOMETER,2,22.09.2011 18:24,"5,95",13519.0,United Kingdom
569374,PACK OF 12 TRADITIONAL CRAYONS,2,03.10.2011 16:14,"0,83",,United Kingdom
551010,JUMBO BAG RED RETROSPOT,1,26.04.2011 09:52,"4,13",,United Kingdom
566949,CHRISTMAS TREE HEART DECORATION,8,15.09.2011 16:32,"0,42",,United Kingdom
574967,RED WOOLLY HOTTIE WHITE HEART.,7,08.11.2011 10:51,"9,13",,United Kingdom
575369,WOODEN TREE CHRISTMAS SCANDINAVIAN,24,09.11.2011 15:09,"0,29",16655.0,United Kingdom
575739,ALARM CLOCK BAKELIKE PINK,1,11.11.2011 09:05,"7,46",,United Kingdom
541648,SKULLS STORAGE BOX SMALL,2,20.01.2011 11:15,"2,1",17811.0,United Kingdom
581219,ROUND CAKE TIN VINTAGE GREEN,1,08.12.2011 09:28,"15,79",,United Kingdom
577690,HEART OF WICKER SMALL,3,21.11.2011 11:34,"1,65",12856.0,United Kingdom
569700,SMALL HEART MEASURING SPOONS,1,05.10.2011 15:56,"1,63",,United Kingdom
552874,BOX OF 24 COCKTAIL PARASOLS,25,12.05.2011 09:40,"0,42",12621.0,Germany
540094,RED SPOT CERAMIC DRAWER KNOB,12,04.01.2011 15:33,"1,25",14221.0,United Kingdom
562219,CLOTHES PEGS RETROSPOT PACK 24,12,03.08.2011 14:14,"1,65",15089.0,United Kingdom
537534,RED RETROSPOT SUGAR JAM BOWL,2,07.12.2010 11:48,0,,United Kingdom
578233,CHILDRENS TOY COOKING UTENSIL SET,1,23.11.2011 12:20,"2,08",14049.0,United Kingdom
558028,ENGLISH ROSE NOTEBOOK A7 SIZE,16,24.06.2011 11:39,"0,42",15128.0,United Kingdom
544108,3 HOOK HANGER MAGIC GARDEN,12,16.02.2011 10:53,"1,95",12653.0,Israel
568135,LARGE HEART MEASURING SPOONS,1,23.09.2011 17:04,"3,29",,United Kingdom
556042,JUMBO BAG WOODLAND ANIMALS,10,08.06.2011 12:44,"2,08",14367.0,United Kingdom
575607,60 CAKE CASES DOLLY GIRL DESIGN,1,10.11.2011 12:37,"1,25",14096.0,United Kingdom
571747,CARDHOLDER GINGHAM CHRISTMAS TREE,6,19.10.2011 10:59,"3,25",13849.0,United Kingdom
549318,YELLOW POT PLANT CANDLE,4,08.04.2011 10:01,"2,95",13911.0,United Kingdom
565331,VICTORIAN GLASS HANGING T-LIGHT,6,02.09.2011 13:59,"1,95",16674.0,United Kingdom
544421,PINK REGENCY TEACUP AND SAUCER,6,18.02.2011 15:21,"2,95",13951.0,United Kingdom
554079,SET/4 BIRD MIRROR MAGNETS,2,22.05.2011 11:41,"2,1",14546.0,United Kingdom
558906,WOOD 2 DRAWER CABINET WHITE FINISH,2,04.07.2011 16:35,"6,95",15555.0,United Kingdom
548157,JUMBO SHOPPER VINTAGE RED PAISLEY,80,29.03.2011 13:27,"1,65",14298.0,United Kingdom
564147,JUMBO BAG PINK POLKADOT,10,23.08.2011 12:21,"2,08",14004.0,United Kingdom
581217,BATHROOM METAL SIGN,2,08.12.2011 09:20,"1,25",,United Kingdom
540907,TEA BAG PLATE RED RETROSPOT,12,12.01.2011 11:52,"0,85",13488.0,United Kingdom
579165,RED VICTORIAN FABRIC OVAL BOX,24,28.11.2011 14:01,"0,42",13389.0,United Kingdom
551718,SKULL AND CROSSBONES  GARLAND,3,03.05.2011 16:06,"1,63",,United Kingdom
541213,REGENCY CAKESTAND 3 TIER,1,14.01.2011 13:28,"12,75",15033.0,United Kingdom
552624,JUMBO BAG PINK VINTAGE PAISLEY,1,10.05.2011 12:53,"2,08",14505.0,United Kingdom
540832,TRADITIONAL MODELLING CLAY,1,11.01.2011 14:42,"2,46",,United Kingdom
556459,PACK OF 12 BLUE PAISLEY TISSUES,2,10.06.2011 17:25,"0,83",,United Kingdom
544824,RED RETROSPOT CHARLOTTE BAG,10,24.02.2011 09:32,"0,85",17139.0,United Kingdom
564734,VINTAGE UNION JACK SHOPPING BAG,1,28.08.2011 13:32,"4,95",12484.0,Spain
564172,SET OF 3 REGENCY CAKE TINS,4,23.08.2011 14:19,"4,95",16033.0,United Kingdom
558418,CARD I LOVE LONDON,12,29.06.2011 11:35,"0,42",12901.0,United Kingdom
558614,PINK FAIRY CAKE CUSHION COVER,1,30.06.2011 15:56,"4,13",,United Kingdom
540352,SPACE OWL,1,06.01.2011 14:27,"0,85",,United Kingdom
539462,WRAP I LOVE LONDON,25,19.12.2010 11:19,"0,42",14032.0,United Kingdom
569898,CHRISTMAS RETROSPOT TREE WOOD,3,06.10.2011 16:08,"1,63",,United Kingdom
549431,VINTAGE UNION JACK PENNANT,3,08.04.2011 12:17,"1,95",15874.0,United Kingdom
578827,SET OF 4 POLKADOT PLACEMATS,1,25.11.2011 14:25,"7,46",,United Kingdom
553691,RED HEART SHAPE LOVE BUCKET,2,18.05.2011 14:08,"2,95",15311.0,United Kingdom
555149,SET/6 COLLAGE PAPER CUPS,3,31.05.2011 15:49,"0,83",,United Kingdom
580729,WALL ART CLASSIC PUDDINGS,1,05.12.2011 17:24,"16,63",,United Kingdom
560694,JUMBO STORAGE BAG SUKI,10,20.07.2011 12:05,"2,08",12757.0,Portugal
545899,CROCHET ROSE DES CLOTHES HANGER,2,07.03.2011 17:30,"2,95",17817.0,United Kingdom
560298,PAPER CHAIN KIT 50'S CHRISTMAS,1,18.07.2011 10:26,"6,63",,United Kingdom
556632,SWEETHEART WIRE MAGAZINE RACK,1,13.06.2011 15:09,"7,95",16987.0,United Kingdom
575739,METAL SIGN DROP YOUR PANTS,2,11.11.2011 09:05,"5,79",,United Kingdom
551727,MINT GREEN ROSE TOWEL,4,04.05.2011 08:40,"4,65",14245.0,United Kingdom
576911,LUNCH BAG VINTAGE LEAF DESIGN,1,17.11.2011 10:01,"1,65",17461.0,United Kingdom
554038,VINTAGE EMBOSSED HEART,12,20.05.2011 14:23,"1,25",12775.0,Netherlands
560892,JUMBO BAG PINK POLKADOT,10,21.07.2011 17:08,"2,08",13089.0,United Kingdom
570466,RED RETROSPOT SMALL MILK JUG,1,10.10.2011 16:03,"2,55",16791.0,United Kingdom
562290,JUMBO BAG 50'S CHRISTMAS,10,04.08.2011 11:16,"2,08",14825.0,United Kingdom
547249,T-LIGHT HOLDER WHITE LACE,6,22.03.2011 09:27,"1,63",,United Kingdom
544305,WOODEN PICTURE FRAME WHITE FINISH,6,17.02.2011 13:54,"2,55",15044.0,United Kingdom
563734,IVORY SWEETHEART WIRE LETTER RACK,1,18.08.2011 18:11,"3,75",14064.0,United Kingdom
580615,SOLDIERS EGG CUP,24,05.12.2011 12:05,"1,25",16873.0,United Kingdom
567742,SPOTTY BUNTING,4,22.09.2011 10:47,"4,95",14261.0,United Kingdom
567667,BOYS ALPHABET IRON ON PATCHES,3,21.09.2011 15:24,"0,42",,United Kingdom
546166,LOVEBIRD HANGING DECORATION WHITE,120,10.03.2011 10:10,"0,85",16553.0,United Kingdom
544812,RETROSPOT TEA SET CERAMIC 11 PC,1,23.02.2011 15:58,"10,79",,United Kingdom
566230,60 TEATIME FAIRY CAKE CASES,24,11.09.2011 10:57,"0,55",15159.0,United Kingdom
573096,EGG CUP HENRIETTA HEN CREAM,12,27.10.2011 14:40,"1,25",14004.0,United Kingdom
550470,SWEETHEART CERAMIC TRINKET BOX,5,18.04.2011 13:49,"2,46",,United Kingdom
573576,PENNY FARTHING BIRTHDAY CARD,2,31.10.2011 14:09,"0,83",14096.0,United Kingdom
539410,CHILLI LIGHTS,24,17.12.2010 13:17,"4,25",16353.0,United Kingdom
576652,WHITE WICKER STAR,1,16.11.2011 10:39,"2,1",17198.0,United Kingdom
575837,PINK BLUE FELT CRAFT TRINKET BOX,6,11.11.2011 11:37,"1,25",12748.0,United Kingdom
574967,STRAWBERRY CHARLOTTE BAG,33,08.11.2011 10:51,"2,46",,United Kingdom
561817,JUMBO BAG ALPHABET,20,29.07.2011 15:51,"2,08",12921.0,United Kingdom
556876,PING MICROWAVE APRON,1,15.06.2011 11:56,"1,95",16241.0,United Kingdom
574043,WORLD WAR 2 GLIDERS ASSTD DESIGNS,48,02.11.2011 13:13,"0,29",16367.0,United Kingdom
564221,RED RETROSPOT TISSUE BOX,1,24.08.2011 09:36,"2,46",,United Kingdom
536390,SET/20 RED RETROSPOT PAPER NAPKINS,96,01.12.2010 10:19,"0,64",17511.0,United Kingdom
545464,PAINT YOUR OWN CANVAS SET,2,03.03.2011 09:10,"3,29",,United Kingdom
565416,PAPER CHAIN KIT SKULLS,6,04.09.2011 12:00,"2,95",12710.0,Germany
578794,HAND WARMER SCOTTY DOG DESIGN,5,25.11.2011 12:24,"2,1",17232.0,United Kingdom
575683,JUMBO BAG RED RETROSPOT,30,10.11.2011 15:51,"2,08",17389.0,United Kingdom
548708,JAM MAKING SET PRINTED,4,03.04.2011 12:41,"1,45",13269.0,United Kingdom
564716,JUMBO BAG 50'S CHRISTMAS,3,28.08.2011 11:02,"2,08",14810.0,United Kingdom
568044,12 EGG HOUSE PAINTED WOOD,2,23.09.2011 12:10,"12,75",15763.0,United Kingdom
556903,TOY TIDY PINK POLKADOT,1,15.06.2011 12:55,"2,1",14527.0,United Kingdom
547405,EASTER TIN CHICKS IN GARDEN,6,23.03.2011 08:22,"1,65",17705.0,United Kingdom
573601,LUNCH BAG WOODLAND,1,31.10.2011 15:24,"4,96",,United Kingdom
580115,RIBBON REEL MAKING SNOWMEN,1,01.12.2011 16:22,"3,29",,United Kingdom
539437,SET OF 6 T-LIGHTS CACTI,1,17.12.2010 14:54,"5,91",,United Kingdom
550630,ORANGE TV TRAY TABLE,24,19.04.2011 14:49,"1,95",14298.0,United Kingdom
560233,LARGE WHITE HEART OF WICKER,2,17.07.2011 11:10,"2,95",16813.0,United Kingdom
554699,POSTAGE,3,26.05.2011 09:17,18,12613.0,Germany
563755,DOORMAT RED RETROSPOT,2,19.08.2011 10:58,"7,95",17612.0,United Kingdom
575739,WOODLAND  STICKERS,3,11.11.2011 09:05,"1,63",,United Kingdom
579408,6 GIFT TAGS 50'S CHRISTMAS,2,29.11.2011 12:34,"0,83",14701.0,United Kingdom
580504,FOLDING BUTTERFLY MIRROR RED,5,04.12.2011 13:32,"0,83",17936.0,United Kingdom
577171,WOODEN HEART CHRISTMAS SCANDINAVIAN,24,18.11.2011 10:52,"0,29",17159.0,United Kingdom
567880,PACK OF 12 TRADITIONAL CRAYONS,24,22.09.2011 14:56,"0,42",15398.0,United Kingdom
558111,WOODEN PICTURE FRAME WHITE FINISH,2,26.06.2011 16:06,"2,55",17114.0,United Kingdom
543300,LONDON BUS COFFEE MUG,6,07.02.2011 11:42,"2,55",13334.0,United Kingdom
554827,DOLLY GIRL LUNCH BOX,64,26.05.2011 15:19,"1,65",14646.0,Netherlands
556460,BLUE HARMONICA IN BOX,12,12.06.2011 09:56,"1,25",14276.0,United Kingdom
556596,PACK 3 IRON ON DOG PATCHES,1,13.06.2011 14:29,"1,25",17349.0,United Kingdom
538346,BEWARE OF THE CAT METAL SIGN,12,10.12.2010 14:53,"1,69",17865.0,United Kingdom
564378,NEW BAROQUE B'FLY NECKLACE RED,2,25.08.2011 10:26,"8,5",12417.0,Belgium
541832,SKULLS WRITING SET,4,21.01.2011 17:14,"1,65",17889.0,United Kingdom
561600,POTTING SHED TWINE,1,28.07.2011 11:29,"2,1",15861.0,United Kingdom
569635,VINTAGE SNAP CARDS,24,05.10.2011 12:13,"0,85",12748.0,United Kingdom
574739,HOMEMADE JAM SCENTED CANDLES,12,06.11.2011 16:04,"1,45",16357.0,United Kingdom
552990,SET 12 KIDS  WHITE CHALK STICKS,24,12.05.2011 15:17,"0,42",17667.0,United Kingdom
539484,DOLLY GIRL LUNCH BOX,4,19.12.2010 15:44,"1,95",15640.0,United Kingdom
579196,BAKING MOULD ROSE WHITE CHOCOLATE,1,28.11.2011 15:54,"6,63",14096.0,United Kingdom
567668,PACK OF 12 SKULL TISSUES,1,21.09.2011 15:29,"0,83",,United Kingdom
545331,GROW YOUR OWN PLANT IN A CAN,2,01.03.2011 15:49,"1,25",17961.0,United Kingdom
568495,CHOCOLATE HOT WATER BOTTLE,3,27.09.2011 12:08,"4,95",14755.0,United Kingdom
540848,ORIGAMI ROSE INCENSE/CANDLE SET,2,12.01.2011 09:26,"2,51",,United Kingdom
550512,WOODEN SCHOOL COLOURING SET,2,18.04.2011 16:31,"1,65",18069.0,United Kingdom
575070,MINI LADLE LOVE HEART RED,4,08.11.2011 12:58,"0,42",17841.0,United Kingdom
543040,SAVE THE PLANET MUG,1,02.02.2011 17:06,"1,25",17337.0,United Kingdom
544040,RED POLKADOT COFFEE  MUG,6,15.02.2011 11:40,"2,1",14701.0,United Kingdom
573026,ALPHABET STENCIL CRAFT,2,27.10.2011 13:25,"1,25",17459.0,United Kingdom
572302,WOODEN TREE CHRISTMAS SCANDINAVIAN,2,23.10.2011 14:47,"0,29",15427.0,United Kingdom
569261,PLASTERS IN TIN STRONGMAN,2,03.10.2011 11:34,"1,65",17321.0,United Kingdom
564552,SET OF 6 HERB TINS SKETCHBOOK,4,25.08.2011 17:22,"3,95",16670.0,United Kingdom
568701,BAKING SET 9 PIECE RETROSPOT,3,28.09.2011 15:07,"4,95",13924.0,United Kingdom
578289,SMALL HEART MEASURING SPOONS,1,23.11.2011 14:07,"0,85",17841.0,United Kingdom
579777,IVORY WICKER HEART MEDIUM,2,30.11.2011 15:13,"2,46",,United Kingdom
538071,HAND OVER THE CHOCOLATE   SIGN,1,09.12.2010 14:09,"4,21",,United Kingdom
547704,rcvd be air temp fix for dotcom sit,100,24.03.2011 17:51,0,,United Kingdom
574076,PACK OF 6 SWEETIE GIFT BOXES,1,02.11.2011 15:38,"4,96",,United Kingdom
578344,CARD PARTY GAMES,5,24.11.2011 09:21,"0,42",,United Kingdom
549524,VINTAGE SNAP CARDS,1,08.04.2011 15:42,"1,63",,United Kingdom
564061,LOVE BUILDING BLOCK WORD,2,22.08.2011 14:38,"5,95",14505.0,United Kingdom
577121,LUNCH BOX WITH CUTLERY RETROSPOT,6,17.11.2011 18:29,"2,55",12681.0,France
572746,LOVE HOT WATER BOTTLE,1,25.10.2011 16:30,"5,95",13263.0,United Kingdom
559055,BLUE VICTORIAN FABRIC OVAL BOX,1,05.07.2011 17:09,"0,83",,United Kingdom
578065,GIN & TONIC DIET GREETING CARD,2,22.11.2011 15:41,"0,83",,United Kingdom
577716,60 CAKE CASES VINTAGE CHRISTMAS,24,21.11.2011 12:18,"0,55",15857.0,United Kingdom
564322,WOODEN FRAME ANTIQUE WHITE,96,24.08.2011 13:23,"2,55",13694.0,United Kingdom
571441,DOORMAT WELCOME SUNRISE,1,17.10.2011 13:31,"15,79",14096.0,United Kingdom
570856,LETTER HOLDER HOME SWEET HOME,4,12.10.2011 15:01,"3,75",13464.0,United Kingdom
574700,GIANT 50'S CHRISTMAS CRACKER,2,06.11.2011 13:53,"2,89",16033.0,United Kingdom
541827,CHARLIE+LOLA MY ROOM DOOR SIGN,3,21.01.2011 17:05,"0,83",,United Kingdom
562680,"BIRTHDAY CARD, RETRO SPOT",12,08.08.2011 13:46,"0,42",17954.0,United Kingdom
542128,SPACEBOY LUNCH BOX,12,25.01.2011 15:13,"1,95",12609.0,Germany
538071,RED  HARMONICA IN BOX,2,09.12.2010 14:09,"2,51",,United Kingdom
565150,REGENCY TEAPOT ROSES,12,01.09.2011 14:26,"8,15",14298.0,United Kingdom
543554,PICTURE FRAME WOOD TRIPLE PORTRAIT,4,10.02.2011 10:17,"6,75",14733.0,United Kingdom
537894,ROUND SNACK BOXES SET OF4 WOODLAND,30,09.12.2010 10:16,"2,95",12621.0,Germany
536632,JAM MAKING SET PRINTED,12,02.12.2010 11:02,"1,45",14388.0,United Kingdom
539595,SET/3 ROSE CANDLE IN JEWELLED BOX,1,20.12.2010 13:43,"8,47",,United Kingdom
544906,PACK OF 6 SANDCASTLE FLAGS ASSORTED,24,24.02.2011 14:13,"0,85",17017.0,United Kingdom
553477,DOORMAT UNION FLAG,2,17.05.2011 11:46,"7,95",14239.0,United Kingdom
550710,LAUNDRY 15C METAL SIGN,96,20.04.2011 11:05,"1,7",17450.0,United Kingdom
571030,REGENCY CAKESTAND 3 TIER,6,13.10.2011 12:26,"12,75",12876.0,Belgium
565199,PARTY BUNTING,8,01.09.2011 16:30,"4,95",18171.0,United Kingdom
580369,VINTAGE ZINC PLANTER,2,02.12.2011 16:44,"3,29",,United Kingdom
550493,PINK  HEART SHAPE LOVE BUCKET,1,18.04.2011 14:50,"2,95",15311.0,United Kingdom
559337,FILIGREE HEART DAISY WHITE,1,07.07.2011 16:27,"2,46",,United Kingdom
580730,GARAGE KEY FOB,2,05.12.2011 17:28,"1,63",,United Kingdom
577074,GIN + TONIC DIET METAL SIGN,12,17.11.2011 15:04,"2,55",15399.0,United Kingdom
566270,FELTCRAFT CHRISTMAS FAIRY,4,11.09.2011 13:40,"4,25",16523.0,United Kingdom
573320,DOORMAT VINTAGE LEAF,10,30.10.2011 10:29,"7,08",15513.0,United Kingdom
537298,CARDHOLDER HOLLY WREATH METAL,4,06.12.2010 11:37,"3,75",13497.0,United Kingdom
565836,FAMILY PHOTO FRAME CORNICE,16,07.09.2011 11:41,"8,5",17511.0,United Kingdom
562264,PINK OWL SOFT TOY,1,03.08.2011 16:14,"5,79",,United Kingdom
579516,DOORMAT WELCOME TO OUR HOME,1,29.11.2011 17:52,"8,25",17841.0,United Kingdom
557644,PARTY BUNTING,8,21.06.2011 17:06,"4,95",,United Kingdom
548617,NATURAL SLATE RECTANGLE CHALKBOARD,12,01.04.2011 11:50,"1,65",16592.0,United Kingdom
556905,LUNCH BAG  BLACK SKULL.,1,15.06.2011 13:05,"1,65",16904.0,United Kingdom
562046,OFFICE MUG WARMER CHOC+BLUE,6,02.08.2011 10:34,"2,95",12378.0,Switzerland
543164,FOUR HOOK  WHITE LOVEBIRDS,4,03.02.2011 19:32,"2,1",13208.0,United Kingdom
563749,JUMBO BAG OWLS,10,19.08.2011 10:10,"2,08",12360.0,Austria
536592,SANDWICH BATH SPONGE,1,01.12.2010 17:06,"2,51",,United Kingdom
541139,BOTTLE BAG RETROSPOT,5,14.01.2011 11:05,"2,1",15213.0,United Kingdom
556296,10 COLOUR SPACEBOY PEN,48,10.06.2011 09:44,"0,85",15114.0,United Kingdom
554103,TRAVEL CARD WALLET SUKI,5,22.05.2011 13:51,"0,42",15555.0,United Kingdom
543492,SET 2 PANTRY DESIGN TEA TOWELS,6,09.02.2011 10:41,"3,25",12720.0,Germany
537313,GREEN REGENCY TEACUP AND SAUCER,6,06.12.2010 11:42,"2,95",15304.0,United Kingdom
575989,BLUE/CREAM STRIPE CUSHION COVER,2,13.11.2011 14:20,"1,25",14698.0,United Kingdom
578065,VINTAGE HEADS AND TAILS CARD GAME,2,22.11.2011 15:41,"2,46",,United Kingdom
566297,FOUR HOOK  WHITE LOVEBIRDS,2,11.09.2011 15:50,"2,1",16794.0,United Kingdom
566249,CHRISTMAS CRAFT LITTLE FRIENDS,2,11.09.2011 12:09,"2,1",13527.0,United Kingdom
575875,HEART CALCULATOR,2,11.11.2011 13:06,"2,46",,United Kingdom
564962,HEART DECORATION RUSTIC HANGING,2,31.08.2011 14:35,"0,19",17777.0,United Kingdom
542898,SET OF 4 FAIRY CAKE PLACEMATS,1,01.02.2011 14:01,"3,75",16110.0,United Kingdom
571240,ALARM CLOCK BAKELIKE PINK,4,14.10.2011 14:55,"3,75",12562.0,France
567721,SET/5 RED RETROSPOT LID GLASS BOWLS,32,22.09.2011 10:38,"2,55",12409.0,Switzerland
570187,SKULL SHOULDER BAG,3,07.10.2011 15:09,"1,63",,United Kingdom
574550,SET OF 6 RIBBONS VINTAGE CHRISTMAS,10,04.11.2011 15:18,"2,89",12484.0,Spain
554638,LUNCH BAG DOILEY PATTERN,4,25.05.2011 11:59,"1,65",14810.0,United Kingdom
549298,VINTAGE UNION JACK CUSHION COVER,4,08.04.2011 08:20,"4,95",13015.0,United Kingdom
549193,LUNCH BAG SPACEBOY DESIGN,10,07.04.2011 10:24,"1,65",12580.0,Germany
551824,I CAN ONLY PLEASE ONE PERSON MUG,12,04.05.2011 12:32,"1,25",15128.0,United Kingdom
573274,ALARM CLOCK BAKELIKE ORANGE,1,28.10.2011 13:10,"8,29",,United Kingdom
540992,SILVER HANGING T-LIGHT HOLDER,6,12.01.2011 16:57,"1,65",17364.0,United Kingdom
555845,METAL SIGN EMPIRE TEA,2,07.06.2011 13:19,"2,95",17015.0,United Kingdom
562688,SWEETHEART CAKESTAND 3 TIER,1,08.08.2011 13:53,"9,95",13869.0,United Kingdom
579101,GIANT 50'S CHRISTMAS CRACKER,4,28.11.2011 11:27,"2,89",16364.0,United Kingdom
566424,ROLL WRAP 50'S RED CHRISTMAS,12,12.09.2011 14:15,"1,25",13309.0,United Kingdom
538664,HANGING GLASS ETCHED TEALIGHT,36,13.12.2010 15:46,"1,45",14733.0,United Kingdom
574240,PACK 3 BOXES CHRISTMAS PANNETONE,4,03.11.2011 12:45,"1,95",15998.0,United Kingdom
555604,TRADITIONAL WOODEN CATCH CUP GAME,12,06.06.2011 11:37,"1,25",16612.0,United Kingdom
555501,REGENCY TEAPOT ROSES,2,03.06.2011 15:37,"9,95",15508.0,United Kingdom
545004,GINGHAM ROSE WRAP,25,25.02.2011 12:48,"0,42",13753.0,United Kingdom
553063,CHILDS GARDEN TROWEL BLUE,12,13.05.2011 11:38,"0,85",13018.0,United Kingdom
576303,ENGLISH ROSE HOT WATER BOTTLE,1,14.11.2011 14:51,"4,25",15532.0,United Kingdom
555275,CUPCAKE LACE PAPER SET 6,1,01.06.2011 17:18,"4,13",,United Kingdom
547362,ANT WHITE WIRE HEART SPIRAL,30,22.03.2011 12:33,"3,39",13694.0,United Kingdom
548711,72 SWEETHEART FAIRY CAKE CASES,1,03.04.2011 14:24,"0,55",18116.0,United Kingdom
545288,SET/10 RED POLKADOT PARTY CANDLES,4,01.03.2011 11:48,"1,25",15311.0,United Kingdom
546891,EASTER CRAFT 4 CHICKS,1,17.03.2011 18:18,"4,13",,United Kingdom
553017,RED RETROSPOT UMBRELLA,1,12.05.2011 19:01,"5,95",12757.0,Portugal
543448,APPLE BATH SPONGE,1,08.02.2011 12:12,"2,46",,United Kingdom
568944,RIBBON REEL SNOWY VILLAGE,10,29.09.2011 14:50,"1,65",16589.0,United Kingdom
567979,GREEN DRAWER KNOB ACRYLIC EDWARDIAN,12,23.09.2011 10:44,"1,25",14215.0,United Kingdom
573343,HAND WARMER OWL DESIGN,2,30.10.2011 11:59,"2,1",13566.0,United Kingdom
544204,SET/6 PURPLE BUTTERFLY T-LIGHTS,1,17.02.2011 10:30,"4,13",,United Kingdom
574714,CARD MOTORBIKE SANTA,12,06.11.2011 14:29,"0,42",15427.0,United Kingdom
555872,CAMPHOR WOOD PORTOBELLO MUSHROOM,6,07.06.2011 15:04,"1,25",13395.0,United Kingdom
579531,CLASSIC CHROME BICYCLE BELL,24,30.11.2011 09:18,"1,45",17017.0,United Kingdom
580500,ROMANTIC PINKS RIBBONS,10,04.12.2011 12:52,"1,25",17131.0,United Kingdom
566220,3 TRADITIONAl BISCUIT CUTTERS  SET,24,09.09.2011 15:53,"2,1",15251.0,United Kingdom
551414,WORLD WAR 2 GLIDERS ASSTD DESIGNS,48,28.04.2011 13:35,"0,29",15622.0,United Kingdom
558524,SET/3 RED GINGHAM ROSE STORAGE BOX,24,30.06.2011 10:52,"3,39",13113.0,United Kingdom
574258,HAND WARMER SCOTTY DOG DESIGN,1,03.11.2011 13:50,"2,1",16891.0,United Kingdom
576645,BISCUIT TIN 50'S CHRISTMAS,6,16.11.2011 10:14,"2,89",16245.0,United Kingdom
567189,WRAP RED VINTAGE DOILY,25,19.09.2011 09:10,"0,42",17069.0,United Kingdom
568882,HEART CALCULATOR,12,29.09.2011 12:39,"1,25",12839.0,United Kingdom
538888,STRAWBERRY SHOPPER BAG,3,14.12.2010 16:23,"1,25",17912.0,United Kingdom
567530,DOLLY GIRL BABY GIFT SET,1,21.09.2011 09:33,"16,95",12390.0,Belgium
576076,JAZZ HEARTS PURSE NOTEBOOK,6,13.11.2011 16:18,"0,39",14382.0,United Kingdom
561820,TEA TIME PARTY BUNTING,1,29.07.2011 16:00,"10,79",,United Kingdom
563720,BLUE GEISHA GIRL,1,18.08.2011 16:24,"3,75",15867.0,United Kingdom
581217,LADIES & GENTLEMEN METAL SIGN,1,08.12.2011 09:20,"4,96",,United Kingdom
544282,TOXIC AREA  DOOR HANGER,12,17.02.2011 12:24,"1,45",17865.0,United Kingdom
565116,60 CAKE CASES VINTAGE CHRISTMAS,48,01.09.2011 11:30,"0,55",13089.0,United Kingdom
557494,JUMBO BAG WOODLAND ANIMALS,5,20.06.2011 15:19,"4,13",,United Kingdom
549439,JUMBO BAG PINK POLKADOT,10,08.04.2011 12:42,"2,08",13562.0,United Kingdom
581492,CARD BILLBOARD FONT,1,09.12.2011 10:03,"0,83",,United Kingdom
576600,GREY HEART HOT WATER BOTTLE,2,15.11.2011 15:08,"4,25",18181.0,United Kingdom
548212,WHITE SPOT RED CERAMIC DRAWER KNOB,12,30.03.2011 09:12,"1,25",12456.0,Switzerland
579508,TRAVEL CARD WALLET UNION JACK,1,29.11.2011 16:33,"0,83",,United Kingdom
547416,CLASSICAL ROSE SMALL VASE,6,23.03.2011 10:15,"2,55",15410.0,United Kingdom
561369,RETRO PLASTIC POLKA TRAY,1,26.07.2011 16:22,"0,83",,United Kingdom
548388,HAND OVER THE CHOCOLATE   SIGN,3,30.03.2011 16:52,"2,1",13268.0,United Kingdom
546784,60 TEATIME FAIRY CAKE CASES,24,17.03.2011 09:49,"0,55",18189.0,United Kingdom
542584,LUNCH BOX I LOVE LONDON,3,28.01.2011 15:21,"1,95",18016.0,United Kingdom
579190,GIANT 50'S CHRISTMAS CRACKER,12,28.11.2011 15:35,"2,89",12657.0,France
537823,RETROSPOT CANDLE  LARGE,1,08.12.2010 14:25,"5,06",,United Kingdom
536876,RECYCLED PENCIL WITH RABBIT ERASER,1,03.12.2010 11:36,"0,43",,United Kingdom
553044,LUNCH BAG APPLE DESIGN,10,13.05.2011 09:24,"1,65",12682.0,France
568104,ENAMEL WASH BOWL CREAM,1,23.09.2011 15:50,"3,75",16485.0,United Kingdom
536592,PICNIC BASKET WICKER LARGE,2,01.12.2010 17:06,"21,23",,United Kingdom
558196,LE GRAND TRAY CHIC SET,1,27.06.2011 12:38,"12,5",16033.0,United Kingdom
550199,LUNCH BAG SUKI DESIGN,10,15.04.2011 10:20,"1,65",16523.0,United Kingdom
573576,SET OF 6 T-LIGHTS SNOWMEN,8,31.10.2011 14:09,"5,79",14096.0,United Kingdom
562841,FELTCRAFT DOLL MOLLY,6,09.08.2011 16:42,"2,95",17675.0,United Kingdom
581182,KNEELING MAT HOUSEWORK  DESIGN,24,07.12.2011 15:56,"0,79",12783.0,Portugal
565841,REVOLVER WOODEN RULER,1,07.09.2011 12:04,"4,13",,United Kingdom
537434,FAIRY SOAP SOAP HOLDER,2,06.12.2010 16:57,"3,36",,United Kingdom
536384,HEART OF WICKER SMALL,40,01.12.2010 09:53,"1,45",18074.0,United Kingdom
567092,PAPER CHAIN KIT VINTAGE CHRISTMAS,18,16.09.2011 12:48,"2,95",13196.0,United Kingdom
576339,BEADED CRYSTAL HEART PINK SMALL,1,14.11.2011 15:27,"2,46",14096.0,United Kingdom
544776,LUNCH BAG PINK POLKADOT,1,23.02.2011 11:39,"4,96",,United Kingdom
560305,ROUND CONTAINER SET OF 5 RETROSPOT,2,18.07.2011 10:49,"1,65",16511.0,United Kingdom
549431,PACK OF 12 PINK POLKADOT TISSUES,12,08.04.2011 12:17,"0,29",15874.0,United Kingdom
547841,HANGING WOOD AND FELT BUTTERFLY,5,27.03.2011 11:02,"0,42",16923.0,United Kingdom
537377,CAMOUFLAGE LED TORCH,24,06.12.2010 13:01,"1,69",15882.0,United Kingdom
562717,LUNCH BAG  BLACK SKULL.,1,08.08.2011 15:42,"4,13",,United Kingdom
537154,AIRLINE BAG VINTAGE JET SET WHITE,2,05.12.2010 13:05,"4,25",15808.0,United Kingdom
569221,SKULLS  DESIGN  COTTON TOTE BAG,12,02.10.2011 13:44,"2,25",14970.0,United Kingdom
581439,CREAM HANGING HEART T-LIGHT HOLDER,1,08.12.2011 16:30,"5,79",,United Kingdom
574619,STRAWBERRY SHOPPER BAG,3,06.11.2011 11:18,"1,25",15952.0,United Kingdom
574074,SET OF 3 REGENCY CAKE TINS,2,02.11.2011 15:33,"10,79",,United Kingdom
562433,PACK OF 60 PINK PAISLEY CAKE CASES,24,04.08.2011 17:40,"0,55",17677.0,United Kingdom
564315,CHILDRENS CUTLERY RETROSPOT RED,1,24.08.2011 13:07,"4,15",14730.0,United Kingdom
578789,ZINC SWEETHEART WIRE LETTER RACK,4,25.11.2011 12:17,"3,75",16161.0,United Kingdom
538809,REX CASH+CARRY JUMBO SHOPPER,3,14.12.2010 12:17,"0,95",15514.0,United Kingdom
557888,SET/20 RED RETROSPOT PAPER NAPKINS,1,23.06.2011 13:51,"0,85",14656.0,United Kingdom
575748,STRAWBERRY CHARLOTTE BAG,40,11.11.2011 10:21,"2,46",,United Kingdom
563359,,20,15.08.2011 14:56,0,,United Kingdom
567821,LUNCH BAG PINK POLKADOT,5,22.09.2011 12:45,"1,65",14659.0,United Kingdom
555739,TOY TIDY PINK POLKADOT,5,07.06.2011 09:49,"2,1",12380.0,Belgium
571508,ANTIQUE SILVER TEA GLASS ENGRAVED,3,17.10.2011 15:27,"2,46",,United Kingdom
559809,STRIPEY CHOCOLATE NESTING BOXES,2,12.07.2011 14:57,"2,95",16409.0,United Kingdom
567385,SET OF 6 SPICE TINS PANTRY DESIGN,48,20.09.2011 10:27,"3,45",14866.0,United Kingdom
581223,MAKE YOUR OWN FLOWERPOWER CARD KIT,12,08.12.2011 09:46,"0,79",15237.0,United Kingdom
565990,RED RETROSPOT CHARLOTTE BAG,20,08.09.2011 11:44,"0,85",13577.0,United Kingdom
556080,BOTTLE BAG RETROSPOT,2,08.06.2011 15:21,"4,13",,United Kingdom
557875,POPCORN HOLDER,24,23.06.2011 13:09,"0,85",13300.0,United Kingdom
539317,BLUE SCANDINAVIAN PAISLEY WRAP,25,16.12.2010 19:04,"0,42",17392.0,United Kingdom
580073,DOORMAT KEEP CALM AND COME IN,3,01.12.2011 14:03,"8,25",16813.0,United Kingdom
574082,BLUE CHARLIE+LOLA PERSONAL DOORSIGN,4,02.11.2011 16:37,"0,39",16205.0,United Kingdom
550773,BLUE SPOT CERAMIC DRAWER KNOB,12,20.04.2011 13:15,"1,25",17567.0,United Kingdom
548191,MULTICOLOUR HONEYCOMB FAN,1,29.03.2011 15:20,"3,29",,United Kingdom
548367,JUMBO BAG STRAWBERRY,100,30.03.2011 15:51,"1,65",17677.0,United Kingdom
554483,COLOUR GLASS. STAR T-LIGHT HOLDER,24,24.05.2011 12:57,"2,75",13771.0,United Kingdom
545686,VICTORIAN GLASS HANGING T-LIGHT,12,06.03.2011 12:09,"1,25",18211.0,United Kingdom
580290,SET 12 KIDS COLOUR  CHALK STICKS,1,02.12.2011 13:35,"0,42",17221.0,United Kingdom
576617,ICE CREAM DESIGN GARDEN PARASOL,1,15.11.2011 16:57,"10,79",,United Kingdom
568103,SPACEBOY CHILDRENS BOWL,16,23.09.2011 15:45,"1,25",12518.0,Germany
547380,JUMBO  BAG BAROQUE BLACK WHITE,3,22.03.2011 15:20,"1,95",16809.0,United Kingdom
556120,JAZZ HEARTS PURSE NOTEBOOK,24,09.06.2011 10:06,"0,39",16722.0,United Kingdom
569555,CHILDRENS APRON SPACEBOY DESIGN,8,05.10.2011 08:17,"1,95",17728.0,United Kingdom
578818,SET OF 20 VINTAGE CHRISTMAS NAPKINS,1,25.11.2011 13:47,"0,85",17920.0,United Kingdom
548213,WRAP ALPHABET DESIGN,25,30.03.2011 09:15,"0,42",15521.0,United Kingdom
579196,TROPICAL PASSPORT COVER,1,28.11.2011 15:54,"4,13",14096.0,United Kingdom
560360,CHILDRENS CUTLERY DOLLY GIRL,4,18.07.2011 11:55,"4,15",12744.0,Singapore
561690,BEADED CRYSTAL HEART PINK LARGE,24,29.07.2011 09:11,"0,79",13875.0,United Kingdom
552826,TV DINNER TRAY AIR HOSTESS,2,11.05.2011 13:20,"4,95",14277.0,France
568583,JUMBO  BAG BAROQUE BLACK WHITE,3,28.09.2011 10:09,"2,08",15584.0,United Kingdom
552232,PACK OF 72 RETROSPOT CAKE CASES,1,06.05.2011 15:54,"1,25",,United Kingdom
575932,PINK REGENCY TEACUP AND SAUCER,5,13.11.2011 10:35,"2,95",16923.0,United Kingdom
549047,SET OF 3 CAKE TINS PANTRY DESIGN,1,06.04.2011 10:07,"4,95",17783.0,United Kingdom
567211,FRENCH STYLE STORAGE JAR CAFE,6,19.09.2011 11:02,"0,29",14159.0,United Kingdom
568050,GLASS JAR DAISY FRESH COTTON WOOL,1,23.09.2011 12:38,"2,95",15901.0,United Kingdom
556932,VINTAGE HEADS AND TAILS CARD GAME,3,15.06.2011 15:41,"2,46",,United Kingdom
563753,SET/10 RED POLKADOT PARTY CANDLES,24,19.08.2011 10:51,"1,25",12513.0,France
571062,WHITE HANGING HEART T-LIGHT HOLDER,5,13.10.2011 14:37,"2,95",16773.0,United Kingdom
556812,FILIGRIS HEART WITH BUTTERFLY,1,14.06.2011 17:25,"2,46",,United Kingdom
554325,STRAWBERRY LUNCH BOX WITH CUTLERY,12,23.05.2011 15:38,"2,55",12621.0,Germany
566851,WHITE HEART CONFETTI IN TUBE,1,15.09.2011 12:16,"1,65",15573.0,United Kingdom
539436,METAL 4 HOOK HANGER FRENCH CHATEAU,2,17.12.2010 14:49,"5,91",,United Kingdom
564139,PLASTERS IN TIN WOODLAND ANIMALS,3,23.08.2011 11:41,"1,65",16904.0,United Kingdom
537240,HANGING METAL STAR LANTERN,1,06.12.2010 10:08,"3,36",,United Kingdom
565765,RED GINGHAM ROSE JEWELLERY BOX,8,06.09.2011 14:19,"1,95",12526.0,Germany
556579,DROP DIAMANTE EARRINGS BLACK DIAMON,6,13.06.2011 14:16,"2,95",15069.0,United Kingdom
546884,CARD DOG AND BALL,2,17.03.2011 18:08,"0,83",,United Kingdom
569248,HEART T-LIGHT HOLDER WILLIE WINKIE,12,03.10.2011 10:09,"1,65",12886.0,United Kingdom
572544,SET OF 4 SANTA PLACE SETTINGS,4,24.10.2011 16:34,"1,25",16023.0,United Kingdom
536736,PLASTERS IN TIN STRONGMAN,144,02.12.2010 12:59,"1,65",17381.0,United Kingdom
556415,PICTURE DOMINOES,24,10.06.2011 12:19,"1,45",12409.0,Switzerland
580396,DRAWER KNOB CERAMIC IVORY,12,04.12.2011 11:00,"1,45",13838.0,United Kingdom
577078,ROUND SNACK BOXES SET OF4 WOODLAND,4,17.11.2011 15:17,"5,79",,United Kingdom
552681,JUMBO  BAG BAROQUE BLACK WHITE,5,10.05.2011 15:08,"4,13",,United Kingdom
541867,LUNCH BAG PINK POLKADOT,100,24.01.2011 09:28,"1,45",14744.0,United Kingdom
575854,TRADITIONAL NAUGHTS & CROSSES,12,11.11.2011 12:20,"1,65",14125.0,United Kingdom
539102,PLEASE ONE PERSON METAL SIGN,144,16.12.2010 10:37,"1,53",16029.0,United Kingdom
541424,DOTCOM POSTAGE,1,17.01.2011 17:57,"301,84",,United Kingdom
550524,PAPER BUNTING RETROSPOT,40,19.04.2011 10:08,"2,55",16422.0,United Kingdom
547666,HANGING HEART JAR T-LIGHT HOLDER,24,24.03.2011 13:23,"1,25",14235.0,United Kingdom
568909,SET 3 PAPER VINTAGE CHICK PAPER EGG,6,29.09.2011 13:38,"2,95",16818.0,United Kingdom
573841,VINTAGE CHRISTMAS BUNTING,1,01.11.2011 11:39,"4,95",14995.0,United Kingdom
554159,BREAD BIN DINER STYLE RED,3,23.05.2011 11:48,"16,95",12464.0,Belgium
575739,IVORY WICKER HEART SMALL,8,11.11.2011 09:05,"1,25",,United Kingdom
540821,RECYCLING BAG RETROSPOT,1,11.01.2011 13:16,"4,21",,United Kingdom
577816,3 TRADITIONAl BISCUIT CUTTERS  SET,12,22.11.2011 09:17,"2,1",18139.0,United Kingdom
563584,IVORY KITCHEN SCALES,2,17.08.2011 16:48,"8,5",15122.0,United Kingdom
543812,6 RIBBONS RUSTIC CHARM,1,13.02.2011 14:40,"1,65",17472.0,United Kingdom
564755,FELTCRAFT HAIRBANDS PINK AND WHITE,2,30.08.2011 10:31,"1,63",,United Kingdom
554096,ENVELOPE 50 BLOSSOM IMAGES,24,22.05.2011 12:51,"0,42",14921.0,United Kingdom
574287,WOODEN HAPPY BIRTHDAY GARLAND,1,03.11.2011 15:09,"2,95",14723.0,United Kingdom
536520,SET/10 BLUE POLKADOT PARTY CANDLES,1,01.12.2010 12:43,"1,25",14729.0,United Kingdom
573276,RED TOADSTOOL LED NIGHT LIGHT,12,28.10.2011 13:14,"1,65",13985.0,United Kingdom
560368,PHOTO CLIP LINE,1,18.07.2011 12:25,"1,25",17841.0,United Kingdom
560094,CLASSIC METAL BIRDCAGE PLANT HOLDER,3,14.07.2011 17:13,"12,75",18109.0,United Kingdom
551560,REGENCY CAKE SLICE,36,03.05.2011 10:43,"4,15",16133.0,United Kingdom
565776,JUMBO BAG PINK POLKADOT,100,06.09.2011 14:38,"1,79",15311.0,United Kingdom
544798,MAKE YOUR OWN FLOWERPOWER CARD KIT,6,23.02.2011 13:44,"2,95",17063.0,United Kingdom
568146,JUMBO BAG 50'S CHRISTMAS,10,25.09.2011 11:33,"2,08",16169.0,United Kingdom
575336,CHILDRENS CUTLERY RETROSPOT RED,1,09.11.2011 13:58,"4,15",14968.0,United Kingdom
578949,RECIPE BOX RETROSPOT,1,27.11.2011 14:30,"2,95",14954.0,United Kingdom
579777,PINK BITTY LIGHT CHAIN,1,30.11.2011 15:13,"2,46",,United Kingdom
569533,METAL 4 HOOK HANGER FRENCH CHATEAU,1,04.10.2011 15:21,"3,29",16374.0,United Kingdom
555276,PARTY PIZZA DISH GREEN POLKADOT,1,01.06.2011 17:28,"1,63",,United Kingdom
552703,TRADITIONAL KNITTING NANCY,2,10.05.2011 16:00,"1,65",14462.0,United Kingdom
540539,HEART FILIGREE DOVE  SMALL,24,09.01.2011 14:42,"1,25",18260.0,United Kingdom
569900,JUMBO BAG VINTAGE LEAF,20,06.10.2011 16:17,"2,08",17651.0,United Kingdom
565320,PACK OF 72 RETROSPOT CAKE CASES,120,02.09.2011 13:10,"0,42",16745.0,United Kingdom
569825,IVORY KITCHEN SCALES,2,06.10.2011 12:23,"8,5",15805.0,United Kingdom
564727,HANGING HEART JAR T-LIGHT HOLDER,6,28.08.2011 12:31,"1,25",16686.0,United Kingdom
568716,VINTAGE BILLBOARD DRINK ME MUG,1,28.09.2011 16:13,"2,46",,United Kingdom
560271,PACK OF 12 SPACEBOY TISSUES,2,17.07.2011 14:51,"0,29",16474.0,United Kingdom
545996,HEARTS  STICKERS,1,08.03.2011 14:12,"0,85",14367.0,United Kingdom
554268,RECYCLING BAG RETROSPOT,1,23.05.2011 12:59,"2,1",15311.0,United Kingdom
567184,REGENCY SUGAR BOWL GREEN,2,18.09.2011 15:41,"4,15",16033.0,United Kingdom
538635,WOODEN HEART CHRISTMAS SCANDINAVIAN,5,13.12.2010 13:32,"0,85",17303.0,United Kingdom
559506,CANDY SPOT EGG WARMER HARE,2,08.07.2011 15:17,"0,83",,United Kingdom
578846,IVORY WICKER HEART LARGE,4,25.11.2011 17:27,"1,65",17757.0,United Kingdom
553393,ANTIQUE SILVER T-LIGHT GLASS,2,16.05.2011 16:46,"2,46",,United Kingdom
558567,POLYESTER FILLER PAD 45x45cm,36,30.06.2011 14:37,"1,55",14191.0,United Kingdom
567661,AIRLINE BAG VINTAGE JET SET WHITE,2,21.09.2011 15:06,"4,25",13959.0,United Kingdom
562417,"GREETING CARD, TWO SISTERS.",1,04.08.2011 16:32,"0,83",,United Kingdom
547328,,45,22.03.2011 11:37,0,,United Kingdom
568134,PINK REGENCY TEACUP AND SAUCER,2,23.09.2011 17:02,"5,79",,United Kingdom
569210,IVORY WICKER HEART LARGE,25,02.10.2011 11:41,"1,65",13681.0,United Kingdom
537464,FELTCRAFT 6 FLOWER FRIENDS,12,07.12.2010 10:14,"2,1",14907.0,United Kingdom
564843,OVERNIGHT BAG VINTAGE ROSE PAISLEY,1,30.08.2011 14:09,"4,95",15866.0,United Kingdom
536638,60 TEATIME FAIRY CAKE CASES,24,02.12.2010 11:41,"0,55",16244.0,United Kingdom
568510,ANTIQUE TALL SWIRLGLASS TRINKET POT,8,27.09.2011 12:26,"3,75",13555.0,United Kingdom
554106,LUNCH BOX WITH CUTLERY RETROSPOT,6,22.05.2011 14:05,"2,55",12710.0,Germany
581238,SWEETHEART RECIPE BOOK STAND,1,08.12.2011 10:53,"13,29",,United Kingdom
559418,CHILDREN'S CIRCUS PARADE MUG,12,08.07.2011 11:36,"1,65",12681.0,France
581492,ASSORTED COLOUR BIRD ORNAMENT,16,09.12.2011 10:03,"3,12",,United Kingdom
543808,PINK HAPPY BIRTHDAY BUNTING,1,13.02.2011 13:22,"5,45",17454.0,United Kingdom
565325,PINK CREAM FELT CRAFT TRINKET BOX,24,02.09.2011 13:22,"1,25",16086.0,United Kingdom
554108,SET 6 PAPER TABLE LANTERN HEARTS,12,22.05.2011 14:29,"3,75",13668.0,United Kingdom
569823,SPOTTY BUNTING,2,06.10.2011 12:15,"4,95",16895.0,United Kingdom
544485,BAKING MOULD EASTER EGG WHITE CHOC,2,21.02.2011 11:35,"2,95",17757.0,United Kingdom
573501,FELTCRAFT DOLL ROSIE,1,31.10.2011 12:02,"2,95",18055.0,United Kingdom
573167,SET OF 3 WOODEN SLEIGH DECORATIONS,36,28.10.2011 09:29,"1,25",18287.0,United Kingdom
562038,JUMBO BAG 50'S CHRISTMAS,10,02.08.2011 09:35,"2,08",12633.0,Germany
544586,PACK OF 72 RETROSPOT CAKE CASES,1,21.02.2011 15:04,"0,55",17338.0,United Kingdom
569363,LUNCH BAG WOODLAND,10,03.10.2011 15:08,"1,65",13297.0,United Kingdom
571682,DRAWER KNOB CERAMIC IVORY,2,18.10.2011 14:00,"1,45",14179.0,United Kingdom
559038,HOT BATHS METAL SIGN,21,05.07.2011 15:31,"4,96",,United Kingdom
543040,VINTAGE GLASS TEA CADDY,1,02.02.2011 17:06,"5,95",17337.0,United Kingdom
538886,ROUND SNACK BOXES SET OF 4 SKULLS,6,14.12.2010 16:07,"2,95",13846.0,United Kingdom
571274,ENAMEL FLOWER JUG CREAM,3,16.10.2011 12:25,"5,95",16934.0,United Kingdom
542231,ALARM CLOCK BAKELIKE GREEN,2,26.01.2011 13:40,"3,75",16714.0,United Kingdom
539451,PLASTERS IN TIN STRONGMAN,1,17.12.2010 16:59,"3,36",,United Kingdom
544766,WOODEN PICTURE FRAME WHITE FINISH,1,23.02.2011 11:09,"4,96",,United Kingdom
541115,CHILDS GARDEN BRUSH BLUE,6,13.01.2011 15:34,"2,1",12578.0,Italy
578996,ROUND PURPLE CLOCK WITH SUCKER,4,27.11.2011 16:02,"0,19",13991.0,United Kingdom
578344,PAPER CHAIN KIT 50'S CHRISTMAS,12,24.11.2011 09:21,"5,79",,United Kingdom
567384,TOILET METAL SIGN,48,20.09.2011 10:23,"0,73",17450.0,United Kingdom
564049,SWEETHEART CERAMIC TRINKET BOX,4,22.08.2011 13:30,"1,25",17585.0,United Kingdom
551717,BRIGHT BLUES RIBBONS,1,03.05.2011 15:59,"1,25",13263.0,United Kingdom
578063,BAKING SET 9 PIECE RETROSPOT,6,22.11.2011 15:36,"4,95",16929.0,United Kingdom
542100,PINK HANGING GINGHAM EASTER HEN,10,25.01.2011 13:15,"0,42",15339.0,United Kingdom
558540,STRAWBERRY FAIRY CAKE TEAPOT,8,30.06.2011 12:15,"4,95",17706.0,United Kingdom
576665,POPCORN HOLDER,25,16.11.2011 11:46,"0,85",17841.0,United Kingdom
573323,VINTAGE LEAF MAGNETIC NOTEPAD,3,30.10.2011 10:54,"1,45",15708.0,United Kingdom
552231,SOMBRERO,3,06.05.2011 15:47,"1,95",17364.0,United Kingdom
544095,GREEN REGENCY TEACUP AND SAUCER,12,16.02.2011 09:25,"2,95",16509.0,United Kingdom
544450,CHILDS GARDEN FORK BLUE,10,20.02.2011 12:23,"0,85",17811.0,United Kingdom
542906,SANDWICH BATH SPONGE,1,01.02.2011 15:12,"2,46",,United Kingdom
572461,WHITE TRAVEL ALARM CLOCK,1,24.10.2011 12:56,"2,55",17344.0,United Kingdom
579132,SET OF 4 ROSE BOTANICAL CANDLES,4,28.11.2011 12:35,"1,25",15022.0,United Kingdom
552234,EMERGENCY FIRST AID TIN,1,06.05.2011 16:01,"2,46",,United Kingdom
548191,SET/10 PINK POLKADOT PARTY CANDLES,1,29.03.2011 15:20,"2,46",,United Kingdom
538881,GRAND CHOCOLATECANDLE,3,14.12.2010 15:54,"2,82",,United Kingdom
565513,MIRRORED WALL ART SNOWFLAKES,12,05.09.2011 11:51,"0,75",14401.0,United Kingdom
569374,GINGHAM HEART DECORATION,3,03.10.2011 16:14,"1,63",,United Kingdom
580672,SPACEBOY TV DINNER TRAY,1,05.12.2011 14:29,"1,95",17920.0,United Kingdom
567183,JUMBO BAG OWLS,4,18.09.2011 15:32,"2,08",14769.0,United Kingdom
566049,BOX OF 6 MINI VINTAGE CRACKERS,6,08.09.2011 14:28,"2,49",15730.0,United Kingdom
577160,CHRISTMAS TABLE SILVER CANDLE SPIKE,16,18.11.2011 10:05,"0,83",16134.0,United Kingdom
575875,BUTTON BOX,17,11.11.2011 13:06,"1,63",,United Kingdom
540832,SKULLS STORAGE BOX SMALL,1,11.01.2011 14:42,"4,96",,United Kingdom
577020,CHERRY BLOSSOM  DECORATIVE FLASK,4,17.11.2011 12:32,"3,75",17147.0,United Kingdom
579512,GOLD MUG BONE CHINA TREE OF LIFE,1,29.11.2011 16:47,"8,29",,United Kingdom
536531,BLACK DINER WALL CLOCK,2,01.12.2010 13:23,"8,5",15485.0,United Kingdom
554526,ROUND SNACK BOXES SET OF 4 FRUITS,3,24.05.2011 17:24,"2,95",,United Kingdom
537594,IVORY KITCHEN SCALES,2,07.12.2010 12:28,"8,5",12647.0,Germany
567111,JUMBO BAG VINTAGE CHRISTMAS,10,16.09.2011 13:37,"2,08",17663.0,United Kingdom
558475,SKULL SHOULDER BAG,43,29.06.2011 15:58,"1,63",,United Kingdom
545838,LUNCH BAG CARS BLUE,1,07.03.2011 13:33,"1,65",14606.0,United Kingdom
574672,FELTCRAFT PRINCESS OLIVIA DOLL,1,06.11.2011 12:25,"3,75",13532.0,United Kingdom
571185,SWEET HEART CAKE CARRIER,2,14.10.2011 11:15,"9,95",13047.0,United Kingdom
546306,CHOCOLATE HOT WATER BOTTLE,1,10.03.2011 16:16,"10,79",,United Kingdom
556531,HANGING HEART JAR T-LIGHT HOLDER,24,13.06.2011 11:49,"1,25",15491.0,United Kingdom
559535,MINI CAKE STAND WITH HANGING CAKES,1,10.07.2011 12:16,"1,45",17841.0,United Kingdom
539436,COCKLE SHELL DISH,2,17.12.2010 14:49,"4,21",,United Kingdom
538566,ASSORTED TUTTI FRUTTI SMALL PURSE,3,13.12.2010 11:21,"2,51",,United Kingdom
537163,RIBBON REEL SNOWY VILLAGE,10,05.12.2010 13:21,"1,65",17863.0,United Kingdom
557853,SMALL GLASS HEART TRINKET POT,48,23.06.2011 11:01,"1,85",16258.0,United Kingdom
571286,REGENCY CAKESTAND 3 TIER,1,16.10.2011 14:35,"12,75",14547.0,United Kingdom
537418,FELTCRAFT CUSHION RABBIT,1,06.12.2010 15:13,"3,75",17884.0,United Kingdom
570517,SET 12 COLOUR PENCILS SPACEBOY,16,11.10.2011 10:41,"0,65",13971.0,United Kingdom
572312,RETROSPOT HEART HOT WATER BOTTLE,1,23.10.2011 15:47,"4,95",15022.0,United Kingdom
558237,SET OF 4 KNICK KNACK TINS DOILEY,6,27.06.2011 15:04,"4,15",12867.0,United Kingdom
546306,PICNIC BASKET WICKER SMALL,30,10.03.2011 16:16,"8,95",,United Kingdom
543474,FAWN BLUE HOT WATER BOTTLE,2,08.02.2011 15:09,"2,95",14415.0,United Kingdom
537645,SET/4 RED MINI ROSE CANDLE IN BOWL,1,07.12.2010 15:34,"3,36",,United Kingdom
543533,EDWARDIAN PARASOL BLACK,1,09.02.2011 13:00,"12,46",,United Kingdom
546117,CERAMIC HEART FAIRY CAKE MONEY BANK,4,09.03.2011 13:56,"1,45",16771.0,United Kingdom
580054,MEMO BOARD COTTAGE DESIGN,1,01.12.2011 13:08,"4,95",18122.0,United Kingdom
575886,CERAMIC PLATE STRAWBERRY DESIGN,4,11.11.2011 13:57,"1,49",12517.0,Germany
575726,SET 12 COLOURING PENCILS DOILY,2,10.11.2011 19:12,"0,65",16791.0,United Kingdom
560504,18PC WOODEN CUTLERY SET DISPOSABLE,16,19.07.2011 11:47,"1,25",13081.0,United Kingdom
547248,MINI  ZINC GARDEN DECORATIONS,3,22.03.2011 09:23,"1,63",,United Kingdom
574088,DOORMAT KEEP CALM AND COME IN,2,03.11.2011 08:56,"8,25",18044.0,United Kingdom
558877,PINK CREAM FELT CRAFT TRINKET BOX,1,04.07.2011 13:50,"1,25",17841.0,United Kingdom
547498,HAPPY STENCIL CRAFT,1,23.03.2011 12:24,"1,25",15021.0,United Kingdom
565725,HANGING QUILTED PATCHWORK APPLES,12,06.09.2011 11:55,"0,83",13949.0,United Kingdom
559693,"FEATHER PEN,COAL BLACK",9,11.07.2011 16:21,"0,83",,United Kingdom
567542,DRAWER KNOB CRACKLE GLAZE PINK,6,21.09.2011 10:16,"1,65",16626.0,United Kingdom
578935,IVORY WICKER HEART MEDIUM,1,27.11.2011 12:52,"1,25",15351.0,United Kingdom
538883,TEA COSY RED  STRIPE,2,14.12.2010 15:56,"5,06",,United Kingdom
557274,BLUE STRIPE CERAMIC DRAWER KNOB,12,19.06.2011 11:44,"1,25",14004.0,United Kingdom
564995,RED ROCKING HORSE HAND PAINTED,3,31.08.2011 16:09,"1,25",16780.0,United Kingdom
571670,CHRISTMAS LIGHTS 10 SANTAS,4,18.10.2011 13:12,"8,5",12611.0,Italy
575723,JUMBO BAG APPLES,10,10.11.2011 18:33,"2,08",14748.0,United Kingdom
566266,BUNDLE OF 3 RETRO NOTE BOOKS,2,11.09.2011 13:22,"1,65",17299.0,United Kingdom
574273,STAR WREATH DECORATION WITH BELL,3,03.11.2011 14:33,"1,25",16322.0,United Kingdom
568188,RED RETROSPOT TISSUE BOX,2,25.09.2011 14:33,"0,39",16049.0,United Kingdom
571216,STRAWBERRY CERAMIC TRINKET BOX,1,14.10.2011 13:06,"1,25",16081.0,United Kingdom
554956,PLASTERS IN TIN WOODLAND ANIMALS,2,27.05.2011 15:17,"3,29",,United Kingdom
540364,SET/3 DECOUPAGE STACKING TINS,1,06.01.2011 16:03,"4,95",14505.0,United Kingdom
560557,VINTAGE BEAD NOTEBOOK,1,19.07.2011 13:05,"2,95",18101.0,United Kingdom
579098,LOVEBIRD HANGING DECORATION WHITE,1,28.11.2011 11:18,"0,85",14606.0,United Kingdom
578109,VINTAGE HEADS AND TAILS CARD GAME,12,23.11.2011 09:22,"1,25",14020.0,United Kingdom
573353,SET OF 6 SPICE TINS PANTRY DESIGN,1,30.10.2011 12:39,"3,95",16115.0,United Kingdom
543619,MAGIC DRAWING SLATE PURDEY,24,10.02.2011 14:51,"0,42",16842.0,United Kingdom
545468,FELTCRAFT BUTTERFLY HEARTS,12,03.03.2011 09:41,"1,45",16571.0,United Kingdom
566949,JUMBO BAG VINTAGE DOILY,2,15.09.2011 16:32,"4,13",,United Kingdom
578230,ROTATING SILVER ANGELS T-LIGHT HLDR,120,23.11.2011 11:58,"2,1",15189.0,United Kingdom
567462,PACK OF 72 RETROSPOT CAKE CASES,2,20.09.2011 12:35,"0,55",14446.0,United Kingdom
568137,SET 10 NIGHT OWL LIGHTS,6,25.09.2011 10:34,"6,75",12488.0,France
559693,OVAL WALL MIRROR DIAMANTE,1,11.07.2011 16:21,"8,29",,United Kingdom
568795,PACK OF 72 SKULL CAKE CASES,4,29.09.2011 10:19,"0,55",17870.0,United Kingdom
543355,RIBBON REEL HEARTS DESIGN,5,07.02.2011 13:50,"1,65",16033.0,United Kingdom
539593,ALARM CLOCK BAKELIKE CHOCOLATE,4,20.12.2010 13:31,"3,75",13319.0,United Kingdom
577609,RED RETROSPOT SUGAR JAM BOWL,6,21.11.2011 09:51,"2,55",12349.0,Italy
561094,CHILDRENS CUTLERY RETROSPOT RED,4,25.07.2011 10:04,"4,15",12474.0,Germany
540026,MR ROBOT SOFT TOY,1,04.01.2011 13:25,"14,43",,United Kingdom
558432,DAISY JOURNAL,6,29.06.2011 12:16,"2,55",17730.0,United Kingdom
561209,SMALL DOLLY MIX DESIGN ORANGE BOWL,3,25.07.2011 16:57,"0,83",,United Kingdom
556781,WHEELBARROW FOR CHILDREN,1,14.06.2011 12:47,"12,75",13384.0,United Kingdom
549944,VINTAGE SNAP CARDS,12,13.04.2011 12:23,"0,85",14262.0,United Kingdom
543280,JUMBO BAG RED RETROSPOT,10,06.02.2011 14:56,"1,95",14438.0,United Kingdom
575631,FRENCH STYLE STORAGE JAR CAFE,6,10.11.2011 13:41,"0,29",15184.0,United Kingdom
556257,IVORY PAPER CUP CAKE CASES,3,09.06.2011 17:47,"0,55",17576.0,United Kingdom
543826,ROUND SNACK BOXES SET OF 4 SKULLS,1,14.02.2011 09:41,"5,79",,United Kingdom
578211,BALLOON ART MAKE YOUR OWN FLOWERS,2,23.11.2011 11:47,"1,95",12748.0,United Kingdom
552493,4 IVORY DINNER CANDLES SILVER FLOCK,2,09.05.2011 16:21,"3,29",,United Kingdom
547134,3 TIER SWEETHEART GARDEN SHELF,1,21.03.2011 11:57,"35,95",15996.0,United Kingdom
549155,HEART BUTTONS JEWELLERY BOX,1,06.04.2011 17:08,"4,96",,United Kingdom
538638,MAGIC DRAWING SLATE SPACEBOY,1,13.12.2010 14:16,"0,42",17231.0,United Kingdom
558923,SET OF 3 REGENCY CAKE TINS,4,05.07.2011 10:06,"4,95",16837.0,United Kingdom
557892,FELTCRAFT BUTTERFLY HEARTS,2,23.06.2011 14:11,"1,45",14534.0,United Kingdom
561325,RED POLKADOT BEAKER,6,26.07.2011 13:46,"0,39",17596.0,United Kingdom
578675,JAM MAKING SET WITH JARS,6,24.11.2011 18:13,"4,25",14756.0,United Kingdom
544597,MEMO BOARD COTTAGE DESIGN,1,21.02.2011 17:42,"4,95",16014.0,United Kingdom
540154,VINTAGE BEAD PINK SCARF,4,05.01.2011 11:30,"3,36",,United Kingdom
577483,POTTING SHED TEA MUG,2,20.11.2011 11:50,"1,65",14502.0,United Kingdom
538844,HOT WATER BOTTLE BABUSHKA,36,14.12.2010 13:19,"4,25",14680.0,United Kingdom
557251,ROBOT BIRTHDAY CARD,24,17.06.2011 16:07,"0,42",14085.0,United Kingdom
571564,LOVE HOT WATER BOTTLE,3,18.10.2011 10:16,"5,95",16019.0,United Kingdom
572528,RED HEART SHAPE LOVE BUCKET,3,24.10.2011 15:43,"2,95",13176.0,United Kingdom
575753,MINI WOODEN HAPPY BIRTHDAY GARLAND,1,11.11.2011 10:41,"1,69",17841.0,United Kingdom
567816,DOORMAT NEW ENGLAND,1,22.09.2011 12:34,"8,25",17243.0,United Kingdom
577092,RETROSPOT TEA SET CERAMIC 11 PC,3,17.11.2011 16:35,"4,95",15136.0,United Kingdom
572743,ENGLISH ROSE NOTEBOOK A7 SIZE,1,25.10.2011 16:13,"0,42",14482.0,United Kingdom
553679,DOORMAT KEEP CALM AND COME IN,10,18.05.2011 13:09,"6,75",14565.0,United Kingdom
563439,POPCORN HOLDER,9,16.08.2011 13:05,"1,63",,United Kingdom
552273,JUMBO BAG RED RETROSPOT,10,08.05.2011 12:26,"2,08",13021.0,United Kingdom
570258,ROUND SNACK BOXES SET OF 4 FRUITS,3,10.10.2011 09:56,"4,13",,United Kingdom
539958,BEADED PEARL HEART WHITE ON STICK,2,23.12.2010 13:26,"0,85",,United Kingdom
576837,BOX OF 6 MINI VINTAGE CRACKERS,4,16.11.2011 15:16,"4,96",,United Kingdom
542506,LUNCH BAG SUKI  DESIGN,10,28.01.2011 12:06,"1,65",16523.0,United Kingdom
558475,KIDS RAIN MAC BLUE,9,29.06.2011 15:58,"0,79",,United Kingdom
540471,ANTIQUE GLASS DRESSING TABLE POT,8,07.01.2011 14:21,"2,95",15601.0,United Kingdom
547087,MINI JIGSAW DOLLY GIRL,72,20.03.2011 15:58,"0,42",12726.0,France
552666,JUMBO SHOPPER VINTAGE RED PAISLEY,9,10.05.2011 15:05,"4,13",,United Kingdom
540672,PENS ASSORTED FUNKY JEWELED,36,10.01.2011 15:51,"0,21",15281.0,United Kingdom
547945,BLUE KNITTED HEN,6,28.03.2011 14:59,"1,65",14851.0,United Kingdom
550527,PACK OF 20 NAPKINS PANTRY DESIGN,24,19.04.2011 10:48,"0,85",12476.0,Germany
563230,REGENCY TEAPOT ROSES,2,14.08.2011 15:39,"9,95",15376.0,United Kingdom
543975,GOLD/M.O.P PENDANT ORBIT NECKLACE,1,14.02.2011 15:23,"8,5",17231.0,United Kingdom
580295,SKULL DESIGN TV DINNER TRAY,3,02.12.2011 13:49,"1,95",17841.0,United Kingdom
570127,DOG BOWL CHASING BALL DESIGN,3,07.10.2011 13:17,"3,75",16900.0,United Kingdom
564481,POSTAGE,3,25.08.2011 13:33,15,12464.0,Belgium
553162,WOODEN SCHOOL COLOURING SET,2,13.05.2011 15:53,"3,29",,United Kingdom
543826,BOX OF 24 COCKTAIL PARASOLS,1,14.02.2011 09:41,"0,83",,United Kingdom
578935,VINTAGE JINGLE BELLS HEART,1,27.11.2011 12:52,"8,25",15351.0,United Kingdom
576837,CHRISTMAS RETROSPOT STAR WOOD,5,16.11.2011 15:16,"1,63",,United Kingdom
550184,PACK 6 HEART/ICE-CREAM PATCHES,6,14.04.2011 18:02,"1,25",17601.0,United Kingdom
540480,SPACEBOY LUNCH BOX,12,07.01.2011 15:27,"1,95",12480.0,Germany
570886,EDWARDIAN PARASOL NATURAL,12,13.10.2011 10:23,"4,95",13777.0,United Kingdom
573601,"DIAMANTE HEART SHAPED WALL MIRROR,",2,31.10.2011 15:24,"24,96",,United Kingdom
545182,DRAGONS BLOOD INCENSE,25,28.02.2011 14:48,"0,21",14046.0,United Kingdom
571442,DECORATIVE WICKER HEART MEDIUM,12,17.10.2011 13:39,"1,25",17049.0,United Kingdom
567854,LUNCH BAG  BLACK SKULL.,10,22.09.2011 13:37,"1,65",14038.0,United Kingdom
578519,LUNCH BAG  BLACK SKULL.,1,24.11.2011 13:56,"1,65",14591.0,United Kingdom
577768,RIBBON REEL POLKADOTS,1,21.11.2011 15:18,"3,29",,United Kingdom
555348,COLOURING PENCILS BROWN TUBE,10,02.06.2011 12:06,"0,85",15184.0,United Kingdom
577951,SOLDIERS EGG CUP,4,22.11.2011 12:09,"1,25",17238.0,United Kingdom
577320,HANGING HEART BONHEUR,12,18.11.2011 13:44,"0,85",13880.0,United Kingdom
575643,ALARM CLOCK BAKELIKE GREEN,8,10.11.2011 14:09,"3,75",13267.0,United Kingdom
537138,HOT WATER BOTTLE I AM SO POORLY,2,05.12.2010 12:44,"4,65",17211.0,United Kingdom
549537,FELT EGG COSY CHICKEN,1,08.04.2011 17:22,"0,85",,United Kingdom
577400,RED RETROSPOT CHARLOTTE BAG,10,18.11.2011 17:20,"0,85",16201.0,United Kingdom
537666,BOX OF VINTAGE ALPHABET BLOCKS,1,07.12.2010 18:36,"21,23",,United Kingdom
560772,ORIGAMI LAVENDER INCENSE/CANDL SET,1,20.07.2011 16:12,"2,46",,United Kingdom
567631,FOOT STOOL HOME SWEET HOME,2,21.09.2011 13:33,"9,95",13350.0,United Kingdom
544695,STRAWBERRY   PICNIC BAG,5,23.02.2011 09:38,"2,95",14276.0,United Kingdom
541695,HEART CALCULATOR,1,20.01.2011 18:01,"2,46",,United Kingdom
557468,CHERRY BLOSSOM PASSPORT COVER,3,20.06.2011 13:14,"0,75",16713.0,United Kingdom
538079,ASSORTED COLOUR BIRD ORNAMENT,24,09.12.2010 14:27,"1,69",17671.0,United Kingdom
572225,SET OF 4 KNICK KNACK TINS LONDON,6,21.10.2011 13:50,"4,15",13157.0,United Kingdom
580129,PACK OF 6 BIRDY GIFT TAGS,12,01.12.2011 18:03,"1,25",17426.0,United Kingdom
538709,DINOSAUR PARTY BAG + STICKER SET,2,14.12.2010 10:46,"1,65",16442.0,United Kingdom
568369,PACK OF 6 SKULL PAPER CUPS,6,26.09.2011 16:15,"0,65",16710.0,United Kingdom
544839,JUMBO BAG PINK VINTAGE PAISLEY,10,24.02.2011 10:50,"1,95",14841.0,United Kingdom
556475,3 HOOK PHOTO SHELF ANTIQUE WHITE,1,12.06.2011 12:03,"8,5",18109.0,United Kingdom
554979,TRAVEL CARD WALLET SKULLS,2,29.05.2011 11:34,"0,42",16931.0,United Kingdom
559061,SET/10 BLUE POLKADOT PARTY CANDLES,3,06.07.2011 10:04,"1,25",17220.0,United Kingdom
579471,GARDENERS KNEELING PAD CUP OF TEA,8,29.11.2011 15:08,"3,29",,United Kingdom
575740,SET OF 6 T-LIGHTS SANTA,6,11.11.2011 09:25,"2,95",18130.0,United Kingdom
556630,SPOTTY BUNTING,3,13.06.2011 14:59,"4,95",13999.0,United Kingdom
537224,BLUE KNITTED EGG COSY,1,05.12.2010 16:24,"1,95",13174.0,United Kingdom
538069,ENGLISH ROSE NOTEBOOK A7 SIZE,3,09.12.2010 14:08,"0,42",16795.0,United Kingdom
575607,ANTIQUE GLASS DRESSING TABLE POT,2,10.11.2011 12:37,"5,79",14096.0,United Kingdom
565617,GAOLERS KEYS DECORATIVE GARDEN,1,05.09.2011 15:30,"8,29",,United Kingdom
579708,TEA PARTY BIRTHDAY CARD,12,30.11.2011 14:16,"0,42",12682.0,France
547088,DOORMAT ENGLISH ROSE,2,20.03.2011 16:02,"7,95",14223.0,United Kingdom
555276,WOODEN CROQUET GARDEN SET,1,01.06.2011 17:28,"24,96",,United Kingdom
557233,NO SINGING METAL SIGN,2,17.06.2011 14:44,"2,1",15356.0,United Kingdom
581456,TRAVEL CARD WALLET VINTAGE LEAF,12,08.12.2011 18:42,"0,42",17530.0,United Kingdom
536876,ENGLISH ROSE NOTEBOOK A7 SIZE,1,03.12.2010 11:36,"0,85",,United Kingdom
540821,SET 12 KIDS  WHITE CHALK STICKS,1,11.01.2011 13:16,"0,85",,United Kingdom
566094,ENVELOPE 50 BLOSSOM IMAGES,1,09.09.2011 10:42,"0,42",17965.0,United Kingdom
538008,OVEN MITT APPLES DESIGN,10,09.12.2010 12:17,"1,45",12683.0,France
561366,CLEAR DRAWER KNOB ACRYLIC EDWARDIAN,12,26.07.2011 15:45,"1,25",15152.0,United Kingdom
568399,SET 6 SCHOOL MILK BOTTLES IN CRATE,4,27.09.2011 10:26,"3,75",16145.0,United Kingdom
545667,NUMBER TILE COTTAGE GARDEN 1,1,04.03.2011 16:07,"4,13",,United Kingdom
554765,GLASS JAR PEACOCK BATH SALTS,6,26.05.2011 11:38,"2,95",16837.0,United Kingdom
545078,WATERING CAN GARDEN MARKER,1,28.02.2011 10:15,"2,46",,United Kingdom
562907,ASSORTED COLOUR BIRD ORNAMENT,16,10.08.2011 12:44,"1,69",14116.0,United Kingdom
549572,FRENCH BLUE METAL DOOR SIGN 0,1,10.04.2011 15:32,"1,25",17757.0,United Kingdom
578844,BUNDLE OF 3 ALPHABET EXERCISE BOOKS,1,25.11.2011 16:14,"3,29",,United Kingdom
549304,SEWING SUSAN 21 NEEDLE SET,12,08.04.2011 08:39,"0,85",16133.0,United Kingdom
565563,CHARLIE & LOLA WASTEPAPER BIN BLUE,1,05.09.2011 12:18,"1,25",14177.0,United Kingdom
552229,RETRO PLASTIC DAISY TRAY,1,06.05.2011 15:40,"0,83",,United Kingdom
547273,VICTORIAN GLASS HANGING T-LIGHT,6,22.03.2011 11:05,"1,25",14530.0,United Kingdom
567062,HAND WARMER RED LOVE HEART,12,16.09.2011 11:48,"2,1",16108.0,United Kingdom
575739,ASSORTED TUTTI FRUTTI PEN,1,11.11.2011 09:05,"1,63",,United Kingdom
578151,RECIPE BOX PANTRY YELLOW DESIGN,6,23.11.2011 11:18,"2,95",16020.0,United Kingdom
549255,RETROSPOT TEA SET CERAMIC 11 PC,3,07.04.2011 12:23,"4,95",16209.0,United Kingdom
581023,RED RETROSPOT CAKE STAND,5,07.12.2011 10:35,"20,79",,United Kingdom
574744,PARISIENNE KEY CABINET,2,07.11.2011 07:38,"5,75",16612.0,United Kingdom
564840,IVORY LOVE BIRD CANDLE,2,30.08.2011 12:49,"2,46",,United Kingdom
544484,FELTCRAFT DOLL MOLLY,6,21.02.2011 11:10,"2,95",15321.0,United Kingdom
579124,HAND WARMER OWL DESIGN,2,28.11.2011 12:14,"2,1",15721.0,United Kingdom
540551,MILK PAN BLUE POLKADOT,2,10.01.2011 09:43,"3,36",,United Kingdom
573780,CHARLIE+LOLA MY ROOM DOOR SIGN,24,01.11.2011 11:12,"0,39",17503.0,United Kingdom
568719,KINGS CHOICE MUG,1,28.09.2011 16:19,"3,29",,United Kingdom
564065,50'S CHRISTMAS GIFT BAG LARGE,12,22.08.2011 15:05,"1,25",15150.0,United Kingdom
578155,FELTCRAFT PRINCESS LOLA DOLL,1,23.11.2011 11:32,"3,75",12748.0,United Kingdom
568156,JAM JAR WITH PINK LID,6,25.09.2011 12:16,"0,85",14367.0,United Kingdom
572550,SEWING SUSAN 21 NEEDLE SET,1,24.10.2011 17:06,"1,63",,United Kingdom
578258,CHRISTMAS GINGHAM TREE,12,23.11.2011 13:01,"0,85",13263.0,United Kingdom
566486,JINGLE BELL HEART ANTIQUE GOLD,24,13.09.2011 09:59,"2,08",16098.0,United Kingdom
563808,WATERING CAN PINK BUNNY,6,19.08.2011 11:46,"1,95",12626.0,Germany
542711,WHITE HANGING HEART T-LIGHT HOLDER,1,31.01.2011 13:19,"2,95",17894.0,United Kingdom
544926,DOORMAT ENGLISH ROSE,2,24.02.2011 17:50,"7,95",13468.0,United Kingdom
563194,ENAMEL WASH BOWL CREAM,4,12.08.2011 16:36,"3,75",17858.0,United Kingdom
567662,JUMBO SHOPPER VINTAGE RED PAISLEY,4,21.09.2011 15:12,"2,08",17758.0,United Kingdom
564642,ANIMAL STICKERS,24,26.08.2011 13:22,"0,21",13527.0,United Kingdom
578233,3 RAFFIA RIBBONS 50'S CHRISTMAS,10,23.11.2011 12:20,"0,79",14049.0,United Kingdom
543631,CHOC TRUFFLE GOLD TRINKET POT,4,10.02.2011 16:17,"1,65",14081.0,United Kingdom
568156,GUMBALL MAGAZINE RACK,2,25.09.2011 12:16,"7,65",14367.0,United Kingdom
565396,BUTTERFLIES STICKERS,1,02.09.2011 16:39,"1,63",,United Kingdom
572212,LAVENDER TOILETTE BOTTLE,48,21.10.2011 12:25,"1,79",13918.0,United Kingdom
536592,SET OF 4 ENGLISH ROSE COASTERS,2,01.12.2010 17:06,"2,51",,United Kingdom
552675,JUMBO BAG RED RETROSPOT,1,10.05.2011 15:07,"4,13",,United Kingdom
540240,SET OF 6 HERB TINS SKETCHBOOK,4,05.01.2011 15:09,"3,95",17585.0,United Kingdom
557788,GREEN REGENCY TEACUP AND SAUCER,1,22.06.2011 16:32,"2,55",14088.0,United Kingdom
575222,SET 12 RETRO WHITE CHALK STICKS,5,09.11.2011 11:33,"0,42",16880.0,United Kingdom
570818,STRAWBERRY LUNCH BOX WITH CUTLERY,1,12.10.2011 12:47,"2,55",17841.0,United Kingdom
561087,SET OF 12 MINI LOAF BAKING CASES,24,25.07.2011 09:48,"0,83",15144.0,United Kingdom
570111,SPACEBOY BEAKER,2,07.10.2011 12:28,"1,25",15005.0,United Kingdom
579943,NOEL GARLAND PAINTED ZINC,24,01.12.2011 10:38,"0,39",13040.0,United Kingdom
564644,,5,26.08.2011 13:35,0,,United Kingdom
548768,ASSORTED COLOUR MINI CASES,2,04.04.2011 12:34,"7,95",17886.0,United Kingdom
547705,ALARM CLOCK BAKELIKE IVORY,1,24.03.2011 18:20,"3,75",14056.0,United Kingdom
546498,CERAMIC CAKE BOWL + HANGING CAKES,2,14.03.2011 11:44,"2,95",15493.0,United Kingdom
578678,12 PENCIL SMALL TUBE WOODLAND,2,24.11.2011 19:59,"0,65",17841.0,United Kingdom
556219,BLUE CIRCLES DESIGN MONKEY DOLL,6,09.06.2011 14:19,"2,55",17731.0,United Kingdom
575753,PACK OF 60 DINOSAUR CAKE CASES,2,11.11.2011 10:41,"0,55",17841.0,United Kingdom
541974,CLOTHES PEGS RETROSPOT PACK 24,1,24.01.2011 14:16,"1,49",14541.0,United Kingdom
548160,TRAVEL CARD WALLET TRANSPORT,24,29.03.2011 13:33,"0,42",16253.0,United Kingdom
560926,PINK DRAWER KNOB ACRYLIC EDWARDIAN,5,22.07.2011 09:20,"2,46",,United Kingdom
552078,JUMBO BAG ALPHABET,10,06.05.2011 11:26,"2,08",16748.0,United Kingdom
560090,HOUSE SHAPE PENCIL SHARPENER,1,14.07.2011 16:46,"0,83",,United Kingdom
569234,PARISIENNE KEY CABINET,1,02.10.2011 15:33,"5,75",17841.0,United Kingdom
550130,AIRLINE BAG VINTAGE WORLD CHAMPION,2,14.04.2011 13:17,"4,25",14390.0,United Kingdom
574310,TRADITIONAL WOODEN CATCH CUP GAME,1,03.11.2011 16:56,"1,25",13467.0,United Kingdom
567376,MINT DINER WALL CLOCK,4,20.09.2011 09:54,"8,5",13767.0,United Kingdom
553887,LUNCH BAG DOLLY GIRL DESIGN,10,19.05.2011 16:04,"1,65",17068.0,United Kingdom
541696,RECIPE BOX PANTRY YELLOW DESIGN,2,20.01.2011 18:08,"5,79",,United Kingdom
536982,ALARM CLOCK BAKELIKE RED,3,03.12.2010 14:27,"8,47",,United Kingdom
545070,PACK OF 72 RETROSPOT CAKE CASES,24,27.02.2011 15:42,"0,55",16493.0,United Kingdom
545215,HEART IVORY TRELLIS SMALL,1,28.02.2011 16:47,"2,46",,United Kingdom
580075,CHRISTMAS CRAFT LITTLE FRIENDS,5,01.12.2011 14:09,"2,1",17014.0,United Kingdom
544201,SET OF 3 BLACK FLYING DUCKS,1,17.02.2011 10:11,"12,46",,United Kingdom
559488,VINTAGE UNION JACK BUNTING,1,08.07.2011 13:52,"12,46",,United Kingdom
564555,TEA BAG PLATE RED RETROSPOT,1,25.08.2011 19:45,"0,85",12748.0,United Kingdom
552666,ENAMEL BREAD BIN CREAM,1,10.05.2011 15:05,"24,96",,United Kingdom
550527,RED METAL BEACH SPADE,12,19.04.2011 10:48,"1,25",12476.0,Germany
537666,IVORY KITCHEN SCALES,1,07.12.2010 18:36,"16,98",,United Kingdom
550362,LUNCH BOX WITH CUTLERY RETROSPOT,3,18.04.2011 11:13,"2,55",13113.0,United Kingdom
580887,IVORY DINER WALL CLOCK,1,06.12.2011 12:26,"8,5",13755.0,United Kingdom
541698,CHARLOTTE BAG PINK POLKADOT,3,20.01.2011 19:16,"0,85",14713.0,United Kingdom
571265,HAND WARMER BABUSHKA DESIGN,2,16.10.2011 11:31,"2,1",16674.0,United Kingdom
557251,PARTY INVITES SPACEMAN,5,17.06.2011 16:07,"0,85",14085.0,United Kingdom
536544,SET 2 TEA TOWELS I LOVE LONDON,1,01.12.2010 14:32,"5,91",,United Kingdom
564052,VINTAGE LEAF MAGNETIC NOTEPAD,3,22.08.2011 13:40,"1,45",15033.0,United Kingdom
556129,LONDON BUS COFFEE MUG,36,09.06.2011 10:46,"2,1",14060.0,United Kingdom
570224,RED KITCHEN SCALES,1,09.10.2011 13:15,"8,5",16931.0,United Kingdom
542217,12 PINK ROSE PEG PLACE SETTINGS,24,26.01.2011 12:36,"1,25",14606.0,United Kingdom
542397,PLASTERS IN TIN CIRCUS PARADE,48,27.01.2011 15:22,"1,65",13328.0,United Kingdom
543812,BLUE HAPPY BIRTHDAY BUNTING,1,13.02.2011 14:40,"5,45",17472.0,United Kingdom
574484,OVEN MITT APPLES DESIGN,10,04.11.2011 12:50,"1,45",14388.0,United Kingdom
539740,PINK FLORAL FELTCRAFT SHOULDER BAG,1,21.12.2010 15:20,"7,62",,United Kingdom
581023,SET OF 6 CAKE CHOPSTICKS,1,07.12.2011 10:35,"2,46",,United Kingdom
566424,LUNCH BAG ALPHABET DESIGN,10,12.09.2011 14:15,"1,65",13309.0,United Kingdom
538518,BLUE COAT RACK PARIS FASHION,1,12.12.2010 16:14,"4,95",14505.0,United Kingdom
569545,ROLL WRAP VINTAGE CHRISTMAS,1,04.10.2011 16:37,"2,46",,United Kingdom
563580,WHITE WOOD GARDEN PLANT LADDER,1,17.08.2011 15:53,"9,95",16706.0,United Kingdom
540255,CERAMIC STRAWBERRY TRINKET TRAY,1,05.01.2011 16:50,"2,51",,United Kingdom
565841,BELLE JARDINIERE CUSHION COVER,2,07.09.2011 12:04,"10,79",,United Kingdom
578946,COFFEE MUG CAT + BIRD DESIGN,2,27.11.2011 13:47,"2,55",16005.0,United Kingdom
550274,MINI FUNKY DESIGN TAPES,20,15.04.2011 12:23,"0,85",15498.0,United Kingdom
555327,STRAWBERRY   PICNIC BAG,2,02.06.2011 11:03,"5,79",,United Kingdom
580504,ROLL WRAP VINTAGE CHRISTMAS,1,04.12.2011 13:32,"1,25",17936.0,United Kingdom
566319,6 GIFT TAGS 50'S CHRISTMAS,24,12.09.2011 11:25,"0,83",13431.0,United Kingdom
562432,TRADITIONAL MODELLING CLAY,24,04.08.2011 17:38,"1,25",14004.0,United Kingdom
559923,CHARLOTTE BAG APPLES DESIGN,1,13.07.2011 16:07,"1,63",,United Kingdom
555517,CHILDRENS CUTLERY POLKADOT PINK,4,05.06.2011 10:54,"4,15",13131.0,United Kingdom
550488,TRAVEL CARD WALLET TRANSPORT,10,18.04.2011 14:27,"0,42",16729.0,United Kingdom
550638,SLEEPING CAT ERASERS,1,19.04.2011 15:44,"0,42",,United Kingdom
580771,LUNCH BAG RED RETROSPOT,1,06.12.2011 10:58,"1,65",16015.0,United Kingdom
555276,FRENCH GARDEN SIGN BLUE METAL,1,01.06.2011 17:28,"2,46",,United Kingdom
576661,LARGE ANTIQUE WHITE PHOTO FRAME,1,16.11.2011 11:17,"7,9",17377.0,United Kingdom
561369,3 WHITE CHOC MORRIS BOXED CANDLES,1,26.07.2011 16:22,"8,29",,United Kingdom
543826,"DIAMANTE HEART SHAPED WALL MIRROR,",1,14.02.2011 09:41,"10,79",,United Kingdom
560305,CHILDS GARDEN SPADE PINK,3,18.07.2011 10:49,"2,1",16511.0,United Kingdom
541684,MINI CAKE STAND T-LIGHT HOLDER,13,20.01.2011 15:22,"0,42",15498.0,United Kingdom
575176,BLUE VINTAGE SPOT BEAKER,5,08.11.2011 18:29,"1,63",,United Kingdom
541005,SMALL HEART MEASURING SPOONS,3,13.01.2011 10:39,"0,85",16161.0,United Kingdom
539453,STAR DECORATION RUSTIC,2,17.12.2010 17:08,"0,85",,United Kingdom
546235,HOT BATHS METAL SIGN,2,10.03.2011 12:42,"2,1",14976.0,United Kingdom
575930,ICE CREAM PEN LIP GLOSS,8,11.11.2011 17:58,"2,46",,United Kingdom
565232,SMALL HEART MEASURING SPOONS,1,02.09.2011 09:30,"1,63",,United Kingdom
537640,PLASTERS IN TIN SPACEBOY,1,07.12.2010 15:31,"4,21",,United Kingdom
537646,GLITTER STAR GARLAND WITH BELLS,1,07.12.2010 15:39,"3,75",17591.0,United Kingdom
560901,QUEENS GUARD COFFEE MUG,6,21.07.2011 17:39,"2,55",12476.0,Germany
539446,POSTAGE,9,17.12.2010 15:58,18,12705.0,Germany
548340,I CAN ONLY PLEASE ONE PERSON MUG,24,30.03.2011 14:23,"1,25",13426.0,United Kingdom
559863,SET OF 9 HEART SHAPED BALLOONS,4,13.07.2011 10:33,"1,25",15039.0,United Kingdom
544600,DOORMAT FANCY FONT HOME SWEET HOME,8,22.02.2011 08:24,"7,95",18061.0,United Kingdom
580188,BOX OF 6 CHRISTMAS CAKE DECORATIONS,4,02.12.2011 12:02,"3,75",16440.0,United Kingdom
558372,LUNCH BAG APPLE DESIGN,1,28.06.2011 15:47,"1,65",16200.0,United Kingdom
572026,CLASSIC GLASS COOKIE JAR,6,20.10.2011 11:40,"4,15",13245.0,United Kingdom
566271,WRAP  VINTAGE DOILY,25,11.09.2011 13:44,"0,42",14250.0,United Kingdom
580640,ENAMEL MEASURING JUG CREAM,1,05.12.2011 12:51,"4,25",16910.0,United Kingdom
580730,SET OF 2 CERAMIC CHRISTMAS TREES,1,05.12.2011 17:28,"2,92",,United Kingdom
577774,PANTRY HOOK BALLOON WHISK,1,21.11.2011 15:57,"2,08",16712.0,United Kingdom
565734,SWEETHEART RECIPE BOOK STAND,2,06.09.2011 12:15,"6,75",17191.0,United Kingdom
574531,WRAP SUKI AND FRIENDS,25,04.11.2011 14:11,"0,42",12748.0,United Kingdom
542891,DOORMAT RED RETROSPOT,10,01.02.2011 13:26,"6,75",16705.0,United Kingdom
572283,HOME BUILDING BLOCK WORD,2,23.10.2011 11:42,"6,25",15000.0,United Kingdom
576600,MINT DINER WALL CLOCK,2,15.11.2011 15:08,"8,5",18181.0,United Kingdom
572763,ROUND SNACK BOXES SET OF 4 FRUITS,6,26.10.2011 09:54,"2,95",12812.0,Japan
578277,SET OF 6 T-LIGHTS SANTA,2,23.11.2011 13:51,"2,95",12723.0,France
555722,PARLOUR CERAMIC WALL HOOK,3,06.06.2011 16:06,"8,29",,United Kingdom
562955,REGENCY TEA PLATE ROSES,6,11.08.2011 10:14,"3,29",,United Kingdom
560926,4 WILDFLOWER BOTANICAL CANDLES,1,22.07.2011 09:20,"2,46",,United Kingdom
576339,TRAVEL CARD WALLET KEEP CALM,2,14.11.2011 15:27,"0,83",14096.0,United Kingdom
577078,POPPY'S PLAYHOUSE BEDROOM,2,17.11.2011 15:17,"4,13",,United Kingdom
538177,GENTLEMAN SHIRT REPAIR KIT,2,10.12.2010 09:51,"1,66",,United Kingdom
555545,LUNCH BAG DOLLY GIRL DESIGN,10,05.06.2011 13:08,"1,65",17735.0,United Kingdom
546108,PARTY CONES CANDY ASSORTED,24,09.03.2011 12:35,"1,25",15529.0,United Kingdom
560434,ENGLISH ROSE NOTEBOOK A7 SIZE,5,18.07.2011 15:56,"0,42",,United Kingdom
547359,CUBIC MUG PINK POLKADOT,12,22.03.2011 12:27,"0,39",15719.0,United Kingdom
540126,SET OF 4 FAIRY CAKE PLACEMATS,108,05.01.2011 10:45,"1,25",13798.0,United Kingdom
563150,ASSORTED COLOUR MINI CASES,6,12.08.2011 11:41,"7,95",15192.0,United Kingdom
569202,FOLDING BUTTERFLY MIRROR RED,1,30.09.2011 17:22,"2,46",,United Kingdom
576303,SIX DRAWER OFFICE TIDY,1,14.11.2011 14:51,"9,95",15532.0,United Kingdom
578695,FOLKART CLIP ON STARS,36,25.11.2011 09:42,"0,39",13199.0,United Kingdom
579196,JUMBO BAG PINK POLKADOT,1,28.11.2011 15:54,"4,13",14096.0,United Kingdom
579193,SET 2 TEA TOWELS I LOVE LONDON,6,28.11.2011 15:47,"3,25",12657.0,France
570332,REGENCY CAKESTAND 3 TIER,4,10.10.2011 12:18,"12,75",18169.0,United Kingdom
581445,3 DRAWER ANTIQUE WHITE WOOD CABINET,4,08.12.2011 17:12,"8,95",17405.0,United Kingdom
570690,PACK OF 72 RETROSPOT CAKE CASES,1,11.10.2011 16:37,"1,25",,United Kingdom
536859,HEART WOODEN CHRISTMAS DECORATION,10,03.12.2010 10:43,"0,85",12841.0,United Kingdom
571281,VICTORIAN SEWING BOX SMALL,14,16.10.2011 13:23,"4,95",14088.0,United Kingdom
551774,AGED GLASS SILVER T-LIGHT HOLDER,2,04.05.2011 11:12,"0,65",14606.0,United Kingdom
576592,SET 12 COLOUR PENCILS SPACEBOY,2,15.11.2011 14:47,"0,65",13614.0,United Kingdom
556477,PARTY BUNTING,5,12.06.2011 12:20,"4,95",12841.0,United Kingdom
569857,JUMBO BAG WOODLAND ANIMALS,200,06.10.2011 14:31,"1,95",12939.0,United Kingdom
548632,WHITE HANGING HEART T-LIGHT HOLDER,6,01.04.2011 12:25,"2,95",17701.0,United Kingdom
537418,HAND WARMER OWL DESIGN,1,06.12.2010 15:13,"2,1",17884.0,United Kingdom
541695,MAGNETS PACK OF 4 RETRO PHOTO,3,20.01.2011 18:01,"0,83",,United Kingdom
579297,VINTAGE SNAKES & LADDERS,3,29.11.2011 11:23,"7,46",,United Kingdom
552239,PLASTERS IN TIN WOODLAND ANIMALS,3,06.05.2011 16:54,"1,65",14056.0,United Kingdom
570076,12 PENCILS SMALL TUBE RED RETROSPOT,24,07.10.2011 11:17,"0,65",15738.0,United Kingdom
571226,WOODEN HEART CHRISTMAS SCANDINAVIAN,24,14.10.2011 13:49,"0,29",13006.0,United Kingdom
544150,IVORY KITCHEN SCALES,2,16.02.2011 11:59,"8,5",14180.0,United Kingdom
542664,EDWARDIAN PARASOL NATURAL,1,31.01.2011 12:14,"12,46",,United Kingdom
580526,WOOD STOCKING CHRISTMAS SCANDISPOT,24,04.12.2011 15:18,"0,29",16535.0,United Kingdom
564758,GLASS APOTHECARY BOTTLE TONIC,1,30.08.2011 10:39,"8,29",,United Kingdom
549915,FRENCH BLUE METAL DOOR SIGN 1,10,13.04.2011 09:32,"1,25",18231.0,United Kingdom
543237,PIGGY BANK RETROSPOT,1,04.02.2011 13:39,"5,79",,United Kingdom
559052,ZINC HEART FLOWER T-LIGHT HOLDER,1,05.07.2011 16:53,"2,46",,United Kingdom
558763,SET OF 3 WOODEN STOCKING DECORATION,6,03.07.2011 13:08,"1,25",12841.0,United Kingdom
572231,GREEN CHRISTMAS TREE CARD HOLDER,4,21.10.2011 14:41,"4,25",13974.0,United Kingdom
568318,EGG CUP NATURAL CHICKEN,16,26.09.2011 13:25,"0,39",13233.0,United Kingdom
567095,ENCHANTED BIRD COATHANGER 5 HOOK,4,16.09.2011 13:03,"4,65",17049.0,United Kingdom
571713,CURIOUS IMAGES GIFT WRAP SET,1,18.10.2011 16:58,"1,63",,United Kingdom
576503,CERAMIC CHERRY CAKE MONEY BANK,12,15.11.2011 11:56,"1,45",17540.0,United Kingdom
541497,MAKE YOUR OWN FLOWERPOWER CARD KIT,1,18.01.2011 15:19,"5,79",,United Kingdom
573344,LUNCH BAG PINK POLKADOT,1,30.10.2011 12:07,"1,65",14179.0,United Kingdom
580260,WOODEN PICTURE FRAME WHITE FINISH,6,02.12.2011 12:36,"2,95",14085.0,United Kingdom
539491,FUNKY WASHING UP GLOVES ASSORTED,1,20.12.2010 10:09,"2,1",14646.0,Netherlands
570192,POPPY'S PLAYHOUSE BATHROOM,6,07.10.2011 15:26,"2,1",17509.0,United Kingdom
546007,TOTE BAG I LOVE LONDON,1,08.03.2011 15:34,"4,13",,United Kingdom
572875,RABBIT NIGHT LIGHT,12,26.10.2011 13:31,"1,67",17706.0,United Kingdom
580730,CARTOON  PENCIL SHARPENERS,5,05.12.2011 17:28,"0,42",,United Kingdom
557514,BABY BOOM RIBBONS,4,20.06.2011 16:58,"1,25",14667.0,United Kingdom
553393,PANTRY ROLLING PIN,1,16.05.2011 16:46,"7,46",,United Kingdom
574726,SET/6 TURQUOISE BUTTERFLY T-LIGHTS,1,06.11.2011 14:56,"2,1",14664.0,United Kingdom
575846,3D SHEET OF DOG STICKERS,18,11.11.2011 12:07,"0,85",17364.0,United Kingdom
555648,SET/2 RED RETROSPOT TEA TOWELS,2,06.06.2011 13:46,"3,25",14623.0,United Kingdom
558871,RED RETROSPOT PLATE,32,04.07.2011 13:19,"1,69",12557.0,Spain
537643,RED RETROSPOT OVEN GLOVE DOUBLE,2,07.12.2010 15:34,"5,91",,United Kingdom
573377,SET OF 3 HEART COOKIE CUTTERS,2,30.10.2011 13:51,"1,45",14653.0,United Kingdom
539437,GREEN JUICY FRUIT PHOTO FRAME,1,17.12.2010 14:54,"5,06",,United Kingdom
571221,SET OF 12 MINI LOAF BAKING CASES,5,14.10.2011 13:35,"0,83",16416.0,United Kingdom
556243,SUMMER DAISIES BAG CHARM,1,09.06.2011 16:07,"2,46",,United Kingdom
564974,ANTIQUE SILVER T-LIGHT GLASS,1,31.08.2011 15:32,"2,46",,United Kingdom
546774,DECORATIVE ROSE BATHROOM BOTTLE,3,16.03.2011 15:45,"1,25",14505.0,United Kingdom
574476,4 WILDFLOWER BOTANICAL CANDLES,1,04.11.2011 12:20,"1,25",17203.0,United Kingdom
576840,SET OF 60 I LOVE LONDON CAKE CASES,1,16.11.2011 15:23,"1,25",,United Kingdom
568668,JUMBO BAG RED RETROSPOT,10,28.09.2011 13:00,"2,08",15750.0,United Kingdom
537608,WICKER WREATH LARGE,1,07.12.2010 13:20,"1,95",15024.0,United Kingdom
573387,SET OF 3 WOODEN TREE DECORATIONS,1,30.10.2011 14:33,"1,25",15054.0,United Kingdom
547862,DECORATION  PINK CHICK MAGIC GARDEN,4,27.03.2011 12:54,"0,85",12841.0,United Kingdom
574864,HOT BATHS METAL SIGN,4,07.11.2011 12:29,"2,1",14387.0,United Kingdom
536754,MAKE YOUR OWN FLOWERPOWER CARD KIT,1,02.12.2010 14:09,"2,95",14449.0,United Kingdom
569523,DRAWER KNOB CRACKLE GLAZE GREEN,5,04.10.2011 14:41,"1,65",16033.0,United Kingdom
574545,PINK HAPPY BIRTHDAY BUNTING,2,04.11.2011 14:54,"5,45",17084.0,United Kingdom
550000,LOVE BUILDING BLOCK WORD,3,14.04.2011 09:18,"5,95",17058.0,United Kingdom
552232,GYMKHANA TREASURE BOOK BOX,2,06.05.2011 15:54,"4,58",,United Kingdom
580500,DOORSTOP RETROSPOT HEART,10,04.12.2011 12:52,"3,75",17131.0,United Kingdom
537815,CHILLI LIGHTS,8,08.12.2010 13:49,"4,95",17676.0,United Kingdom
573401,PARTY INVITES WOODLAND,12,30.10.2011 15:43,"0,85",12364.0,Belgium
555582,SINGLE HEART ZINC T-LIGHT HOLDER,12,06.06.2011 09:01,"0,95",14312.0,United Kingdom
555592,ROUND SNACK BOXES SET OF4 WOODLAND,6,06.06.2011 10:04,"2,95",14215.0,United Kingdom
565919,LIPSTICK PEN FUSCHIA,7,07.09.2011 16:48,"0,83",,United Kingdom
554160,SILVER FISHING GNOME,1,23.05.2011 11:49,"6,95",17841.0,United Kingdom
557326,60 TEATIME FAIRY CAKE CASES,24,20.06.2011 09:50,"0,55",14194.0,United Kingdom
536769,METAL MERRY CHRISTMAS WREATH,8,02.12.2010 14:47,"1,95",17581.0,United Kingdom
556189,JUMBO  BAG BAROQUE BLACK WHITE,10,09.06.2011 11:57,"2,08",15615.0,United Kingdom
542620,RED RETROSPOT CHARLOTTE BAG,10,31.01.2011 08:56,"0,85",13089.0,United Kingdom
544906,SMALL POPCORN HOLDER,48,24.02.2011 14:13,"0,85",17017.0,United Kingdom
579291,REGENCY CAKESTAND 3 TIER,1,29.11.2011 11:21,"32,04",,United Kingdom
551283,CITRUS GARLAND FELT FLOWERS,6,27.04.2011 14:01,"1,95",16755.0,United Kingdom
540977,HOME GARLAND PAINTED ZINC,5,12.01.2011 15:01,"1,66",,United Kingdom
546525,NATURAL SLATE HEART CHALKBOARD,48,14.03.2011 12:58,"2,55",14733.0,United Kingdom
580318,LUNCH BAG CARS BLUE,10,02.12.2011 15:39,"1,65",17686.0,United Kingdom
543040,OFFICE MUG WARMER POLKADOT,1,02.02.2011 17:06,"2,95",17337.0,United Kingdom
578102,WALL ART STOP FOR TEA,3,23.11.2011 08:39,"5,95",13089.0,United Kingdom
562264,SMALL GLASS HEART TRINKET POT,7,03.08.2011 16:14,"4,13",,United Kingdom
576052,BUNDLE OF 3 ALPHABET EXERCISE BOOKS,3,13.11.2011 14:48,"1,65",15787.0,United Kingdom
580094,FRENCH BLUE METAL DOOR SIGN 4,1,01.12.2011 14:50,"1,25",15904.0,United Kingdom
574681,FANCY FONTS BIRTHDAY WRAP,25,06.11.2011 12:41,"0,42",15156.0,United Kingdom
542998,PHOTO CUBE,2,02.02.2011 12:16,"4,13",,United Kingdom
572680,HEADS AND TAILS SPORTING FUN,1,25.10.2011 13:48,"1,25",,Portugal
552323,ALUMINIUM STAMPED HEART,8,09.05.2011 09:33,"2,49",16756.0,United Kingdom
571184,JUMBO  BAG BAROQUE BLACK WHITE,20,14.10.2011 11:09,"2,08",15478.0,United Kingdom
537896,VICTORIAN GLASS HANGING T-LIGHT,12,09.12.2010 10:33,"1,25",18071.0,United Kingdom
545459,RECIPE BOX BLUE SKETCHBOOK DESIGN,1,02.03.2011 17:21,"2,95",17576.0,United Kingdom
569702,TRIPLE HOOK ANTIQUE IVORY ROSE,4,05.10.2011 16:09,"3,29",14396.0,United Kingdom
556433,LUNCH BAG SUKI DESIGN,4,10.06.2011 14:01,"4,96",,United Kingdom
540977,BLUE MURANO TWIST NECKLACE,1,12.01.2011 15:01,"10,17",,United Kingdom
570827,4 TRADITIONAL SPINNING TOPS,2,12.10.2011 13:14,"1,45",15831.0,United Kingdom
550636,MAGIC DRAWING SLATE BUNNIES,2,19.04.2011 15:37,"0,83",,United Kingdom
573937,KEY RING BASEBALL BOOT UNION JACK,20,02.11.2011 10:40,"1,25",15830.0,United Kingdom
562018,RETROSPOT PARTY BAG + STICKER SET,40,01.08.2011 14:29,"1,65",17282.0,United Kingdom
571065,MINI PAINT SET VINTAGE,36,13.10.2011 14:59,"0,65",12613.0,Germany
568661,12 RED ROSE PEG PLACE SETTINGS,2,28.09.2011 12:34,"1,25",18109.0,United Kingdom
537446,VINTAGE UNION JACK DOORSTOP,3,07.12.2010 09:13,"5,95",18055.0,United Kingdom
558475,MULTICOLOUR SPRING FLOWER MUG,48,29.06.2011 15:58,"0,69",,United Kingdom
553549,PARISIENNE KEY CABINET,1,17.05.2011 16:09,"12,46",,United Kingdom
556719,SET OF 60 VINTAGE LEAF CAKE CASES,120,14.06.2011 11:21,"0,42",17428.0,United Kingdom
542662,RECIPE BOX PANTRY YELLOW DESIGN,6,31.01.2011 12:10,"2,95",18145.0,United Kingdom
580875,KNEELING MAT HOUSEWORK  DESIGN,24,06.12.2011 12:11,"0,79",17744.0,United Kingdom
560930,LIPSTICK PEN BABY PINK,12,22.07.2011 10:23,"0,42",15829.0,United Kingdom
577506,OVEN MITT APPLES DESIGN,1,20.11.2011 12:40,"1,45",13212.0,United Kingdom
539437,CHRISTMAS CARD SINGING ANGEL,1,17.12.2010 14:54,"0,43",,United Kingdom
571883,GLITTER HEART DECORATION,3,19.10.2011 13:58,"0,39",14704.0,United Kingdom
539718,HAND WARMER BABUSHKA DESIGN,1,21.12.2010 13:06,"4,21",,United Kingdom
541565,VICTORIAN SEWING BOX SMALL,1,19.01.2011 11:48,"5,95",14527.0,United Kingdom
578347,EMBOSSED HEART TRINKET BOX,2,24.11.2011 09:26,"4,13",,United Kingdom
556890,JUMBO STORAGE BAG SUKI,10,15.06.2011 12:48,"2,08",17581.0,United Kingdom
578506,SWEETHEART BIRD HOUSE,2,24.11.2011 13:01,"4,15",17458.0,United Kingdom
554546,STRAWBERRY SHOPPER BAG,1,25.05.2011 09:37,"1,25",,United Kingdom
572108,DOORMAT KEEP CALM AND COME IN,2,20.10.2011 18:08,"8,25",15814.0,United Kingdom
578068,ASSORTED TUTTI FRUTTI NOTEBOOK,3,22.11.2011 15:45,"2,1",14505.0,United Kingdom
562551,BLUE REFECTORY CLOCK,1,05.08.2011 16:19,"9,95",17231.0,United Kingdom
539737,PACK OF 12 SUKI TISSUES,1,21.12.2010 15:19,"0,81",,United Kingdom
578844,FOLDING BUTTERFLY MIRROR IVORY,1,25.11.2011 16:14,"2,46",,United Kingdom
580115,CHRISTMAS RETROSPOT ANGEL WOOD,8,01.12.2011 16:22,"1,63",,United Kingdom
565901,PLEASE ONE PERSON METAL SIGN,48,07.09.2011 15:34,"1,85",13798.0,United Kingdom
569246,PINK BLUE FELT CRAFT TRINKET BOX,1,03.10.2011 09:57,"2,46",14096.0,United Kingdom
543734,COOK WITH WINE METAL SIGN,12,11.02.2011 12:22,"2,08",17512.0,United Kingdom
559817,FRENCH BLUE METAL DOOR SIGN 6,1,12.07.2011 16:20,"2,46",,United Kingdom
537422,CREAM CUPID HEARTS COAT HANGER,2,06.12.2010 15:27,"3,25",17812.0,United Kingdom
576784,ALARM CLOCK BAKELIKE PINK,2,16.11.2011 13:40,"3,75",16204.0,United Kingdom
538071,CHILDREN'S SPACEBOY MUG,1,09.12.2010 14:09,"3,36",,United Kingdom
553739,SWEETHEART RECIPE BOOK STAND,2,19.05.2011 09:23,"6,75",14895.0,United Kingdom
539663,PHARMACIE FIRST AID TIN,1,21.12.2010 10:26,"6,75",17961.0,United Kingdom
579122,MIRRORED DISCO BALL,16,28.11.2011 12:05,"4,95",12971.0,United Kingdom
544824,JAM MAKING SET WITH JARS,6,24.02.2011 09:32,"4,25",17139.0,United Kingdom
575367,CHRISTMAS CRAFT TREE TOP ANGEL,6,09.11.2011 15:05,"2,1",15114.0,United Kingdom
561534,EGG FRYING PAN RED,6,28.07.2011 09:45,"2,08",14307.0,United Kingdom
570018,JUMBO BAG RED RETROSPOT,100,07.10.2011 10:12,"1,79",13629.0,United Kingdom
577689,PAPER BUNTING RETROSPOT,6,21.11.2011 11:29,"2,95",17664.0,United Kingdom
547199,RED GINGHAM TEDDY BEAR,1,21.03.2011 12:53,"2,95",14606.0,United Kingdom
536750,WOODEN FRAME ANTIQUE WHITE,6,02.12.2010 14:04,"2,55",17850.0,United Kingdom
555002,LUNCH BAG ALPHABET DESIGN,10,31.05.2011 08:50,"1,65",17682.0,United Kingdom
562539,RETROSPOT LARGE MILK JUG,1,05.08.2011 15:30,"4,95",17220.0,United Kingdom
567485,GARDENERS KNEELING PAD CUP OF TEA,5,20.09.2011 13:52,"1,65",15026.0,United Kingdom
574328,GLITTER BUTTERFLY CLIPS,6,04.11.2011 09:05,"2,55",13081.0,United Kingdom
546008,LOVE HEART SOCK HANGER,1,08.03.2011 15:43,"3,29",,United Kingdom
540468,TEA TIME OVEN GLOVE,1,07.01.2011 13:55,"2,51",,United Kingdom
542600,SET OF 4 NAPKIN CHARMS CUTLERY,6,30.01.2011 11:11,"2,55",16923.0,United Kingdom
538634,ANTIQUE GLASS DRESSING TABLE POT,4,13.12.2010 13:28,"2,95",14085.0,United Kingdom
556970,BREAD BIN DINER STYLE IVORY,1,16.06.2011 10:18,"16,95",13082.0,United Kingdom
552376,PINK  HONEYCOMB PAPER BALL,2,09.05.2011 12:30,"2,1",16326.0,United Kingdom
540543,BATHROOM METAL SIGN,6,09.01.2011 15:23,"0,55",14395.0,United Kingdom
561651,WHITE SKULL HOT WATER BOTTLE,1,28.07.2011 15:36,"7,46",,United Kingdom
544657,GINGERBREAD MAN COOKIE CUTTER,12,22.02.2011 13:08,"1,25",14895.0,United Kingdom
552659,RED RETROSPOT PLATE,1,10.05.2011 15:03,"3,29",,United Kingdom
554131,CLASSIC METAL BIRDCAGE PLANT HOLDER,1,23.05.2011 09:43,"12,75",13988.0,United Kingdom
577078,CHRISTMAS PUDDING TRINKET POT,3,17.11.2011 15:17,"1,63",,United Kingdom
578827,FELTCRAFT PRINCESS OLIVIA DOLL,1,25.11.2011 14:25,"7,46",,United Kingdom
576597,TRADITIONAL NAUGHTS & CROSSES,12,15.11.2011 14:57,"1,65",14194.0,United Kingdom
576357,LUNCH BAG SUKI DESIGN,10,14.11.2011 16:57,"1,65",15660.0,United Kingdom
571291,BALLOONS  WRITING SET,1,16.10.2011 15:44,"1,65",13610.0,United Kingdom
567667,WOODEN FRAME ANTIQUE WHITE,3,21.09.2011 15:24,"4,13",,United Kingdom
568699,WOODEN OWLS LIGHT GARLAND,4,28.09.2011 14:58,"4,25",12352.0,Norway
542149,ENGLISH ROSE GARDEN SECATEURS,3,26.01.2011 10:17,"1,95",17811.0,United Kingdom
557500,SKULL SHOULDER BAG,1,20.06.2011 15:27,"3,29",,United Kingdom
581010,WOODEN STAR CHRISTMAS SCANDINAVIAN,24,07.12.2011 09:18,"0,29",17503.0,United Kingdom
581023,STRAWBERRY SHOPPER BAG,3,07.12.2011 10:35,"2,46",,United Kingdom
560098,GYMKHANA TREASURE BOOK BOX,1,14.07.2011 17:44,"2,25",16907.0,United Kingdom
541853,WOOD BLACK BOARD ANT WHITE FINISH,6,23.01.2011 14:29,"6,45",17858.0,United Kingdom
565407,FELTCRAFT CHRISTMAS FAIRY,6,04.09.2011 11:00,"4,25",16983.0,United Kingdom
551623,SET 20 NAPKINS FAIRY CAKES DESIGN,12,03.05.2011 11:44,"0,85",12843.0,United Kingdom
561371,ANT COPPER TURQ BOUDICCA BRACELET,1,26.07.2011 16:25,"4,98",,United Kingdom
570249,TRADITIONAL MODELLING CLAY,24,10.10.2011 08:58,"1,25",17509.0,United Kingdom
537844,IVORY PILLAR CANDLE SILVER FLOCK,2,08.12.2010 15:17,"2,95",17999.0,United Kingdom
552017,CHILDRENS CUTLERY CIRCUS PARADE,1,05.05.2011 17:41,"4,15",,United Kingdom
568191,HAND WARMER SCOTTY DOG DESIGN,24,25.09.2011 14:37,"2,1",16655.0,United Kingdom
565234,PICNIC BOXES SET OF 3 RETROSPOT,1,02.09.2011 09:38,"9,96",,United Kingdom
559052,"SET 3 RETROSPOT TEA,COFFEE,SUGAR",1,05.07.2011 16:53,"10,79",,United Kingdom
547253,FOUR HOOK  WHITE LOVEBIRDS,4,22.03.2011 10:44,"2,1",13869.0,United Kingdom
579470,WELCOME  WOODEN BLOCK LETTERS,2,29.11.2011 15:06,"9,95",16549.0,United Kingdom
573814,VINTAGE SNAP CARDS,4,01.11.2011 11:31,"0,85",13268.0,United Kingdom
575091,SET 12 COLOURING PENCILS DOILY,16,08.11.2011 14:05,"0,65",17160.0,United Kingdom
571931,RED RETROSPOT PEG BAG,1,19.10.2011 16:59,"4,96",,United Kingdom
572309,SET OF 2 CERAMIC PAINTED HEARTS,3,23.10.2011 15:29,"1,45",14432.0,United Kingdom
579196,BISCUIT TIN VINTAGE CHRISTMAS,2,28.11.2011 15:54,"5,79",14096.0,United Kingdom
569577,PACK OF 12 50'S CHRISTMAS TISSUES,24,05.10.2011 10:53,"0,39",12828.0,United Kingdom
562934,JAM MAKING SET WITH JARS,1,10.08.2011 16:56,"8,29",,United Kingdom
567341,PETIT TRAY CHIC,12,19.09.2011 15:04,"1,65",14961.0,United Kingdom
541695,BLACK MINI TAPE MEASURE,1,20.01.2011 18:01,"0,83",,United Kingdom
579123,HEART WOODEN CHRISTMAS DECORATION,60,28.11.2011 12:08,"0,85",14217.0,United Kingdom
564727,PARLOUR CERAMIC WALL HOOK,2,28.08.2011 12:31,"4,15",16686.0,United Kingdom
565920,SET OF 10 LED DOLLY LIGHTS,4,08.09.2011 08:56,"6,25",15298.0,United Kingdom
566495,FUNKY MONKEY GIFT BAG MEDIUM,5,13.09.2011 11:14,"0,42",15529.0,United Kingdom
542617,SMALL SILVER FLOWER CANDLE POT,4,30.01.2011 15:48,"2,95",17463.0,United Kingdom
540154,PACK OF 12 TRADITIONAL CRAYONS,7,05.01.2011 11:30,"0,85",,United Kingdom
536982,WALL TIDY RETROSPOT,3,03.12.2010 14:27,"5,06",,United Kingdom
566261,WHITE WOOD GARDEN PLANT LADDER,1,11.09.2011 12:46,"9,95",13372.0,United Kingdom
540859,BLUE POLKADOT CUP,8,12.01.2011 10:58,"0,85",17965.0,United Kingdom
570179,WOODEN BOX OF DOMINOES,12,07.10.2011 14:27,"1,25",17509.0,United Kingdom
545557,EASTER TIN KEEPSAKE,12,03.03.2011 15:30,"1,65",12500.0,Germany
578041,STRIPEY CHOCOLATE NESTING BOXES,3,22.11.2011 14:23,"2,95",17338.0,United Kingdom
536837,HAND WARMER OWL DESIGN,1,02.12.2010 18:15,"2,1",14395.0,United Kingdom
537051,BLACK HEART CARD HOLDER,1,05.12.2010 11:12,"3,95",15708.0,United Kingdom
553385,TRAVEL CARD WALLET PANTRY,5,16.05.2011 15:53,"0,42",16710.0,United Kingdom
560018,VICTORIAN GLASS HANGING T-LIGHT,6,14.07.2011 12:52,"1,25",15987.0,United Kingdom
573585,MISTLETOE HEART WREATH GREEN,1,31.10.2011 14:41,"8,29",,United Kingdom
543816,4 IVORY DINNER CANDLES SILVER FLOCK,2,13.02.2011 15:26,"2,55",17841.0,United Kingdom
564182,SET OF 20 KIDS COOKIE CUTTERS,24,23.08.2011 14:55,"2,1",17242.0,United Kingdom
581113,MEMO BOARD RETROSPOT  DESIGN,1,07.12.2011 12:19,"4,95",14534.0,United Kingdom
557466,JUMBO BAG DOILEY PATTERNS,10,20.06.2011 13:08,"2,08",13815.0,Germany
567853,SPACEBOY CHILDRENS CUP,4,22.09.2011 13:31,"1,25",15484.0,United Kingdom
552663,JUMBO STORAGE BAG SUKI,6,10.05.2011 15:04,"4,13",,United Kingdom
569234,POLYESTER FILLER PAD 45x45cm,4,02.10.2011 15:33,"1,55",17841.0,United Kingdom
577540,SMALL ZINC HEART WALL ORGANISER,1,20.11.2011 14:28,"5,75",14984.0,United Kingdom
547960,SET OF 6 3D KIT CARDS FOR KIDS,2,28.03.2011 15:27,"0,85",15644.0,United Kingdom
553199,DOORMAT KEEP CALM AND COME IN,3,15.05.2011 15:13,"7,95",17758.0,United Kingdom
543746,RED KITCHEN SCALES,2,11.02.2011 13:50,"8,5",17675.0,United Kingdom
554059,60 CAKE CASES DOLLY GIRL DESIGN,24,20.05.2011 16:25,"0,55",14388.0,United Kingdom
567671,LARGE HANGING IVORY & RED WOOD BIRD,1,21.09.2011 15:34,"1,25",,United Kingdom
565465,3 HEARTS HANGING DECORATION RUSTIC,24,05.09.2011 09:46,"2,95",15364.0,United Kingdom
543048,TV DINNER TRAY AIR HOSTESS,3,03.02.2011 09:58,"4,95",12600.0,Germany
570241,FLORAL FOLK STATIONERY SET,3,09.10.2011 15:24,"1,25",14801.0,United Kingdom
575964,SMALL PARLOUR PICTURE FRAME,1,13.11.2011 12:31,"2,89",15021.0,United Kingdom
554861,RETROSPOT TEA SET CERAMIC 11 PC,3,27.05.2011 10:29,"4,95",12633.0,Germany
570275,PACK OF 6 BIRDY GIFT TAGS,144,10.10.2011 10:57,"1,06",13098.0,United Kingdom
550298,JUMBO BAG RED RETROSPOT,10,15.04.2011 16:11,"2,08",17346.0,United Kingdom
547900,FRENCH CHATEAU SMALL FRUITBOWL,8,28.03.2011 11:51,"2,55",13649.0,United Kingdom
566291,ROTATING SILVER ANGELS T-LIGHT HLDR,4,11.09.2011 15:31,"2,55",12965.0,United Kingdom
559055,SET OF 36 DINOSAUR PAPER DOILIES,1,05.07.2011 17:09,"1,25",,United Kingdom
560537,LUNCH BAG SPACEBOY DESIGN,5,19.07.2011 12:19,"1,65",17779.0,United Kingdom
543293,ORGANISER WOOD ANTIQUE WHITE,2,07.02.2011 11:20,"8,5",17613.0,United Kingdom
555602,GARDENERS KNEELING PAD CUP OF TEA,12,06.06.2011 11:26,"1,65",16235.0,United Kingdom
574965,BUTTON BOX,2,08.11.2011 10:44,"1,95",17964.0,United Kingdom
548198,LADYBIRD + BEE RAFFIA FOOD COVER,2,29.03.2011 16:05,"3,75",16712.0,United Kingdom
579094,LIPSTICK PEN RED,12,28.11.2011 10:56,"0,42",12668.0,Germany
542252,JUMBO BAG RED RETROSPOT,1,26.01.2011 16:01,"4,13",,United Kingdom
555524,PINK REGENCY TEACUP AND SAUCER,1,05.06.2011 11:37,"2,95",16923.0,United Kingdom
576078,HAND WARMER RED LOVE HEART,4,13.11.2011 16:22,"2,1",14432.0,United Kingdom
556071,VICTORIAN  METAL POSTCARD SPRING,8,08.06.2011 14:52,"1,69",15974.0,United Kingdom
544812,NO JUNK MAIL METAL SIGN,1,23.02.2011 15:58,"1,63",,United Kingdom
555368,SET OF 2 TINS JARDIN DE PROVENCE,4,02.06.2011 14:30,"4,95",13437.0,United Kingdom
568878,HOT WATER BOTTLE SEX BOMB,2,29.09.2011 12:34,"4,95",14524.0,United Kingdom
577024,4 LILY  BOTANICAL DINNER CANDLES,6,17.11.2011 12:47,"1,25",14704.0,United Kingdom
559370,CARD DOLLY GIRL,12,08.07.2011 10:01,"0,42",17042.0,United Kingdom
567163,CHILDREN'S APRON DOLLY GIRL,6,18.09.2011 11:31,"2,1",13247.0,United Kingdom
544673,BIG DOUGHNUT FRIDGE MAGNETS,4,22.02.2011 15:46,"0,85",13421.0,United Kingdom
559693,VINTAGE UNION JACK APRON,1,11.07.2011 16:21,"4,13",,United Kingdom
562219,SET OF 60 PANTRY DESIGN CAKE CASES,24,03.08.2011 14:14,"0,55",15089.0,United Kingdom
564339,LOVEBIRD HANGING DECORATION WHITE,12,24.08.2011 14:46,"0,85",15939.0,United Kingdom
557324,FLYING PIG WATERING CAN,1,20.06.2011 09:41,"5,79",,United Kingdom
561513,BATHROOM METAL SIGN,1,27.07.2011 15:12,"1,25",,United Kingdom
539453,"DECOUPAGE,GREETING CARD,",1,17.12.2010 17:08,"0,85",,United Kingdom
559052,BLUE FELT HANGING HEART WITH FLOWER,1,05.07.2011 16:53,"0,63",,United Kingdom
550560,CREAM SWEETHEART MINI CHEST,2,19.04.2011 11:46,"12,75",14242.0,United Kingdom
580729,GREEN REGENCY TEACUP AND SAUCER,6,05.12.2011 17:24,"5,79",,United Kingdom
573305,CERAMIC HEART FAIRY CAKE MONEY BANK,4,28.10.2011 16:13,"1,45",17837.0,United Kingdom
564230,PLASTERS IN TIN VINTAGE PAISLEY,1,24.08.2011 10:22,"3,29",,United Kingdom
553184,SET/20 RED RETROSPOT PAPER NAPKINS,4,15.05.2011 12:33,"0,85",13232.0,United Kingdom
555397,GREEN BIRDHOUSE DECORATION,1,02.06.2011 17:26,"1,63",,United Kingdom
544278,WHEELBARROW FOR CHILDREN,1,17.02.2011 12:01,"12,75",15382.0,United Kingdom
561096,JUMBO BAG APPLES,10,25.07.2011 10:28,"2,08",16099.0,United Kingdom
538153,HEART OF WICKER SMALL,2,09.12.2010 16:31,"4,21",,United Kingdom
581578,SPACEBOY MINI BACKPACK,4,09.12.2011 12:16,"4,15",12713.0,Germany
537237,PAINTED METAL HEART WITH HOLLY BELL,1,06.12.2010 09:58,"2,98",,United Kingdom
567635,RED DINER WALL CLOCK,2,21.09.2011 13:41,"8,5",16523.0,United Kingdom
557955,FILIGRIS HEART WITH BUTTERFLY,24,23.06.2011 18:59,"1,25",16175.0,United Kingdom
546317,CARTOON  PENCIL SHARPENERS,80,11.03.2011 09:07,"0,16",14913.0,United Kingdom
545044,BLUE POLKADOT PLATE,8,27.02.2011 11:31,"1,69",15738.0,United Kingdom
565317,HANGING CLEAR MINI BOTTLE,48,02.09.2011 13:00,"0,63",12921.0,United Kingdom
565234,GREEN VINTAGE SPOT BEAKER,1,02.09.2011 09:38,"1,63",,United Kingdom
555570,ENAMEL BREAD BIN CREAM,2,05.06.2011 15:36,"12,75",15152.0,United Kingdom
547701,,-7,24.03.2011 16:42,0,,United Kingdom
544311,TRAVEL CARD WALLET KEEP CALM,1,17.02.2011 14:19,"0,42",17841.0,United Kingdom
537144,PLEASE ONE PERSON METAL SIGN,1,05.12.2010 13:00,"2,1",15880.0,United Kingdom
547897,EASTER TIN KEEPSAKE,6,28.03.2011 11:36,"1,65",12792.0,Portugal
560580,LUNCH BAG RED RETROSPOT,60,19.07.2011 15:23,"1,45",14088.0,United Kingdom
543277,SET 3 PAPER VINTAGE CHICK PAPER EGG,5,06.02.2011 14:33,"2,95",15808.0,United Kingdom
556106,PLASTERS IN TIN CIRCUS PARADE,3,08.06.2011 16:54,"1,65",14056.0,United Kingdom
545043,ZINC METAL HEART DECORATION,12,27.02.2011 11:05,"1,25",16407.0,United Kingdom
545048,S/4 VALENTINE DECOUPAGE HEART BOX,2,27.02.2011 11:48,"2,95",14810.0,United Kingdom
561911,URBAN BLACK RIBBONS,12,01.08.2011 10:26,"1,25",12534.0,Germany
554083,CARD BIRTHDAY COWBOY,12,22.05.2011 11:51,"0,42",18125.0,United Kingdom
542608,MEDINA STAMPED METAL STOOL,1,30.01.2011 13:51,"39,95",16770.0,United Kingdom
555936,LUNCH BAG APPLE DESIGN,20,08.06.2011 09:16,"1,65",12567.0,France
565849,ROSES REGENCY TEACUP AND SAUCER,12,07.09.2011 12:50,"2,95",14309.0,United Kingdom
541112,RETROSPOT TEA SET CERAMIC 11 PC,6,13.01.2011 15:17,"4,95",18085.0,United Kingdom
544191,HANGING HEART JAR T-LIGHT HOLDER,24,16.02.2011 16:57,"1,25",13089.0,United Kingdom
573078,SET OF 5 LUCKY CAT MAGNETS,12,27.10.2011 14:13,"2,08",12839.0,United Kingdom
569364,MIRROR MOSAIC CANDLE PLATE,6,03.10.2011 15:10,"1,45",13167.0,United Kingdom
549151,,20,06.04.2011 15:33,0,,United Kingdom
576560,MINI PLAYING CARDS DOLLY GIRL,2,15.11.2011 13:21,"0,42",12877.0,United Kingdom
567673,FULL ENGLISH BREAKFAST PLATE,1,21.09.2011 15:43,"7,46",,United Kingdom
564820,GLASS APOTHECARY BOTTLE PERFUME,1,30.08.2011 12:16,"8,29",,United Kingdom
538507,BLACK ENCHANTED FOREST PLACEMAT,1,12.12.2010 13:26,"1,65",15547.0,United Kingdom
568188,CHOCOLATE 3 WICK MORRIS BOX CANDLE,1,25.09.2011 14:33,"4,25",16049.0,United Kingdom
548860,VINTAGE BILLBOARD DRINK ME MUG,2,04.04.2011 13:38,"1,25",13263.0,United Kingdom
548516,SMALL RED RETROSPOT WINDMILL,6,31.03.2011 16:28,"2,46",,United Kingdom
559807,SWEETHEART WIRE WALL TIDY,1,12.07.2011 14:48,"9,95",17841.0,United Kingdom
537604,SLATE TILE NATURAL HANGING,12,07.12.2010 13:01,"1,65",13488.0,United Kingdom
550015,SMALL RED BABUSHKA NOTEBOOK,12,14.04.2011 10:54,"0,85",17735.0,United Kingdom
568531,BLUE OWL SOFT TOY,2,27.09.2011 13:49,"2,95",16713.0,United Kingdom
542662,COFFEE MUG CAT + BIRD DESIGN,6,31.01.2011 12:10,"2,55",18145.0,United Kingdom
564753,FRENCH KITCHEN SIGN BLUE METAL,12,30.08.2011 10:20,"1,25",13709.0,United Kingdom
572540,DOORMAT RED RETROSPOT,1,24.10.2011 16:17,"16,63",,United Kingdom
559923,FOLDING UMBRELLA BLACKBLUE POLKADOT,1,13.07.2011 16:07,"3,29",,United Kingdom
572872,GLITTER BUTTERFLY CLIPS,1,26.10.2011 13:27,"2,55",15320.0,United Kingdom
550496,PARTY BUNTING,1,18.04.2011 15:05,"10,79",,United Kingdom
543916,JUMBO BAG PINK POLKADOT,2,14.02.2011 13:22,"1,95",,United Kingdom
538566,VINTAGE GLASS COFFEE CADDY,1,13.12.2010 11:21,"11,87",,United Kingdom
544303,SET OF 4 ENGLISH ROSE COASTERS,2,17.02.2011 13:28,"1,25",18116.0,United Kingdom
544688,IVORY KITCHEN SCALES,2,23.02.2011 08:29,"8,5",18151.0,United Kingdom
565224,STRAWBERRY LUNCH BOX WITH CUTLERY,3,01.09.2011 19:11,"2,55",14713.0,United Kingdom
577078,SET 12 COLOUR PENCILS LOVE LONDON,1,17.11.2011 15:17,"1,25",,United Kingdom
547035,SET OF 4 PANTRY JELLY MOULDS,12,20.03.2011 10:33,"1,25",13911.0,United Kingdom
550000,ENAMEL FLOWER JUG CREAM,3,14.04.2011 09:18,"5,95",17058.0,United Kingdom
568556,ROTATING SILVER ANGELS T-LIGHT HLDR,6,27.09.2011 15:35,"2,55",15827.0,United Kingdom
562688,WRAP GREEN PEARS,25,08.08.2011 13:53,"0,42",13869.0,United Kingdom
572302,SKULLS GREETING CARD,12,23.10.2011 14:47,"0,42",15427.0,United Kingdom
558475,PACK OF 60 DINOSAUR CAKE CASES,2,29.06.2011 15:58,"1,25",,United Kingdom
577618,RED KITCHEN SCALES,2,21.11.2011 10:27,"8,5",12795.0,Portugal
545216,TEA TIME PARTY BUNTING,1,28.02.2011 16:50,"10,79",,United Kingdom
562926,FRENCH BLUE METAL DOOR SIGN 7,10,10.08.2011 14:55,"1,25",17512.0,United Kingdom
545059,PACK 6 HEART/ICE-CREAM PATCHES,1,27.02.2011 13:04,"1,25",14157.0,United Kingdom
580602,WHITE JEWELLED HEART DECORATION,24,05.12.2011 11:29,"0,85",16149.0,United Kingdom
536755,FULL ENGLISH BREAKFAST PLATE,1,02.12.2010 14:14,"3,75",,United Kingdom
547359,12 PENCILS SMALL TUBE SKULL,3,22.03.2011 12:27,"0,65",15719.0,United Kingdom
568075,BLUE/YELLOW FLOWER DESIGN BIG MUG,2,23.09.2011 14:21,"0,39",14652.0,United Kingdom
546791,ROUND CONTAINER SET OF 5 RETROSPOT,12,17.03.2011 10:38,"1,65",17716.0,United Kingdom
553156,LUNCH BAG APPLE DESIGN,2,13.05.2011 14:58,"1,65",17841.0,United Kingdom
565421,SET OF 3 CAKE TINS SKETCHBOOK,1,04.09.2011 12:10,"4,95",16744.0,United Kingdom
562113,SET OF 4 BLACK LOVEBIRD COASTERS,2,02.08.2011 16:11,"2,46",,United Kingdom
552229,"KEY FOB , GARAGE DESIGN",1,06.05.2011 15:40,"1,63",,United Kingdom
552183,BEWARE OF THE CAT METAL SIGN,3,06.05.2011 13:43,"1,69",17604.0,United Kingdom
555277,BEADED CRYSTAL HEART PINK ON STICK,1,01.06.2011 17:30,"0,83",,United Kingdom
552683,SET/6 RED SPOTTY PAPER PLATES,1,10.05.2011 15:09,"2,46",,United Kingdom
580137,HERB MARKER ROSEMARY,1,01.12.2011 19:54,"0,65",17566.0,United Kingdom
545559,DOLLY GIRL LUNCH BOX,4,03.03.2011 15:31,"1,95",15005.0,United Kingdom
578347,RED KITCHEN SCALES,1,24.11.2011 09:26,"16,63",,United Kingdom
555147,SMALL GLASS HEART TRINKET POT,8,31.05.2011 15:41,"2,1",13505.0,Switzerland
578055,HYACINTH BULB T-LIGHT CANDLES,64,22.11.2011 15:00,"0,42",13986.0,United Kingdom
570108,CHILDRENS TOY COOKING UTENSIL SET,6,07.10.2011 12:25,"2,08",13004.0,United Kingdom
545460,MULTI COLOUR SILVER T-LIGHT HOLDER,4,02.03.2011 17:33,"0,85",13230.0,United Kingdom
545036,KITCHEN METAL SIGN,2,25.02.2011 17:25,"0,55",14573.0,United Kingdom
559038,DINOSAURS  WRITING SET,1,05.07.2011 15:31,"3,29",,United Kingdom
548203,CHILDREN'S APRON DOLLY GIRL,9,29.03.2011 16:40,"4,95",,United Kingdom
580298,BALLOON ART MAKE YOUR OWN FLOWERS,50,02.12.2011 13:54,"0,39",17086.0,United Kingdom
573346,ANGEL DECORATION 3 BUTTONS,8,30.10.2011 12:18,"0,42",17255.0,United Kingdom
547249,WOODEN BOX OF DOMINOES,1,22.03.2011 09:27,"2,46",,United Kingdom
547663,BOX OF 9 PEBBLE CANDLES,5,24.03.2011 13:16,"1,95",16022.0,United Kingdom
542100,GARLAND WOODEN HAPPY EASTER,5,25.01.2011 13:15,"1,25",15339.0,United Kingdom
558777,ENVELOPE 50 BLOSSOM IMAGES,1,04.07.2011 10:23,"0,83",,United Kingdom
563111,SMALL WHITE HEART OF WICKER,12,12.08.2011 11:08,"1,65",15249.0,United Kingdom
542794,BEADED PEARL HEART WHITE ON STICK,2,01.02.2011 10:56,"0,83",,United Kingdom
553214,FRENCH GARDEN SIGN BLUE METAL,12,16.05.2011 09:49,"1,25",13408.0,United Kingdom
547397,YOU'RE CONFUSING ME METAL SIGN,1,22.03.2011 16:55,"4,13",,United Kingdom
560580,WOODEN PICTURE FRAME WHITE FINISH,54,19.07.2011 15:23,"2,1",14088.0,United Kingdom
540809,GLASS JAR DIGESTIVE BISCUITS,6,11.01.2011 12:37,"2,95",18095.0,United Kingdom
536544,LOVE HEART NAPKIN BOX,1,01.12.2010 14:32,"8,47",,United Kingdom
559817,PICNIC BASKET WICKER SMALL,1,12.07.2011 16:20,"10,79",,United Kingdom
547799,TRAVEL CARD WALLET KEEP CALM,24,25.03.2011 12:48,"0,42",17139.0,United Kingdom
540469,CARD CIRCUS PARADE,12,07.01.2011 14:04,"0,42",12484.0,Spain
547498,SET OF 6 HEART CHOPSTICKS,1,23.03.2011 12:24,"1,25",15021.0,United Kingdom
537041,RETRO COFFEE MUGS ASSORTED,2,05.12.2010 10:36,"1,25",16033.0,United Kingdom
537604,FELTCRAFT CUSHION RABBIT,4,07.12.2010 13:01,"3,75",13488.0,United Kingdom
575930,STAR WOODEN CHRISTMAS DECORATION,1,11.11.2011 17:58,"1,63",,United Kingdom
546148,?,-100,09.03.2011 16:43,0,,United Kingdom
570693,HEART FILIGREE DOVE  SMALL,5,11.10.2011 16:50,"1,25",16161.0,United Kingdom
579332,COOK WITH WINE METAL SIGN,24,29.11.2011 11:41,"2,08",14408.0,United Kingdom
562457,TRAVEL CARD WALLET PANTRY,48,05.08.2011 11:00,"0,42",18079.0,United Kingdom
537666,12 PENCILS SMALL TUBE RED RETROSPOT,1,07.12.2010 18:36,"1,28",,United Kingdom
540168,SET OF 72 RETROSPOT PAPER  DOILIES,2,05.01.2011 12:15,"1,45",13715.0,United Kingdom
546896,JARDIN ETCHED GLASS SMALL BELL JAR,2,17.03.2011 18:24,"11,63",,United Kingdom
575176,BAKING SET 9 PIECE RETROSPOT,2,08.11.2011 18:29,"10,79",,United Kingdom
557248,CHERRY BLOSSOM  DECORATIVE FLASK,4,17.06.2011 15:22,"3,75",14491.0,United Kingdom
537395,HOT WATER BOTTLE TEA AND SYMPATHY,1,06.12.2010 14:05,"3,95",15356.0,United Kingdom
570455,LAUNDRY 15C METAL SIGN,1,10.10.2011 15:27,"1,45",14529.0,United Kingdom
564562,CHARLOTTE BAG SUKI DESIGN,10,26.08.2011 09:58,"0,85",15203.0,United Kingdom
552267,DOORMAT KEEP CALM AND COME IN,1,08.05.2011 11:49,"7,95",15038.0,United Kingdom
567166,FRENCH BLUE METAL DOOR SIGN No,12,18.09.2011 12:15,"1,25",13078.0,United Kingdom
538353,HAWAIIAN GRASS SKIRT,1,10.12.2010 15:31,"1,25",13798.0,United Kingdom
556195,JUMBO BAG RED RETROSPOT,10,09.06.2011 12:21,"2,08",16745.0,United Kingdom
542344,SET OF 6 CAKE CHOPSTICKS,2,27.01.2011 11:30,"2,46",,United Kingdom
543001,DOORMAT 3 SMILEY CATS,2,02.02.2011 12:26,"7,95",14127.0,United Kingdom
571498,WOODEN PICTURE FRAME WHITE FINISH,1,17.10.2011 15:06,"2,95",17841.0,United Kingdom
541695,ROBOT BIRTHDAY CARD,1,20.01.2011 18:01,"0,83",,United Kingdom
557614,TRAVEL CARD WALLET SUKI,96,21.06.2011 13:22,"0,42",16394.0,United Kingdom
553175,BLOSSOM  IMAGES NOTEBOOK SET,1,15.05.2011 11:17,"1,25",,United Kingdom
581219,RETROSPOT TEA SET CERAMIC 11 PC,2,08.12.2011 09:28,"10,79",,United Kingdom
551258,CUTE CATS TAPE,12,27.04.2011 12:02,"0,65",12621.0,Germany
579187,FRENCH LAUNDRY SIGN BLUE METAL,1,28.11.2011 15:31,"3,29",,United Kingdom
570830,SET OF 36 PAISLEY FLOWER DOILIES,12,12.10.2011 13:20,"1,45",14852.0,United Kingdom
573338,GREEN REGENCY TEACUP AND SAUCER,2,30.10.2011 11:47,"2,95",14546.0,United Kingdom
560090,JUMBO BAG SCANDINAVIAN BLUE PAISLEY,1,14.07.2011 16:46,"4,13",,United Kingdom
574327,YOU'RE CONFUSING ME METAL SIGN,12,04.11.2011 09:03,"1,69",13013.0,United Kingdom
555949,LUNCH BAG RED RETROSPOT,10,08.06.2011 10:50,"1,65",16626.0,United Kingdom
560239,WRAP ENGLISH ROSE,25,17.07.2011 11:50,"0,42",13507.0,United Kingdom
566864,FELTCRAFT PRINCESS CHARLOTTE DOLL,1,15.09.2011 12:51,"3,75",17786.0,United Kingdom
554322,PACK OF 20 NAPKINS PANTRY DESIGN,12,23.05.2011 15:33,"0,85",17512.0,United Kingdom
568583,JUMBO BAG VINTAGE LEAF,3,28.09.2011 10:09,"2,08",15584.0,United Kingdom
550499,RIDGED GLASS POSY VASE,1,18.04.2011 15:16,"1,63",,United Kingdom
565233,BLACK SWEETHEART BRACELET,1,02.09.2011 09:34,"4,15",,United Kingdom
569568,TEATIME ROUND PENCIL SHARPENER,24,05.10.2011 09:57,"0,12",12700.0,France
564764,"GREETING CARD,SQUARE, DOUGHNUTS",1,30.08.2011 10:49,"0,83",14096.0,United Kingdom
580720,BOOM BOX SPEAKER GIRLS,2,05.12.2011 16:55,"1,25",14629.0,United Kingdom
580294,GINGHAM HEART  DOORSTOP RED,1,02.12.2011 13:46,"1,95",17364.0,United Kingdom
537240,CHRISTMAS HANGING TREE WITH BELL,1,06.12.2010 10:08,"2,51",,United Kingdom
552835,WRAP BILLBOARD FONTS DESIGN,25,11.05.2011 14:17,"0,42",17664.0,United Kingdom
559171,CHARLOTTE BAG SUKI DESIGN,10,07.07.2011 08:21,"0,85",17651.0,United Kingdom
545062,ENAMEL MEASURING JUG CREAM,1,27.02.2011 14:07,"4,25",12748.0,United Kingdom
544445,MAGNETS PACK OF 4 CHILDHOOD MEMORY,3,20.02.2011 10:56,"1,25",16746.0,United Kingdom
544778,CLOTHES PEGS RETROSPOT PACK 24,2,23.02.2011 12:03,"1,49",14978.0,United Kingdom
575495,HAND WARMER RED RETROSPOT,24,10.11.2011 09:09,"2,1",14944.0,United Kingdom
571671,HOT WATER BOTTLE TEA AND SYMPATHY,4,18.10.2011 13:15,"4,25",16940.0,United Kingdom
547396,RED RETROSPOT CUP,5,22.03.2011 16:54,"1,63",,United Kingdom
579458,LUNCH BAG CARS BLUE,1,29.11.2011 14:38,"1,65",16549.0,United Kingdom
581146,CARAVAN SQUARE TISSUE BOX,4,07.12.2011 13:53,"0,39",17602.0,United Kingdom
564022,JUMBO BAG ALPHABET,10,22.08.2011 12:10,"2,08",13269.0,United Kingdom
552364,STRAWBERRY CERAMIC TRINKET BOX,12,09.05.2011 12:25,"1,25",13004.0,United Kingdom
580367,HANGING METAL HEART LANTERN,2,02.12.2011 16:39,"3,29",,United Kingdom
575621,PANTRY MAGNETIC  SHOPPING LIST,1,10.11.2011 13:03,"1,45",16892.0,United Kingdom
577057,GARDENERS KNEELING PAD KEEP CALM,1,17.11.2011 14:26,"1,65",12748.0,United Kingdom
575117,MAGNETS PACK OF 4 HOME SWEET HOME,1,08.11.2011 14:22,"0,39",12748.0,United Kingdom
575739,CLASSIC CHROME BICYCLE BELL,1,11.11.2011 09:05,"3,29",,United Kingdom
581400,DOORMAT FANCY FONT HOME SWEET HOME,2,08.12.2011 13:36,"8,25",14056.0,United Kingdom
539475,PINK OWL SOFT TOY,2,19.12.2010 14:41,"2,95",16686.0,United Kingdom
570488,RED RETROSPOT UMBRELLA,1,10.10.2011 17:12,"12,46",14096.0,United Kingdom
544330,BROCADE RING PURSE,1,17.02.2011 16:59,"0,29",17576.0,United Kingdom
570448,SET OF 3 WOODEN TREE DECORATIONS,6,10.10.2011 14:55,"1,25",13224.0,United Kingdom
569983,RIBBON REEL STRIPES DESIGN,2,06.10.2011 19:49,"1,65",17231.0,United Kingdom
576556,SET OF 3 NOTEBOOKS IN PARCEL,12,15.11.2011 13:07,"1,65",14640.0,United Kingdom
551414,FRENCH BLUE METAL DOOR SIGN 7,10,28.04.2011 13:35,"1,25",15622.0,United Kingdom
560773,DRAWER KNOB CRACKLE GLAZE IVORY,4,20.07.2011 16:17,"3,29",,United Kingdom
571272,SILVER BELLS TABLE DECORATION,24,16.10.2011 12:19,"1,25",13878.0,United Kingdom
559817,SMALL CHOCOLATES PINK BOWL,1,12.07.2011 16:20,"0,83",,United Kingdom
573179,TRAVEL CARD WALLET VINTAGE TICKET,24,28.10.2011 10:56,"0,42",13199.0,United Kingdom
581020,DOILY THANK YOU CARD,72,07.12.2011 10:12,"0,36",17511.0,United Kingdom
546985,PANTRY SCRUBBING BRUSH,12,18.03.2011 12:41,"1,65",18270.0,United Kingdom
544115,POPPY'S PLAYHOUSE KITCHEN,12,16.02.2011 11:45,"2,1",12727.0,France
562264,RED RETROSPOT TAPE,2,03.08.2011 16:14,"0,42",,United Kingdom
539946,POSTAGE,1,23.12.2010 11:46,18,13817.0,Germany
566717,FELT TOADSTOOL  SMALL,2,14.09.2011 12:14,"0,85",17841.0,United Kingdom
539451,LARGE POPCORN HOLDER,4,17.12.2010 16:59,"3,36",,United Kingdom
558539,WHITE HANGING HEART T-LIGHT HOLDER,6,30.06.2011 12:14,"2,95",16556.0,United Kingdom
569481,SET 12 COLOUR PENCILS DOLLY GIRL,16,04.10.2011 12:43,"0,65",15255.0,United Kingdom
554832,PACK OF 60 DINOSAUR CAKE CASES,24,26.05.2011 15:30,"0,55",16092.0,United Kingdom
573768,POSTAGE,3,01.11.2011 10:02,40,12552.0,Italy
547810,STRAWBERRY   PICNIC BAG,1,25.03.2011 14:00,"2,95",,United Kingdom
580367,SPACE FROG,2,02.12.2011 16:39,"2,46",,United Kingdom
546525,HANGING HEART ZINC T-LIGHT HOLDER,24,14.03.2011 12:58,"0,85",14733.0,United Kingdom
568780,VINTAGE CHRISTMAS PAPER GIFT BAG,20,29.09.2011 08:27,"0,82",18235.0,United Kingdom
572219,WOOD 2 DRAWER CABINET WHITE FINISH,2,21.10.2011 13:17,"6,95",17463.0,United Kingdom
563076,CHRISTMAS METAL TAGS ASSORTED,144,11.08.2011 16:12,"0,72",14646.0,Netherlands
536446,RETROSPOT CHILDRENS APRON,1,01.12.2010 12:15,"1,95",15983.0,United Kingdom
565236,JUMBO STORAGE BAG SKULLS,10,02.09.2011 09:45,"2,08",14276.0,United Kingdom
563205,TRAVEL CARD WALLET VINTAGE TICKET,24,14.08.2011 12:03,"0,42",14040.0,United Kingdom
561658,ALARM CLOCK BAKELIKE RED,1,28.07.2011 16:06,"3,75",12743.0,Unspecified
574654,HAND WARMER RED LOVE HEART,1,06.11.2011 11:32,"2,1",15571.0,United Kingdom
545333,SET OF 6 SPICE TINS PANTRY DESIGN,3,01.03.2011 16:22,"8,29",,United Kingdom
558452,RED RETROSPOT PLATE,8,29.06.2011 13:51,"1,69",15208.0,United Kingdom
550989,GREEN REGENCY TEACUP AND SAUCER,1,21.04.2011 18:22,"2,95",13969.0,United Kingdom
554556,WRAP POPPIES  DESIGN,25,25.05.2011 10:11,"0,42",13098.0,United Kingdom
580865,VINTAGE SEASIDE JIGSAW PUZZLES,1,06.12.2011 11:58,"3,75",17914.0,United Kingdom
564747,RECIPE BOX PANTRY YELLOW DESIGN,1,28.08.2011 16:09,"2,95",14869.0,United Kingdom
539437,SANDWICH BATH SPONGE,6,17.12.2010 14:54,"2,51",,United Kingdom
559000,MINI CAKE STAND  HANGING STRAWBERY,1,05.07.2011 12:15,"1,65",14099.0,United Kingdom
563210,PACK OF SIX LED TEA LIGHTS,2,14.08.2011 12:27,"2,89",16466.0,United Kingdom
553911,CERAMIC STRAWBERRY DESIGN MUG,4,19.05.2011 19:02,"1,49",18168.0,United Kingdom
559551,PHOTO FRAME CORNICE,2,10.07.2011 16:18,"2,95",16877.0,United Kingdom
569415,TREASURE TIN GYMKHANA DESIGN,1,04.10.2011 10:14,"4,13",,United Kingdom
540543,WOOD S/3 CABINET ANT WHITE FINISH,2,09.01.2011 15:23,"7,95",14395.0,United Kingdom
571931,PAINTED METAL STAR WITH HOLLY BELLS,1,19.10.2011 16:59,"0,83",,United Kingdom
554933,PACK OF 60 DINOSAUR CAKE CASES,10,27.05.2011 13:26,"0,55",13232.0,United Kingdom
572553,ROSES REGENCY TEACUP AND SAUCER,4,24.10.2011 17:09,"5,79",,United Kingdom
561217,VINTAGE SNAP CARDS,3,25.07.2011 17:09,"1,63",,United Kingdom
537346,ROCKING HORSE GREEN CHRISTMAS,12,06.12.2010 12:21,"0,85",15301.0,United Kingdom
545667,BATHROOM METAL SIGN,2,04.03.2011 16:07,"1,25",,United Kingdom
567866,VINTAGE UNION JACK APRON,5,22.09.2011 14:13,"6,95",16669.0,United Kingdom
563093,PHARMACIE FIRST AID TIN,1,11.08.2011 17:28,"13,29",,United Kingdom
545027,BLUE POLKADOT CUP,4,25.02.2011 14:59,"1,63",,United Kingdom
546753,DELUXE SEWING KIT,2,16.03.2011 13:00,"5,95",16383.0,United Kingdom
540951,RED RETROSPOT ROUND CAKE TINS,12,12.01.2011 13:10,"8,95",13113.0,United Kingdom
549387,WRAP ALPHABET DESIGN,25,08.04.2011 11:33,"0,42",13178.0,United Kingdom
564740,TRAVEL CARD WALLET TRANSPORT,3,28.08.2011 14:39,"0,42",14044.0,United Kingdom
544657,VINTAGE UNION JACK MEMOBOARD,2,22.02.2011 13:08,"9,95",14895.0,United Kingdom
547428,PLEASE ONE PERSON METAL SIGN,12,23.03.2011 10:51,"2,1",14870.0,United Kingdom
545635,CERAMIC STRAWBERRY CAKE MONEY BANK,12,04.03.2011 12:14,"1,45",13557.0,United Kingdom
542932,DOORMAT UNION JACK GUNS AND ROSES,4,02.02.2011 10:54,"7,95",13089.0,United Kingdom
537242,CAKE SHOP  STICKER SHEET,12,06.12.2010 10:19,"0,85",14748.0,United Kingdom
553045,CHILDRENS APRON SPACEBOY DESIGN,50,13.05.2011 09:33,"1,65",12770.0,Japan
545592,SET OF 4 PANTRY JELLY MOULDS,12,04.03.2011 10:30,"1,25",17581.0,United Kingdom
548308,LONDON BUS COFFEE MUG,6,30.03.2011 12:00,"2,55",17220.0,United Kingdom
550290,TABLECLOTH RED APPLES DESIGN,2,15.04.2011 14:45,"9,95",15246.0,United Kingdom
540003,NATURAL SLATE HEART CHALKBOARD,6,04.01.2011 10:37,"2,95",16875.0,United Kingdom
581439,CHRISTMAS PUDDING TRINKET POT,2,08.12.2011 16:30,"1,63",,United Kingdom
559338,PACK OF 20 SPACEBOY NAPKINS,2,07.07.2011 16:30,"1,63",,United Kingdom
570488,DOLLY GIRL CHILDRENS CUP,2,10.10.2011 17:12,"2,46",14096.0,United Kingdom
574914,HELLO SAILOR BLUE SOAP HOLDER,2,07.11.2011 16:16,"1,69",17109.0,United Kingdom
547830,FOOD CONTAINER SET 3 LOVE HEART,1,25.03.2011 15:50,"4,13",,United Kingdom
538035,RED GINGHAM ROSE JEWELLERY BOX,2,09.12.2010 13:03,"1,65",16065.0,United Kingdom
560203,WHITE SPOT BLUE CERAMIC DRAWER KNOB,96,15.07.2011 13:13,"1,06",15311.0,United Kingdom
547420,COLOUR GLASS T-LIGHT HOLDER HANGING,16,23.03.2011 10:43,"0,65",15449.0,United Kingdom
560772,AIRLINE BAG VINTAGE JET SET RED,1,20.07.2011 16:12,"4,13",,United Kingdom
540848,12 DAISY PEGS IN WOOD BOX,1,12.01.2011 09:26,"3,36",,United Kingdom
572218,6 GIFT TAGS VINTAGE CHRISTMAS,12,21.10.2011 13:13,"0,83",16311.0,United Kingdom
553156,WOOD STAMP SET THANK YOU,1,13.05.2011 14:58,"1,65",17841.0,United Kingdom
549729,EASTER BUNNY GARLAND OF FLOWERS,3,11.04.2011 16:17,"0,42",13634.0,United Kingdom
547547,LUNCH BOX I LOVE LONDON,2,23.03.2011 15:30,"4,13",,United Kingdom
559704,BLUE POLKADOT BOWL,8,12.07.2011 09:54,"1,25",12669.0,France
578515,3 HEARTS HANGING DECORATION RUSTIC,1,24.11.2011 13:40,"2,95",16885.0,United Kingdom
577540,BELLE JARDINIERE CUSHION COVER,2,20.11.2011 14:28,"3,75",14984.0,United Kingdom
549153,WOODEN UNION JACK BUNTING,6,06.04.2011 15:47,"5,95",13771.0,United Kingdom
564729,WHITE WICKER STAR,1,28.08.2011 12:44,"2,1",13137.0,United Kingdom
575627,DOORMAT VINTAGE LEAF,2,10.11.2011 13:28,"8,25",17977.0,United Kingdom
557502,PACK OF 6 LARGE FRUIT STRAWS,8,20.06.2011 15:32,"1,25",,United Kingdom
565845,JUMBO BAG PINK POLKADOT,20,07.09.2011 12:21,"2,08",14709.0,United Kingdom
550620,GLITTER BUTTERFLY CLIPS,12,19.04.2011 13:39,"2,55",12585.0,Germany
537764,FRAPPUCINO SCARF KNITTING KIT,1,08.12.2010 12:06,"2,95",16893.0,United Kingdom
572860,LUNCH BAG  BLACK SKULL.,10,26.10.2011 12:42,"1,65",17470.0,United Kingdom
544278,STRAWBERRY HONEYCOMB  GARLAND,12,17.02.2011 12:01,"1,65",15382.0,United Kingdom
569383,MINT DINER WALL CLOCK,4,03.10.2011 16:46,"8,5",15159.0,United Kingdom
568044,BAKING SET 9 PIECE RETROSPOT,3,23.09.2011 12:10,"4,95",15763.0,United Kingdom
578065,MUSICAL ZINC HEART DECORATION,1,22.11.2011 15:41,"0,83",,United Kingdom
567236,LUNCH BAG APPLE DESIGN,10,19.09.2011 11:33,"1,65",14735.0,United Kingdom
553219,BREAD BIN DINER STYLE IVORY,1,16.05.2011 09:57,"16,95",13769.0,United Kingdom
545441,SET OF 20 KIDS COOKIE CUTTERS,12,02.03.2011 16:17,"2,1",14657.0,United Kingdom
562955,VICTORIAN SEWING BOX MEDIUM,6,11.08.2011 10:14,"15,79",,United Kingdom
576644,DOORMAT WELCOME TO OUR HOME,1,16.11.2011 10:01,"16,63",,United Kingdom
572553,GIN + TONIC DIET METAL SIGN,3,24.10.2011 17:09,"4,96",,United Kingdom
561869,SPACEBOY CHILDRENS BOWL,2,31.07.2011 11:38,"1,25",16764.0,United Kingdom
569257,SPACEBOY WALL ART,96,03.10.2011 11:24,"2,66",18102.0,United Kingdom
564350,NO JUNK MAIL METAL SIGN,24,24.08.2011 14:57,"0,39",14401.0,United Kingdom
571883,GUMBALL COAT RACK,1,19.10.2011 13:58,"2,55",14704.0,United Kingdom
559469,IVORY KITCHEN SCALES,2,08.07.2011 13:37,"8,5",15182.0,United Kingdom
540832,RED RETROSPOT CUP,2,11.01.2011 14:42,"1,63",,United Kingdom
570855,ROLL WRAP 50'S CHRISTMAS,12,12.10.2011 14:56,"1,25",17314.0,United Kingdom
541827,ENGLISH ROSE SPIRIT LEVEL,1,21.01.2011 17:05,"3,29",,United Kingdom
574481,POPPY'S PLAYHOUSE BEDROOM,1,04.11.2011 12:45,"2,1",18022.0,United Kingdom
573287,JUMBO BAG OWLS,10,28.10.2011 14:42,"2,08",14194.0,United Kingdom
538991,POTTERING MUG,36,15.12.2010 11:53,"0,42",17511.0,United Kingdom
562521,SET OF 16 VINTAGE RED CUTLERY,1,05.08.2011 12:48,"12,75",17457.0,United Kingdom
542542,GUMBALL COAT RACK,6,28.01.2011 14:37,"2,55",12431.0,Australia
560033,STAR DECORATION PAINTED ZINC,24,14.07.2011 13:28,"0,65",12388.0,Australia
572861,GLASS SPHERE CANDLE STAND MEDIUM,1,26.10.2011 12:46,"5,45",14102.0,United Kingdom
561119,ALARM CLOCK BAKELIKE ORANGE,4,25.07.2011 12:34,"3,75",17719.0,United Kingdom
575477,CARDHOLDER GINGHAM STAR,1,09.11.2011 16:14,"4,96",,United Kingdom
567975,WHITE SPOT RED CERAMIC DRAWER KNOB,24,23.09.2011 10:25,"1,45",17416.0,United Kingdom
569670,HEART MIRROR ANTIQUE WHITE,2,05.10.2011 13:47,"7,5",14730.0,United Kingdom
553997,SPACEBOY LUNCH BOX,64,20.05.2011 11:34,"1,65",12656.0,France
572229,RIBBON REEL SNOWY VILLAGE,10,21.10.2011 14:23,"1,65",14329.0,United Kingdom
550939,SILVER HANGING T-LIGHT HOLDER,12,21.04.2011 15:25,"1,65",16146.0,United Kingdom
576520,SMALL WHITE HEART OF WICKER,4,15.11.2011 12:33,"1,65",14467.0,United Kingdom
557112,JUMBO BAG APPLES,1,16.06.2011 16:31,"4,13",,United Kingdom
554096,SMALL SKULL WINDMILL,24,22.05.2011 12:51,"1,25",14921.0,United Kingdom
559506,WALL TIDY RETROSPOT,5,08.07.2011 15:17,"1,63",,United Kingdom
576463,SPACE FROG,1,15.11.2011 11:37,"1,25",17974.0,United Kingdom
580654,CUPID DESIGN SCENTED CANDLES,1,05.12.2011 13:37,"1,25",15854.0,United Kingdom
544190,TRAVEL CARD WALLET FLOWER MEADOW,24,16.02.2011 16:56,"0,42",13089.0,United Kingdom
577020,HEART FILIGREE DOVE  SMALL,24,17.11.2011 12:32,"1,25",17147.0,United Kingdom
538662,SET/6 BLACK BIRD T-LIGHT CANDLES,24,13.12.2010 15:44,"0,85",15159.0,United Kingdom
540855,CHILLI LIGHTS,72,12.01.2011 10:14,"4,25",16353.0,United Kingdom
550323,CARD GINGHAM ROSE,24,17.04.2011 12:57,"0,42",13692.0,United Kingdom
570488,SET/6 RED SPOTTY PAPER PLATES,5,10.10.2011 17:12,"0,83",14096.0,United Kingdom
542625,HANGING HEART WITH BELL,4,31.01.2011 09:50,"2,46",,United Kingdom
558532,LUNCH BAG WOODLAND,2,30.06.2011 11:32,"1,65",15039.0,United Kingdom
576995,WOODEN ADVENT CALENDAR RED,12,17.11.2011 11:59,"7,95",16298.0,United Kingdom
579167,TRADITIONAL NAUGHTS & CROSSES,4,28.11.2011 14:06,"1,65",16800.0,United Kingdom
574934,WALL ART 70'S ALPHABET,2,07.11.2011 16:50,"8,25",16717.0,United Kingdom
581352,PLASTERS IN TIN SPACEBOY,1,08.12.2011 12:26,"1,65",14698.0,United Kingdom
578921,PACK OF 60 DINOSAUR CAKE CASES,1,27.11.2011 11:57,"0,55",13596.0,United Kingdom
543921,MULTICOLOUR EASTER RABBIT,6,14.02.2011 14:13,"1,95",13911.0,United Kingdom
575846,POPPY'S PLAYHOUSE BATHROOM,2,11.11.2011 12:07,"2,1",17364.0,United Kingdom
570049,CHRISTMAS LIGHTS 10 SANTAS,2,07.10.2011 10:55,"8,5",17228.0,United Kingdom
562342,JUMBO BAG RED RETROSPOT,10,04.08.2011 12:13,"2,08",16929.0,United Kingdom
569555,WHITE SKULL HOT WATER BOTTLE,4,05.10.2011 08:17,"4,25",17728.0,United Kingdom
558614,BASKET OF FLOWERS SEWING KIT,1,30.06.2011 15:56,"0,79",,United Kingdom
559342,FRIDGE MAGNETS LES ENFANTS ASSORTED,12,07.07.2011 16:59,"0,85",14493.0,United Kingdom
564756,STRAWBERRY CERAMIC TRINKET BOX,3,30.08.2011 10:33,"2,46",,United Kingdom
569736,PACK OF 12 VINTAGE CHRISTMAS TISSUE,24,06.10.2011 10:44,"0,39",14317.0,United Kingdom
557153,TRIPLE HOOK ANTIQUE IVORY ROSE,3,17.06.2011 11:07,"3,29",13735.0,United Kingdom
541424,CHRISTMAS TREE STAR DECORATION,1,17.01.2011 17:57,"0,42",,United Kingdom
550628,RED STAR CARD HOLDER,1,19.04.2011 14:37,"2,95",13101.0,United Kingdom
549553,EASTER DECORATION SITTING BUNNY,6,10.04.2011 12:22,"0,85",16931.0,United Kingdom
565150,EMBOSSED GLASS TEALIGHT HOLDER,24,01.09.2011 14:26,"1,06",14298.0,United Kingdom
557858,CHRISTMAS STAR WISH LIST CHALKBOARD,5,23.06.2011 11:51,"1,25",14159.0,United Kingdom
543276,MEMO BOARD RETROSPOT  DESIGN,16,06.02.2011 13:57,"4,25",16525.0,United Kingdom
569253,ANTIQUE SILVER TEA GLASS ENGRAVED,12,03.10.2011 10:55,"1,25",13635.0,United Kingdom
559160,DRAWER KNOB CRACKLE GLAZE GREEN,12,06.07.2011 16:15,"1,65",17293.0,United Kingdom
572565,LUNCH BAG PAISLEY PARK,10,25.10.2011 10:17,"1,65",16762.0,United Kingdom
541592,WHITE LOVEBIRD LANTERN,2,19.01.2011 15:08,"5,79",,United Kingdom
564049,MINI PAINTED GARDEN DECORATION,12,22.08.2011 13:30,"0,29",17585.0,United Kingdom
571123,DOG LICENCE WALL ART,4,14.10.2011 09:35,"5,95",14856.0,United Kingdom
550313,DOORMAT RESPECTABLE HOUSE,4,17.04.2011 11:21,"7,95",12681.0,France
552547,REGENCY TEA PLATE GREEN,12,10.05.2011 10:34,"1,65",13098.0,United Kingdom
550499,SET/4 RED MINI ROSE CANDLE IN BOWL,1,18.04.2011 15:16,"1,63",,United Kingdom
565234,BUNDLE OF 3 ALPHABET EXERCISE BOOKS,1,02.09.2011 09:38,"3,29",,United Kingdom
576852,SET OF 3 WOODEN HEART DECORATIONS,3,16.11.2011 15:45,"1,25",16809.0,United Kingdom
556791,RED STRIPE CERAMIC DRAWER KNOB,4,14.06.2011 13:51,"1,25",16928.0,United Kingdom
560305,DOLLY GIRL LUNCH BOX,1,18.07.2011 10:49,"1,95",16511.0,United Kingdom
567793,GREEN REGENCY TEACUP AND SAUCER,6,22.09.2011 11:40,"2,95",12657.0,France
572732,SET/5 RED RETROSPOT LID GLASS BOWLS,2,25.10.2011 15:21,"2,95",18079.0,United Kingdom
541424,PACK 3 IRON ON DOG PATCHES,5,17.01.2011 17:57,"0,83",,United Kingdom
578347,SMALL RED BABUSHKA NOTEBOOK,1,24.11.2011 09:26,"0,85",,United Kingdom
548492,ANTIQUE CREAM CUTLERY CUPBOARD,1,31.03.2011 13:14,"12,75",17841.0,United Kingdom
574474,SET OF 20 VINTAGE CHRISTMAS NAPKINS,1,04.11.2011 12:05,"0,85",17979.0,United Kingdom
563189,SPOTTY BUNTING,3,12.08.2011 15:22,"4,95",12682.0,France
538007,GREY HEART HOT WATER BOTTLE,4,09.12.2010 12:16,"3,75",14355.0,United Kingdom
541849,SET OF 72 RETROSPOT PAPER  DOILIES,2,23.01.2011 13:34,"1,45",13230.0,United Kingdom
548373,SINGLE HEART ZINC T-LIGHT HOLDER,1,30.03.2011 16:34,"2,08",,United Kingdom
539580,WRAP CIRCUS PARADE,25,20.12.2010 12:51,"0,42",15312.0,United Kingdom
580516,3D CHRISTMAS STAMPS STICKERS,3,04.12.2011 14:15,"1,25",17954.0,United Kingdom
574298,CARDHOLDER HOLLY WREATH METAL,3,03.11.2011 15:56,"7,46",,United Kingdom
576025,GROW YOUR OWN BASIL IN ENAMEL MUG,4,13.11.2011 14:34,"2,1",13232.0,United Kingdom
562046,RED BABY BUNTING,5,02.08.2011 10:34,"2,95",12378.0,Switzerland
548373,SET 20 NAPKINS FAIRY CAKES DESIGN,1,30.03.2011 16:34,"1,63",,United Kingdom
536862,SINGLE HEART ZINC T-LIGHT HOLDER,2,03.12.2010 11:13,"2,13",,United Kingdom
545706,WOODEN PICTURE FRAME WHITE FINISH,6,07.03.2011 09:10,"2,55",12712.0,Germany
559163,HERB MARKER PARSLEY,1,06.07.2011 16:33,"1,63",,United Kingdom
539958,PINK HEARTS LIGHT CHAIN,3,23.12.2010 13:26,"2,51",,United Kingdom
547399,JUMBO STORAGE BAG SUKI,5,22.03.2011 16:55,"4,13",,United Kingdom
550823,PINK FAIRY CAKE CHILDRENS APRON,50,21.04.2011 09:36,"1,65",16133.0,United Kingdom
538397,EASTER TIN BUNNY BOUQUET,60,12.12.2010 11:44,"1,65",12753.0,Japan
544455,SET 3 PAPER VINTAGE CHICK PAPER EGG,2,20.02.2011 13:18,"2,95",13097.0,United Kingdom
554961,JUMBO BAG RED RETROSPOT,1,27.05.2011 15:19,"4,13",,United Kingdom
546639,SET/10 PINK POLKADOT PARTY CANDLES,24,15.03.2011 12:54,"1,25",13971.0,United Kingdom
551833,GIN + TONIC DIET METAL SIGN,12,04.05.2011 13:12,"2,55",16779.0,United Kingdom
577332,HOT WATER BOTTLE TEA AND SYMPATHY,4,18.11.2011 14:25,"4,25",13013.0,United Kingdom
580644,ANGEL DECORATION STARS ON DRESS,7,05.12.2011 13:10,"0,42",16904.0,United Kingdom
581439,CHRISTMAS GINGHAM STAR,8,08.12.2011 16:30,"1,63",,United Kingdom
544846,SAVOY ART DECO CLOCK,1,24.02.2011 11:11,"12,75",16719.0,United Kingdom
555520,VINTAGE BILLBOARD DRINK ME MUG,1,05.06.2011 11:14,"1,25",15038.0,United Kingdom
563070,QUEEN OF THE SKIES PASSPORT COVER,4,11.08.2011 15:34,"2,1",14099.0,United Kingdom
579787,JUMBO BAG PINK POLKADOT,2,30.11.2011 15:33,"4,13",,United Kingdom
537754,WHITE HANGING HEART T-LIGHT HOLDER,3,08.12.2010 11:16,"2,95",16081.0,United Kingdom
568671,6 GIFT TAGS 50'S CHRISTMAS,24,28.09.2011 13:13,"0,83",13139.0,United Kingdom
550796,DOORMAT UNION FLAG,1,20.04.2011 14:38,"7,95",17211.0,United Kingdom
562101,ROUND CAKE TIN VINTAGE GREEN,2,02.08.2011 14:04,"7,95",13850.0,United Kingdom
574714,FOLKART CLIP ON STARS,3,06.11.2011 14:29,"0,39",15427.0,United Kingdom
537823,MILK BOTTLE WITH GLASS STOPPER,1,08.12.2010 14:25,"14,43",,United Kingdom
551344,EDWARDIAN PARASOL NATURAL,12,28.04.2011 09:02,"5,95",16187.0,United Kingdom
547358,DOORMAT WELCOME PUPPIES,1,22.03.2011 12:25,"7,95",15998.0,United Kingdom
561658,PACK OF 6 BIRDY GIFT TAGS,1,28.07.2011 16:06,"1,25",12743.0,Unspecified
577557,SET OF 60 PANTRY DESIGN CAKE CASES,1,20.11.2011 15:36,"0,55",15426.0,United Kingdom
553935,MINI CAKE STAND WITH HANGING CAKES,1,20.05.2011 10:32,"1,45",15856.0,United Kingdom
567873,HANGING JAM JAR T-LIGHT HOLDERS,12,22.09.2011 14:25,"0,85",13055.0,United Kingdom
544724,TEA TIME TEAPOT IN GIFT BOX,4,23.02.2011 10:46,"9,95",15605.0,United Kingdom
572203,VINTAGE CHRISTMAS GIFT SACK,3,21.10.2011 12:05,"4,15",17068.0,United Kingdom
577495,CHARLOTTE BAG PINK POLKADOT,1,20.11.2011 12:20,"0,85",14704.0,United Kingdom
581405,SET OF 12 FORK CANDLES,1,08.12.2011 13:50,"2,89",13521.0,United Kingdom
575176,ENGLISH ROSE NOTEBOOK A7 SIZE,2,08.11.2011 18:29,"0,83",,United Kingdom
545842,DOLLY GIRL CHILDRENS EGG CUP,12,07.03.2011 13:37,"1,25",15498.0,United Kingdom
557877,PINK HAPPY BIRTHDAY BUNTING,3,23.06.2011 13:13,"5,45",15379.0,United Kingdom
544463,GLASS BEAD HOOP NECKLACE AMETHYST,1,20.02.2011 14:31,"8,5",12988.0,United Kingdom
550137,COTTON APRON PANTRY DESIGN,6,14.04.2011 13:59,"4,95",12477.0,Germany
544692,PACK OF 12 RED RETROSPOT TISSUES,24,23.02.2011 09:14,"0,29",17499.0,United Kingdom
541038,RECIPE BOX BLUE SKETCHBOOK DESIGN,1,13.01.2011 12:10,"2,95",16395.0,United Kingdom
537641,JUMBO BAG RED RETROSPOT,1,07.12.2010 15:32,"4,21",,United Kingdom
580364,WRAP RED APPLES,25,02.12.2011 16:34,"0,42",13309.0,United Kingdom
562562,ASS FLORAL PRINT SPIRIT LEVEL,1,05.08.2011 17:43,"0,79",16271.0,United Kingdom
573294,ZINC T-LIGHT HOLDER STARS SMALL,36,28.10.2011 15:32,"0,83",14397.0,United Kingdom
566952,TROPICAL PASSPORT COVER,1,15.09.2011 16:37,"4,13",,United Kingdom
554310,MINI WOODEN HAPPY BIRTHDAY GARLAND,1,23.05.2011 15:25,"3,29",,United Kingdom
555628,HEART OF WICKER SMALL,24,06.06.2011 11:59,"1,65",15260.0,United Kingdom
572897,NUMBER TILE COTTAGE GARDEN 2,1,26.10.2011 14:42,"4,13",,United Kingdom
566786,SPACEBOY BEAKER,12,15.09.2011 10:29,"1,25",13518.0,United Kingdom
549185,CHILDRENS CUTLERY RETROSPOT RED,4,07.04.2011 09:35,"4,15",18272.0,United Kingdom
541202,PINK HEART SHAPE EGG FRYING PAN,6,14.01.2011 12:09,"1,65",17581.0,United Kingdom
568094,HEART OF WICKER LARGE,6,23.09.2011 14:43,"2,95",15807.0,United Kingdom
566079,STRAWBERRY BATH SPONGE,20,09.09.2011 09:52,"1,25",17593.0,United Kingdom
538533,ENAMEL MEASURING JUG CREAM,1,13.12.2010 10:31,"4,25",14796.0,United Kingdom
546973,JUMBO BAG RED RETROSPOT,3,18.03.2011 12:07,"4,13",,United Kingdom
536570,GREY HEART HOT WATER BOTTLE,36,01.12.2010 15:35,"3,39",14496.0,United Kingdom
551283,NUMBER TILE VINTAGE FONT 3,1,27.04.2011 14:01,"1,95",16755.0,United Kingdom
576779,BALLOONS  WRITING SET,2,16.11.2011 13:25,"1,65",14554.0,United Kingdom
560723,CIRCUS PARADE LUNCH BOX,2,20.07.2011 13:53,"1,95",16464.0,United Kingdom
549738,RED RETROSPOT MINI CASES,6,12.04.2011 09:28,"7,95",,Hong Kong
567509,ASSORTED MONKEY SUCTION CUP HOOK,48,20.09.2011 14:51,"0,36",14298.0,United Kingdom
574356,RED SPOT CERAMIC DRAWER KNOB,1,04.11.2011 10:48,"3,29",,United Kingdom
536852,VINTAGE HEADS AND TAILS CARD GAME,12,03.12.2010 09:51,"1,25",12686.0,France
540014,SET OF 6 HEART CHOPSTICKS,2,04.01.2011 11:34,"1,25",14606.0,United Kingdom
540014,ANGEL DECORATION STARS ON DRESS,1,04.01.2011 11:34,"0,42",14606.0,United Kingdom
560736,PACK OF 60 PINK PAISLEY CAKE CASES,24,20.07.2011 15:33,"0,55",15260.0,United Kingdom
551012,ROUND SNACK BOXES SET OF 4 FRUITS,2,26.04.2011 10:32,"4,13",,United Kingdom
559017,HEART OF WICKER SMALL,3,05.07.2011 13:06,"1,65",14034.0,United Kingdom
568709,SET 2 TEA TOWELS I LOVE LONDON,2,28.09.2011 15:42,"3,25",15036.0,United Kingdom
545184,WHITE WOOD GARDEN PLANT LADDER,1,28.02.2011 15:00,"9,95",13292.0,United Kingdom
572058,HOT WATER BOTTLE TEA AND SYMPATHY,1,20.10.2011 12:43,"4,25",18252.0,United Kingdom
567968,3 STRIPEY MICE FELTCRAFT,6,23.09.2011 09:44,"1,95",12546.0,Spain
553174,CANDLEHOLDER PINK HANGING HEART,2,15.05.2011 11:04,"2,95",16206.0,United Kingdom
560590,SPACEBOY CHILDRENS BOWL,16,19.07.2011 15:55,"1,25",12560.0,Germany
563239,ENAMEL MEASURING JUG CREAM,1,15.08.2011 10:02,"4,25",15048.0,United Kingdom
543660,CHOCOLATE HOT WATER BOTTLE,1,11.02.2011 10:40,"10,79",,United Kingdom
560689,IVORY PAPER CUP CAKE CASES,2,20.07.2011 11:55,"0,55",15039.0,United Kingdom
573808,FELTCRAFT HAIRBAND PINK AND BLUE,1,01.11.2011 11:29,"0,85",14419.0,United Kingdom
543306,GROW YOUR OWN PLANT IN A CAN,1,07.02.2011 11:56,"1,25",16686.0,United Kingdom
581219,STAR DECORATION RUSTIC,3,08.12.2011 09:28,"0,83",,United Kingdom
545583,JUMBO BAG RED RETROSPOT,30,04.03.2011 09:08,"1,95",12553.0,France
555815,WHITE SPOT RED CERAMIC DRAWER KNOB,12,07.06.2011 11:47,"1,25",13089.0,United Kingdom
579124,TRADITIONAL WOODEN CATCH CUP GAME,1,28.11.2011 12:14,"1,25",15721.0,United Kingdom
577010,PAPER BUNTING VINTAGE PARTY,2,17.11.2011 12:11,"2,95",15506.0,United Kingdom
579297,SPOTTY PINK DUCK DOORSTOP,1,29.11.2011 11:23,"8,29",,United Kingdom
552277,SET 2 TEA TOWELS I LOVE LONDON,1,08.05.2011 12:34,"3,25",13642.0,United Kingdom
574072,RED METAL BOX TOP SECRET,2,02.11.2011 14:58,"8,25",15414.0,United Kingdom
577052,AIRLINE BAG VINTAGE JET SET WHITE,2,17.11.2011 14:08,"4,25",17397.0,United Kingdom
565458,JUMBO BAG VINTAGE LEAF,20,05.09.2011 09:16,"2,08",16523.0,United Kingdom
545288,GUMBALL MONOCHROME COAT RACK,36,01.03.2011 11:48,"1,06",15311.0,United Kingdom
539436,DECORATIVE CATS BATHROOM BOTTLE,1,17.12.2010 14:49,"2,51",,United Kingdom
556813,"LETTER ""J"" BLING KEY RING",1,14.06.2011 17:28,"0,83",,United Kingdom
579089,CHILDREN'S APRON DOLLY GIRL,1,28.11.2011 10:46,"2,1",17920.0,United Kingdom
573585,RED LOVE HEART SHAPE CUP,1,31.10.2011 14:41,"1,63",,United Kingdom
558475,WHITE HEART CONFETTI IN TUBE,10,29.06.2011 15:58,"0,83",,United Kingdom
560239,BLUE SPOT CERAMIC DRAWER KNOB,12,17.07.2011 11:50,"1,25",13507.0,United Kingdom
569651,RETROSPOT RED WASHING UP GLOVES,1,05.10.2011 12:49,"2,1",14534.0,United Kingdom
575086,EMBROIDERED RIBBON REEL EMILY,6,08.11.2011 13:52,"2,08",16618.0,United Kingdom
573904,SET 12 COLOUR PENCILS LOVE LONDON,4,01.11.2011 14:54,"0,65",14505.0,United Kingdom
577745,SET OF 6 TEA TIME BAKING CASES,24,21.11.2011 14:06,"1,25",18139.0,United Kingdom
556469,JUMBO BAG SPACEBOY DESIGN,30,12.06.2011 11:37,"2,08",12516.0,Germany
573876,HOT WATER BOTTLE TEA AND SYMPATHY,1,01.11.2011 12:48,"4,25",16360.0,United Kingdom
562621,TOILET SIGN OCCUPIED OR VACANT,6,08.08.2011 12:36,"0,83",14415.0,United Kingdom
540040,WALL TIDY RETROSPOT,20,04.01.2011 14:20,"0,85",12483.0,Sweden
569871,"WALL ART,ONLY ONE PERSON",6,06.10.2011 15:04,"4,95",13089.0,United Kingdom
539610,DOORMAT WELCOME PUPPIES,2,20.12.2010 14:33,"7,95",14606.0,United Kingdom
580983,TREASURE TIN GYMKHANA DESIGN,4,06.12.2011 16:26,"4,13",,United Kingdom
555344,RED RETROSPOT SHOPPER BAG,2,02.06.2011 11:45,"1,25",15311.0,United Kingdom
575837,VINTAGE BILLBOARD MUG,12,11.11.2011 11:37,"1,25",12748.0,United Kingdom
556481,FRENCH KITCHEN SIGN BLUE METAL,2,12.06.2011 13:00,"1,25",16115.0,United Kingdom
555275,PENNY FARTHING BIRTHDAY CARD,1,01.06.2011 17:18,"0,83",,United Kingdom
575604,GUMBALL COAT RACK,18,10.11.2011 12:32,"2,55",16011.0,United Kingdom
571660,CARD MOTORBIKE SANTA,12,18.10.2011 12:49,"0,42",16191.0,United Kingdom
538855,TOOL BOX SOFT TOY,1,14.12.2010 13:50,"8,95",16503.0,United Kingdom
569374,REGENCY MILK JUG PINK,1,03.10.2011 16:14,"7,46",,United Kingdom
558696,SPACEBOY CHILDRENS CUP,4,01.07.2011 12:09,"1,25",16746.0,United Kingdom
542727,SOLDIERS EGG CUP,6,31.01.2011 15:09,"1,25",17604.0,United Kingdom
541595,GOLD EAR MUFF HEADPHONES,1,19.01.2011 16:08,"5,49",14606.0,United Kingdom
578793,LANDMARK FRAME CAMDEN TOWN,3,25.11.2011 12:21,"12,5",16210.0,United Kingdom
575680,VINTAGE CHRISTMAS STOCKING,6,10.11.2011 15:23,"2,55",13148.0,United Kingdom
577105,TRADITIONAL KNITTING NANCY,12,17.11.2011 17:16,"1,65",16076.0,United Kingdom
561535,CHILDRENS CUTLERY RETROSPOT RED,8,28.07.2011 09:48,"4,15",15116.0,United Kingdom
557772,CHARLOTTE BAG PINK POLKADOT,20,22.06.2011 14:47,"0,85",16458.0,United Kingdom
552357,REGENCY CAKESTAND 3 TIER,2,09.05.2011 12:16,"12,75",18219.0,United Kingdom
547967,BIRDHOUSE DECORATION MAGIC GARDEN,1,28.03.2011 15:49,"2,46",,United Kingdom
547969,BLUE POLKADOT BOWL,8,28.03.2011 16:27,"1,25",17238.0,United Kingdom
555845,JAM MAKING SET WITH JARS,2,07.06.2011 13:19,"4,25",17015.0,United Kingdom
581439,MAKE YOUR OWN FLOWERPOWER CARD KIT,1,08.12.2011 16:30,"5,79",,United Kingdom
558041,FELTCRAFT BUTTERFLY HEARTS,12,24.06.2011 13:20,"1,45",12422.0,Switzerland
556813,GINGHAM HEART DECORATION,1,14.06.2011 17:28,"1,63",,United Kingdom
568987,PANTRY MAGNETIC  SHOPPING LIST,12,29.09.2011 15:58,"1,45",12709.0,Germany
572703,DECORATIVE VINTAGE COFFEE  BOX,1,25.10.2011 14:35,"4,95",16110.0,United Kingdom
580680,RETROSPOT TEA SET CERAMIC 11 PC,3,05.12.2011 14:51,"4,95",13001.0,United Kingdom
557938,CHARLOTTE BAG DOLLY GIRL DESIGN,1,23.06.2011 15:35,"1,63",,United Kingdom
578928,CLASSIC BICYCLE CLIPS,1,27.11.2011 12:29,"1,45",15443.0,United Kingdom
553544,NATURAL SLATE CHALKBOARD LARGE,1,17.05.2011 15:36,"9,96",,United Kingdom
538558,IF YOU CAN'T STAND THE HEAT MUG,36,13.12.2010 10:58,"0,42",13069.0,United Kingdom
579676,HANGING HEN ON NEST DECORATION,12,30.11.2011 13:13,"1,65",17502.0,United Kingdom
548409,RED RETROSPOT CHILDRENS UMBRELLA,24,31.03.2011 10:27,"3,25",12731.0,France
551058,GREEN REGENCY TEACUP AND SAUCER,1,26.04.2011 12:07,"2,95",14606.0,United Kingdom
541406,BAKING MOULD CHOCOLATE CUPCAKES,1,17.01.2011 15:19,"2,55",14657.0,United Kingdom
538177,LUNCH BAG CARS BLUE,3,10.12.2010 09:51,"4,21",,United Kingdom
560025,PACK OF 60 DINOSAUR CAKE CASES,2,14.07.2011 13:00,"0,55",18283.0,United Kingdom
579555,JUMBO BAG PAISLEY PARK,2,30.11.2011 11:08,"2,08",16241.0,United Kingdom
560972,ENAMEL FLOWER JUG CREAM,6,22.07.2011 11:44,"5,95",14209.0,United Kingdom
573585,PEARLISED IVORY HEART LARGE,1,31.10.2011 14:41,"3,29",,United Kingdom
575739,FOLK ART METAL STAR T-LIGHT HOLDER,10,11.11.2011 09:05,"0,83",,United Kingdom
546829,WOODEN UNION JACK BUNTING,3,17.03.2011 12:00,"5,95",14840.0,United Kingdom
537225,ENVELOPE 50 CURIOUS IMAGES,5,05.12.2010 16:41,"0,85",12748.0,United Kingdom
542541,HEART IVORY TRELLIS SMALL,1,28.01.2011 14:25,"2,46",,United Kingdom
575329,WASHROOM METAL SIGN,2,09.11.2011 13:50,"1,45",17038.0,United Kingdom
563557,GLASS APOTHECARY BOTTLE TONIC,4,17.08.2011 13:33,"3,95",15786.0,United Kingdom
541871,RETROSPOT HEART HOT WATER BOTTLE,1,24.01.2011 09:41,"10,79",,United Kingdom
559817,BIRDHOUSE DECORATION MAGIC GARDEN,7,12.07.2011 16:20,"0,83",,United Kingdom
578344,SMALL PURPLE BABUSHKA NOTEBOOK,2,24.11.2011 09:21,"1,63",,United Kingdom
575890,HANGING BAUBLE T-LIGHT HOLDER LARGE,6,11.11.2011 14:09,"2,95",15602.0,United Kingdom
551529,STARS GIFT TAPE,12,01.05.2011 13:18,"0,65",12524.0,Germany
551134,ALARM CLOCK BAKELIKE CHOCOLATE,3,26.04.2011 13:02,"3,75",16729.0,United Kingdom
560010,LUNCH BAG VINTAGE LEAF DESIGN,10,14.07.2011 12:48,"1,65",13178.0,United Kingdom
563569,CHILDRENS CUTLERY POLKADOT BLUE,4,17.08.2011 14:47,"4,15",18257.0,United Kingdom
579161,SET OF 3 HEART COOKIE CUTTERS,2,28.11.2011 13:56,"1,45",17379.0,United Kingdom
569137,DOORMAT WELCOME TO OUR HOME,1,30.09.2011 14:45,"16,63",,United Kingdom
568346,RAIN PONCHO RETROSPOT,2,26.09.2011 15:28,"1,63",14096.0,United Kingdom
545043,SET 3 SONG BIRD PAPER EGGS ASSORTED,1,27.02.2011 11:05,"2,95",16407.0,United Kingdom
558041,FELTCRAFT DOLL MOLLY,6,24.06.2011 13:20,"2,95",12422.0,Switzerland
560248,CUPCAKE LACE PAPER SET 6,4,17.07.2011 12:24,"1,95",16255.0,United Kingdom
562420,HOME BUILDING BLOCK WORD,1,04.08.2011 16:38,"11,63",,United Kingdom
574941,VINTAGE DOILY JUMBO BAG RED,147,07.11.2011 17:42,"4,95",,United Kingdom
560239,THREE CANVAS LUGGAGE TAGS,8,17.07.2011 11:50,"1,95",13507.0,United Kingdom
576212,VINTAGE CHRISTMAS BUNTING,1,14.11.2011 12:45,"4,95",18082.0,United Kingdom
541214,LAVENDER SCENTED FABRIC HEART,10,14.01.2011 13:41,"1,25",15570.0,United Kingdom
550471,SET/6 RED SPOTTY PAPER CUPS,2,18.04.2011 13:52,"1,63",,United Kingdom
568057,LUNCH BOX I LOVE LONDON,2,23.09.2011 12:56,"2,46",,United Kingdom
579792,GREY HEART HOT WATER BOTTLE,8,30.11.2011 15:43,"4,25",12714.0,France
546466,RED FLOWER CROCHET FOOD COVER,2,14.03.2011 11:04,"3,75",18118.0,United Kingdom
563360,REGENCY CAKESTAND 3 TIER,16,15.08.2011 15:06,"10,95",15023.0,United Kingdom
554371,LUNCH BAG ALPHABET DESIGN,20,24.05.2011 10:42,"1,65",17659.0,United Kingdom
543470,10 COLOUR SPACEBOY PEN,24,08.02.2011 14:58,"0,85",16951.0,United Kingdom
556513,COOK WITH WINE METAL SIGN,1,13.06.2011 10:45,"4,13",,United Kingdom
564020,BLUE VINTAGE SPOT BEAKER,8,22.08.2011 11:57,"0,85",13971.0,United Kingdom
578533,SILVER HEARTS TABLE DECORATION,6,24.11.2011 14:42,"0,83",17767.0,United Kingdom
567887,CHRISTMAS CRAFT LITTLE FRIENDS,6,22.09.2011 15:28,"2,1",15237.0,United Kingdom
555499,HOME BUILDING BLOCK WORD,1,03.06.2011 15:31,"5,95",15812.0,United Kingdom
551529,STRAWBERRY LUNCH BOX WITH CUTLERY,60,01.05.2011 13:18,"2,1",12524.0,Germany
546643,POLKADOT PEN,48,15.03.2011 13:23,"0,85",16214.0,United Kingdom
579167,PAPER CHAIN KIT VINTAGE CHRISTMAS,4,28.11.2011 14:06,"2,95",16800.0,United Kingdom
552448,FRYING PAN PINK POLKADOT,1,09.05.2011 13:45,"4,25",18120.0,United Kingdom
545869,HOT WATER BOTTLE I AM SO POORLY,4,07.03.2011 14:45,"4,65",17162.0,United Kingdom
544571,DECORATION WHITE CHICK MAGIC GARDEN,16,21.02.2011 13:07,"0,85",15146.0,United Kingdom
558881,PINK VINTAGE PAISLEY PICNIC BAG,10,04.07.2011 14:36,"1,65",12705.0,Germany
578928,VINTAGE CHRISTMAS STOCKING,2,27.11.2011 12:29,"2,55",15443.0,United Kingdom
537679,PACK/12 XMAS FUN CARD,1,08.12.2010 10:05,"2,95",,United Kingdom
541497,STARS GIFT TAPE,2,18.01.2011 15:19,"0,42",,United Kingdom
567625,NATURAL HANGING QUILTED HEARTS,12,21.09.2011 12:55,"0,83",13627.0,United Kingdom
570223,SET OF TEA COFFEE SUGAR TINS PANTRY,1,09.10.2011 13:11,"4,95",15787.0,United Kingdom
546909,RECYCLED ACAPULCO MAT RED,9,17.03.2011 19:01,"8,25",14056.0,United Kingdom
566605,SMALL MARSHMALLOWS PINK BOWL,2,13.09.2011 16:27,"0,42",13263.0,United Kingdom
570517,HOME SWEET HOME METAL SIGN,6,11.10.2011 10:41,"2,95",13971.0,United Kingdom
580956,UNION STRIPE CUSHION COVER,2,06.12.2011 14:23,"1,25",17841.0,United Kingdom
562902,PANTRY MAGNETIC  SHOPPING LIST,12,10.08.2011 12:41,"1,45",13925.0,United Kingdom
541593,RED/CREAM STRIPE CUSHION COVER,2,19.01.2011 15:20,"1,25",17611.0,United Kingdom
558057,LUNCH BAG SPACEBOY DESIGN,10,24.06.2011 14:57,"1,65",15665.0,United Kingdom
561926,PANTRY APPLE CORER,12,01.08.2011 12:48,"1,45",12749.0,United Kingdom
571508,PACK OF 60 DINOSAUR CAKE CASES,1,17.10.2011 15:27,"1,25",,United Kingdom
558685,LUNCH BAG DOILEY PATTERN,10,01.07.2011 11:32,"1,65",17706.0,United Kingdom
564256,SET 2 TEA TOWELS I LOVE LONDON,6,24.08.2011 10:45,"3,25",14796.0,United Kingdom
551006,RED TOADSTOOL LED NIGHT LIGHT,2,26.04.2011 09:48,"4,13",,United Kingdom
580908,CHILDS BREAKFAST SET SPACEBOY,3,06.12.2011 13:20,"9,95",16495.0,United Kingdom
539225,HANGING HEART ZINC T-LIGHT HOLDER,48,16.12.2010 13:02,"0,85",15379.0,United Kingdom
540352,BLUE ROSE FABRIC MIRROR,8,06.01.2011 14:27,"0,85",,United Kingdom
543020,JUMBO BAG PINK POLKADOT,4,02.02.2011 14:29,"1,95",15005.0,United Kingdom
543293,POTTING SHED TWINE,6,07.02.2011 11:20,"2,1",17613.0,United Kingdom
545021,BATH BUILDING BLOCK WORD,6,25.02.2011 14:11,"5,95",17663.0,United Kingdom
556910,FRENCH LAVENDER SCENT HEART,1,15.06.2011 13:25,"0,75",12748.0,United Kingdom
548630,LARGE RED RETROSPOT WINDMILL,192,01.04.2011 12:22,"1,85",16333.0,United Kingdom
550711,MEMO BOARD RETROSPOT  DESIGN,112,20.04.2011 11:06,"3,86",18102.0,United Kingdom
537312,COLOUR GLASS T-LIGHT HOLDER HANGING,48,06.12.2010 11:42,"0,65",14189.0,United Kingdom
550956,SET OF 6 SOLDIER SKITTLES,3,21.04.2011 16:37,"3,75",17179.0,United Kingdom
578843,DOLLY CABINET 2 DRAWERS,1,25.11.2011 16:13,"12,5",17813.0,United Kingdom
537666,PARTY TIME PENCIL ERASERS,1,07.12.2010 18:36,"0,43",,United Kingdom
537646,MIRROR CORNICE,1,07.12.2010 15:39,"14,95",17591.0,United Kingdom
550201,EMERGENCY FIRST AID TIN,12,15.04.2011 10:25,"1,25",12769.0,Brazil
566033,LARGE IVORY HEART WALL ORGANISER,1,08.09.2011 13:07,"8,25",16031.0,United Kingdom
554950,JUMBO BAG STRAWBERRY,10,27.05.2011 14:48,"2,08",14227.0,United Kingdom
565295,TEA TIME OVEN GLOVE,10,02.09.2011 12:01,"1,25",12794.0,Portugal
568134,JUMBO STORAGE BAG SUKI,4,23.09.2011 17:02,"4,13",,United Kingdom
559518,PINK FAIRY CAKE CHILDRENS APRON,1,08.07.2011 16:11,"4,96",,United Kingdom
569572,SPACEBOY BIRTHDAY CARD,240,05.10.2011 10:10,"0,36",16684.0,United Kingdom
561208,TRAVEL CARD WALLET VINTAGE TICKET,72,25.07.2011 16:39,"0,42",15372.0,United Kingdom
560773,WOOD STAMP SET BEST WISHES,5,20.07.2011 16:17,"0,83",,United Kingdom
576837,12 MESSAGE CARDS WITH ENVELOPES,2,16.11.2011 15:16,"3,29",,United Kingdom
571837,VINTAGE DOILY TRAVEL SEWING KIT,3,19.10.2011 12:11,"1,95",16470.0,United Kingdom
547912,12 PENCILS SMALL TUBE SKULL,4,28.03.2011 12:27,"0,65",18010.0,United Kingdom
561369,JUMBO BAG RED RETROSPOT,2,26.07.2011 16:22,"4,13",,United Kingdom
572569,COWBOYS AND INDIANS BIRTHDAY CARD,36,25.10.2011 10:32,"0,42",17870.0,United Kingdom
578942,DOORMAT SPOTTY HOME SWEET HOME,1,27.11.2011 13:29,"8,25",17288.0,United Kingdom
569202,PINK VINTAGE PAISLEY PICNIC BAG,3,30.09.2011 17:22,"2,46",,United Kingdom
548567,6 RIBBONS EMPIRE,6,01.04.2011 10:34,"1,65",17965.0,United Kingdom
554942,FOUR HOOK  WHITE LOVEBIRDS,1,27.05.2011 14:01,"2,1",17841.0,United Kingdom
556916,12 PENCILS TALL TUBE RED RETROSPOT,2,15.06.2011 13:35,"0,85",16898.0,United Kingdom
563585,CINAMMON SET OF 9 T-LIGHTS,3,17.08.2011 17:01,"0,85",17070.0,United Kingdom
579089,VINTAGE DOILY DELUXE SEWING KIT,1,28.11.2011 10:46,"5,95",17920.0,United Kingdom
581439,CHARLIE+LOLA PINK HOT WATER BOTTLE,2,08.12.2011 16:30,"3,29",,United Kingdom
563613,ROUND SNACK BOXES SET OF4 WOODLAND,48,18.08.2011 08:49,"2,55",12688.0,Israel
540604,SAVE THE PLANET MUG,12,10.01.2011 11:38,"1,25",15326.0,United Kingdom
538852,BLACK SWEETHEART BRACELET,3,14.12.2010 13:33,"4,25",17372.0,United Kingdom
564480,WOODEN PICTURE FRAME WHITE FINISH,12,25.08.2011 13:24,"2,55",17656.0,United Kingdom
550937,CAMOUFLAGE DESIGN TEDDY,48,21.04.2011 15:16,"2,1",13223.0,United Kingdom
539836,FAIRY CAKES NOTEBOOK A7 SIZE,2,22.12.2010 13:46,"0,42",17894.0,United Kingdom
575628,FUNKY WASHING UP GLOVES ASSORTED,1,10.11.2011 13:31,"2,1",12844.0,United Kingdom
558868,MINI FUNKY DESIGN TAPES,20,04.07.2011 12:47,"0,85",13266.0,United Kingdom
553202,PAPER POCKET TRAVELING FAN,12,15.05.2011 16:02,"0,14",15854.0,United Kingdom
545471,LIGHT GARLAND BUTTERFILES PINK,4,03.03.2011 10:34,"4,25",15087.0,United Kingdom
566275,PACK OF 12 50'S CHRISTMAS TISSUES,12,11.09.2011 13:58,"0,39",16549.0,United Kingdom
549847,WORLD WAR 2 GLIDERS ASSTD DESIGNS,192,12.04.2011 14:43,"0,29",15358.0,United Kingdom
555541,TRADITIONAL KNITTING NANCY,15,05.06.2011 12:51,"1,65",16883.0,United Kingdom
557397,SET OF 60 I LOVE LONDON CAKE CASES,2,20.06.2011 11:23,"0,55",17897.0,United Kingdom
540267,CHILDS GARDEN BRUSH PINK,36,06.01.2011 11:12,"1,85",12415.0,Australia
558680,TEA TIME PARTY BUNTING,1,01.07.2011 11:19,"8,29",,United Kingdom
567475,PACK OF 60 DINOSAUR CAKE CASES,2,20.09.2011 13:11,"0,55",16360.0,United Kingdom
567184,RECIPE BOX RETROSPOT,1,18.09.2011 15:41,"2,95",16033.0,United Kingdom
560773,BEWARE OF THE CAT METAL SIGN,1,20.07.2011 16:17,"4,13",,United Kingdom
573274,LUNCH BAG ALPHABET DESIGN,3,28.10.2011 13:10,"4,96",,United Kingdom
557268,BULL DOG BOTTLE TOP WALL CLOCK,2,19.06.2011 11:26,"8,25",13097.0,United Kingdom
548490,ASSTD MULTICOLOUR CIRCLES MUG,48,31.03.2011 13:13,"0,39",12909.0,United Kingdom
562722,RED RETROSPOT PICNIC BAG,50,08.08.2011 16:43,"2,55",13798.0,United Kingdom
553515,AREA PATROLLED METAL SIGN,2,17.05.2011 14:03,"2,1",17515.0,United Kingdom
562558,PINK POLKADOT WRAP,25,05.08.2011 16:43,"0,42",13451.0,United Kingdom
544479,LUNCH BAG SUKI  DESIGN,100,21.02.2011 10:28,"1,45",14646.0,Netherlands
574352,HEART OF WICKER LARGE,120,04.11.2011 10:38,"1,97",18102.0,United Kingdom
572306,FOUR HOOK  WHITE LOVEBIRDS,2,23.10.2011 15:11,"2,1",17841.0,United Kingdom
570246,MIRRORED WALL ART POPPIES,7,09.10.2011 16:22,"0,75",16921.0,United Kingdom
576581,JUMBO BAG VINTAGE CHRISTMAS,10,15.11.2011 14:15,"2,08",15955.0,United Kingdom
566258,GREY HEART HOT WATER BOTTLE,1,11.09.2011 12:45,"4,25",13124.0,United Kingdom
571288,ASSORTED COLOUR BIRD ORNAMENT,24,16.10.2011 15:13,"1,69",16052.0,United Kingdom
547500,12 PENCILS TALL TUBE RED RETROSPOT,24,23.03.2011 12:39,"0,85",13408.0,United Kingdom
578065,CARD DOLLY GIRL,1,22.11.2011 15:41,"0,83",,United Kingdom
572932,WOODEN BOX OF DOMINOES,12,27.10.2011 10:14,"1,25",15791.0,United Kingdom
572912,RABBIT NIGHT LIGHT,2,26.10.2011 16:07,"2,08",16915.0,United Kingdom
574298,DIAMANTE HAIR GRIP PACK/2 RUBY,1,03.11.2011 15:56,"1,65",,United Kingdom
568212,GREEN SQUARE COMPACT MIRROR,1,25.09.2011 16:05,"1,25",15154.0,United Kingdom
537822,SET/20 RED RETROSPOT PAPER NAPKINS,12,08.12.2010 14:22,"0,85",13523.0,United Kingdom
568495,PLEASE ONE PERSON METAL SIGN,12,27.09.2011 12:08,"2,1",14755.0,United Kingdom
559673,GARDENERS KNEELING PAD KEEP CALM,3,11.07.2011 14:10,"1,65",13224.0,United Kingdom
540458,BLUE  VOILE LAMPSHADE,6,07.01.2011 12:28,"2,95",12501.0,Germany
546896,GLITTER HEART GARLAND WITH BELLS,1,17.03.2011 18:24,"7,46",,United Kingdom
537434,CANDY SHOP  STICKER SHEET,5,06.12.2010 16:57,"1,66",,United Kingdom
569222,PAPER LANTERN 5 POINT SEQUIN STAR,4,02.10.2011 13:46,"5,75",15906.0,United Kingdom
539451,JAM MAKING SET PRINTED,7,17.12.2010 16:59,"3,36",,United Kingdom
552684,JUMBO BAG PINK POLKADOT,2,10.05.2011 15:09,"4,13",,United Kingdom
543810,REX CASH+CARRY JUMBO SHOPPER,2,13.02.2011 14:16,"0,95",13171.0,United Kingdom
566060,TRAVEL CARD WALLET TRANSPORT,1,08.09.2011 15:27,"0,83",,United Kingdom
574298,ROCKING HORSE GREEN CHRISTMAS,3,03.11.2011 15:56,"1,63",,United Kingdom
551618,PARTY BUNTING,50,03.05.2011 11:42,"3,75",16013.0,United Kingdom
548983,ENAMEL MEASURING JUG CREAM,1,05.04.2011 12:30,"4,25",16906.0,United Kingdom
569000,TRAVEL CARD WALLET VINTAGE TICKET,24,29.09.2011 17:36,"0,42",17015.0,United Kingdom
561113,SMALL DOLLY MIX DESIGN ORANGE BOWL,20,25.07.2011 12:09,"0,42",17841.0,United Kingdom
580996,HAND WARMER OWL DESIGN,7,06.12.2011 17:18,"2,1",14578.0,United Kingdom
570102,RIBBON REEL POLKADOTS,10,07.10.2011 12:17,"1,65",16455.0,United Kingdom
537301,BROCADE RING PURSE,36,06.12.2010 11:38,"0,21",15860.0,United Kingdom
574015,HEART TRELLIS TRIPLE T-LIGHT HOLDER,4,02.11.2011 12:03,"2,89",15576.0,United Kingdom
567700,JUMBO BAG 50'S CHRISTMAS,10,22.09.2011 09:33,"2,08",16379.0,United Kingdom
570871,GARDENERS KNEELING PAD CUP OF TEA,1,12.10.2011 16:36,"3,29",,United Kingdom
538558,BOTTLE BAG RETROSPOT,20,13.12.2010 10:58,"0,85",13069.0,United Kingdom
557644,GREEN VINTAGE SPOT BEAKER,1,21.06.2011 17:06,"1,63",,United Kingdom
575989,METAL MERRY CHRISTMAS WREATH,6,13.11.2011 14:20,"1,95",14698.0,United Kingdom
546429,PACK OF 60 SPACEBOY CAKE CASES,1,13.03.2011 15:25,"0,55",17611.0,United Kingdom
570215,HEART OF WICKER SMALL,6,09.10.2011 11:53,"1,65",16066.0,United Kingdom
563919,SET 8 CANDLES VINTAGE DOILY,12,21.08.2011 13:48,"1,95",14735.0,United Kingdom
558432,SET OF 4 ENGLISH ROSE PLACEMATS,8,29.06.2011 12:16,"3,75",17730.0,United Kingdom
546440,TRIPLE PHOTO FRAME CORNICE,4,14.03.2011 10:31,"9,95",16871.0,United Kingdom
545067,BLUE COAT RACK PARIS FASHION,2,27.02.2011 14:49,"4,95",17894.0,United Kingdom
555150,PARISIENNE JEWELLERY DRAWER,2,31.05.2011 15:53,"7,5",,United Kingdom
541293,SET/20 RED RETROSPOT PAPER NAPKINS,2,17.01.2011 13:39,"0,85",15311.0,United Kingdom
575177,PAPERWEIGHT KINGS CHOICE,1,08.11.2011 18:41,"4,96",,United Kingdom
575211,GIN AND TONIC MUG,6,09.11.2011 10:39,"1,65",17377.0,United Kingdom
579141,FAIRY TALE COTTAGE NIGHT LIGHT,6,28.11.2011 13:06,"1,95",17019.0,United Kingdom
580752,ROUND SNACK BOXES SET OF 4 SKULLS,6,06.12.2011 09:56,"2,95",12478.0,Greece
539760,BLUE JUICY FRUIT PHOTO FRAME,3,21.12.2010 17:16,"2,55",17400.0,United Kingdom
560291,MEMO BOARD RETROSPOT  DESIGN,1,18.07.2011 10:17,"10,79",,United Kingdom
550144,STRAWBERRY LUNCH BOX WITH CUTLERY,2,14.04.2011 14:14,"2,55",16520.0,United Kingdom
550132,SET 3 PAPER VINTAGE CHICK PAPER EGG,3,14.04.2011 13:33,"2,95",16933.0,United Kingdom
544303,SET OF 6 SPICE TINS PANTRY DESIGN,1,17.02.2011 13:28,"3,95",18116.0,United Kingdom
557484,FAWN BLUE HOT WATER BOTTLE,1,20.06.2011 14:36,"2,95",14796.0,United Kingdom
575840,JUMBO BAG VINTAGE CHRISTMAS,6,11.11.2011 11:56,"2,08",13137.0,United Kingdom
555979,SPOTTY BUNTING,6,08.06.2011 11:18,"4,95",15039.0,United Kingdom
580298,6 RIBBONS SHIMMERING PINKS,24,02.12.2011 13:54,"0,39",17086.0,United Kingdom
562539,SET OF 3 HANGING OWLS OLLIE BEAK,1,05.08.2011 15:30,"1,25",17220.0,United Kingdom
570258,VINTAGE CREAM DOG FOOD CONTAINER,1,10.10.2011 09:56,"16,63",,United Kingdom
539465,REGENCY CAKESTAND 3 TIER,12,19.12.2010 11:38,"12,75",16684.0,United Kingdom
559043,SET OF 36 TEATIME PAPER DOILIES,1,05.07.2011 15:35,"3,75",,United Kingdom
553527,ASSORTED COLOUR BIRD ORNAMENT,8,17.05.2011 14:57,"1,69",15123.0,United Kingdom
576070,OFFICE MUG WARMER BLACK+SILVER,2,13.11.2011 15:58,"2,95",13451.0,United Kingdom
575919,JUMBO SHOPPER VINTAGE RED PAISLEY,100,11.11.2011 17:00,"1,79",15311.0,United Kingdom
553182,JUMBO BAG APPLES,10,15.05.2011 12:21,"2,08",17107.0,United Kingdom
542231,JAM MAKING SET WITH JARS,2,26.01.2011 13:40,"4,25",16714.0,United Kingdom
547490,GARLAND WOODEN HAPPY EASTER,4,23.03.2011 11:48,"1,25",17507.0,United Kingdom
562851,PARTY BUNTING,4,10.08.2011 10:09,"4,95",13117.0,United Kingdom
580516,CERAMIC HEART FAIRY CAKE MONEY BANK,1,04.12.2011 14:15,"0,39",17954.0,United Kingdom
568062,HANGING HEART WITH BELL,48,23.09.2011 13:18,"0,39",14014.0,United Kingdom
575583,LUNCH BAG  BLACK SKULL.,2,10.11.2011 11:55,"1,65",14456.0,United Kingdom
573576,LUNCH BAG RED RETROSPOT,2,31.10.2011 14:09,"4,13",14096.0,United Kingdom
541648,ASSORTED TUTTI FRUTTI HEART BOX,12,20.01.2011 11:15,"1,25",17811.0,United Kingdom
553093,SET/6 RED SPOTTY PAPER PLATES,96,13.05.2011 11:54,"0,64",13798.0,United Kingdom
547060,SET OF 72 RETROSPOT PAPER  DOILIES,3,20.03.2011 12:57,"1,45",17954.0,United Kingdom
577525,REX CASH+CARRY JUMBO SHOPPER,1,20.11.2011 13:37,"0,95",16905.0,United Kingdom
557792,DOORMAT WELCOME PUPPIES,1,22.06.2011 16:44,"7,95",16987.0,United Kingdom
578067,GREEN BITTY LIGHT CHAIN,1,22.11.2011 15:43,"2,46",,United Kingdom
559816,WHITE LOVEBIRD LANTERN,2,12.07.2011 16:11,"5,79",,United Kingdom
566949,PAINTED LIGHTBULB RAINBOW DESIGN,1,15.09.2011 16:32,"0,83",,United Kingdom
574547,BATHROOM METAL SIGN,1,04.11.2011 15:08,"0,55",17841.0,United Kingdom
543468,LUNCH BAG RED RETROSPOT,4,08.02.2011 14:45,"1,65",14562.0,United Kingdom
574673,LUNCH BAG VINTAGE DOILY,3,06.11.2011 12:26,"1,65",15555.0,United Kingdom
556691,printing smudges/thrown away,-9600,14.06.2011 10:37,0,,United Kingdom
549023,HANGING METAL HEART LANTERN,1,05.04.2011 16:27,"3,29",,United Kingdom
540681,GUMBALL COAT RACK,1,10.01.2011 16:25,"5,06",,United Kingdom
568171,BAKING SET 9 PIECE RETROSPOT,3,25.09.2011 13:10,"4,95",15312.0,United Kingdom
541564,DOOR HANGER  MUM + DADS ROOM,1,19.01.2011 11:38,"1,45",16904.0,United Kingdom
577768,PACK OF 12 RED APPLE TISSUES,1,21.11.2011 15:18,"0,83",,United Kingdom
544368,CAKE SHOP  STICKER SHEET,6,18.02.2011 11:27,"0,85",14057.0,United Kingdom
567380,RED RETROSPOT BUTTER DISH,3,20.09.2011 10:06,"4,95",12620.0,France
568245,STRAWBERRY CERAMIC TRINKET BOX,12,26.09.2011 12:23,"1,25",13867.0,United Kingdom
558191,BLUE POLKADOT WASHING UP GLOVES,1,27.06.2011 12:16,"2,1",16869.0,United Kingdom
542369,DOLLY GIRL LUNCH BOX,12,27.01.2011 13:08,"1,95",12645.0,Germany
544111,FELTCRAFT CUSHION RABBIT,12,16.02.2011 11:18,"3,75",16126.0,United Kingdom
574672,CHRISTMAS CRAFT WHITE FAIRY,1,06.11.2011 12:25,"1,45",13532.0,United Kingdom
576191,DOLLY GIRL LUNCH BOX,2,14.11.2011 11:54,"1,95",17377.0,United Kingdom
560251,SPOTTY BUNTING,2,17.07.2011 12:32,"4,95",17774.0,United Kingdom
549126,60 CAKE CASES DOLLY GIRL DESIGN,1,06.04.2011 14:23,"0,55",16031.0,United Kingdom
537642,WHITE METAL LANTERN,1,07.12.2010 15:33,"8,47",,United Kingdom
545344,VINTAGE UNION JACK BUNTING,4,02.03.2011 09:24,"8,5",16678.0,United Kingdom
572284,SPACEBOY BIRTHDAY CARD,12,23.10.2011 12:08,"0,42",16744.0,United Kingdom
571105,HANGING HEART BONHEUR,2,13.10.2011 16:01,"0,85",17614.0,United Kingdom
562558,TOY TIDY SPACEBOY,2,05.08.2011 16:43,"2,1",13451.0,United Kingdom
564817,PARTY CONES CANDY DECORATION,1,30.08.2011 12:02,"2,46",,United Kingdom
559535,CAKE PLATE LOVEBIRD WHITE,1,10.07.2011 12:16,"4,95",17841.0,United Kingdom
559464,BLUE EGG  SPOON,24,08.07.2011 13:26,"0,12",15157.0,United Kingdom
545913,PACK OF 20 SKULL PAPER NAPKINS,12,08.03.2011 10:39,"0,85",16779.0,United Kingdom
547874,CAKE STAND LOVEBIRD 2 TIER WHITE,1,27.03.2011 15:39,"9,95",14476.0,United Kingdom
560504,SKULLS PARTY BAG + STICKER SET,8,19.07.2011 11:47,"1,65",13081.0,United Kingdom
550438,SINGLE HEART ZINC T-LIGHT HOLDER,12,18.04.2011 12:16,"0,95",15265.0,United Kingdom
573485,LUNCH BAG VINTAGE DOILY,10,31.10.2011 11:37,"1,65",15752.0,United Kingdom
564630,ENAMEL FLOWER JUG CREAM,3,26.08.2011 11:53,"5,95",13644.0,United Kingdom
575176,BLOSSOM IMAGES GIFT WRAP SET,1,08.11.2011 18:29,"1,63",,United Kingdom
574714,3D TRADITIONAL CHRISTMAS STICKERS,4,06.11.2011 14:29,"1,25",15427.0,United Kingdom
557966,RED METAL BOX TOP SECRET,32,24.06.2011 09:38,"7,5",15187.0,United Kingdom
550130,LUNCH BAG  BLACK SKULL.,2,14.04.2011 13:17,"1,65",14390.0,United Kingdom
567356,ASSORTED COLOUR SUCTION CUP HOOK,24,19.09.2011 16:21,"0,19",16527.0,United Kingdom
564346,RED RETROSPOT LUGGAGE TAG,3,24.08.2011 14:54,"1,25",15727.0,United Kingdom
561371,CHRISTMAS TREE STAR DECORATION,1,26.07.2011 16:25,"0,42",,United Kingdom
536749,GROW YOUR OWN BASIL IN ENAMEL MUG,1,02.12.2010 13:49,"2,1",17976.0,United Kingdom
546908,SET OF 3 CAKE TINS PANTRY DESIGN,6,17.03.2011 18:59,"4,95",15648.0,United Kingdom
550649,JAM MAKING SET WITH JARS,6,19.04.2011 16:37,"4,25",13134.0,United Kingdom
576370,PACK OF 60 PINK PAISLEY CAKE CASES,24,15.11.2011 08:00,"0,55",15981.0,United Kingdom
560503,LUNCH BAG DOLLY GIRL DESIGN,10,19.07.2011 11:40,"1,65",17682.0,United Kingdom
558437,SKULL LUNCH BOX WITH CUTLERY,2,29.06.2011 12:46,"2,55",17799.0,United Kingdom
548191,COCKLE SHELL DISH,1,29.03.2011 15:20,"4,13",,United Kingdom
550438,DOORMAT WELCOME TO OUR HOME,2,18.04.2011 12:16,"7,95",15265.0,United Kingdom
536801,FELTCRAFT PRINCESS CHARLOTTE DOLL,4,02.12.2010 16:12,"3,75",,United Kingdom
539469,CHILLI LIGHTS,24,19.12.2010 13:59,"4,25",17841.0,United Kingdom
544293,PARTY INVITES DINOSAURS,3,17.02.2011 12:42,"0,85",17954.0,United Kingdom
565792,MISTLETOE HEART WREATH GREEN,4,07.09.2011 09:37,"4,15",14397.0,United Kingdom
555276,JUMBO BAG VINTAGE LEAF,1,01.06.2011 17:28,"4,13",,United Kingdom
569890,METAL SIGN TAKE IT OR LEAVE IT,12,06.10.2011 15:46,"2,95",14738.0,United Kingdom
566987,REGENCY CAKESTAND 3 TIER,6,16.09.2011 10:56,"12,75",12476.0,Germany
558565,PINK PAISLEY SQUARE TISSUE BOX,3,30.06.2011 13:58,"1,25",14803.0,United Kingdom
554835,RETROSPOT RED WASHING UP GLOVES,6,26.05.2011 16:11,"2,1",15241.0,United Kingdom
541005,ROTATING LEAVES T-LIGHT HOLDER,8,13.01.2011 10:39,"1,25",16161.0,United Kingdom
550189,BUNNY EGG GARLAND,6,14.04.2011 19:15,"0,42",13230.0,United Kingdom
579470,MAGIC DRAWING SLATE BAKE A CAKE,1,29.11.2011 15:06,"0,42",16549.0,United Kingdom
556914,SWEETHEART CERAMIC TRINKET BOX,4,15.06.2011 13:34,"1,25",12877.0,United Kingdom
570223,PLASTERS IN TIN WOODLAND ANIMALS,1,09.10.2011 13:11,"1,65",15787.0,United Kingdom
567901,TOILET SIGN OCCUPIED OR VACANT,1,22.09.2011 16:28,"2,46",,United Kingdom
547785,WOODEN REGATTA BUNTING,1,25.03.2011 11:41,"5,95",13097.0,United Kingdom
545215,HANGING WOOD AND FELT FLOWER,2,28.02.2011 16:47,"0,42",,United Kingdom
547793,"RUSTIC WOODEN CABINET, GLASS DOORS",2,25.03.2011 12:10,"24,95",14758.0,United Kingdom
572913,IVORY STRING CURTAIN WITH POLE,1,26.10.2011 16:21,"1,95",15993.0,United Kingdom
581225,PINK DINER WALL CLOCK,2,08.12.2011 09:55,"8,5",17677.0,United Kingdom
540418,HANGING WOOD AND FELT HEART,13,07.01.2011 11:04,"0,43",,United Kingdom
541424,CHRISTMAS TREE HEART DECORATION,1,17.01.2011 17:57,"0,42",,United Kingdom
552715,FELTCRAFT BUTTERFLY HEARTS,12,11.05.2011 09:35,"1,45",12921.0,United Kingdom
569224,12 PENCILS SMALL TUBE RED RETROSPOT,2,02.10.2011 14:00,"0,65",15701.0,United Kingdom
540414,SET OF SALT AND PEPPER TOADSTOOLS,24,07.01.2011 10:32,"1,25",12481.0,Germany
574722,LE JARDIN BOTANIQUE CUSHION COVER,1,06.11.2011 14:45,"3,75",14502.0,United Kingdom
551734,MINI JIGSAW DOLLY GIRL,24,04.05.2011 10:15,"0,42",18178.0,United Kingdom
579297,POLKADOT RAIN HAT,2,29.11.2011 11:23,"0,79",,United Kingdom
568201,HOT WATER BOTTLE KEEP CALM,12,25.09.2011 14:58,"4,95",14712.0,United Kingdom
573390,HOT WATER BOTTLE KEEP CALM,4,30.10.2011 14:53,"4,95",17213.0,United Kingdom
539958,3 HEARTS HANGING DECORATION RUSTIC,1,23.12.2010 13:26,"5,91",,United Kingdom
557635,BUTTERFLIES STICKERS,6,21.06.2011 15:27,"0,85",12748.0,United Kingdom
580613,RETROSPOT HEART HOT WATER BOTTLE,3,05.12.2011 12:03,"4,95",14759.0,United Kingdom
545322,JUMBO BAG PINK POLKADOT,10,01.03.2011 14:56,"1,95",13599.0,United Kingdom
564304,SWEETHEART CAKESTAND 3 TIER,1,24.08.2011 12:11,"9,95",14527.0,United Kingdom
552457,LUNCH BAG SUKI DESIGN,10,09.05.2011 14:40,"1,65",16477.0,United Kingdom
560018,SET/6 RED SPOTTY PAPER PLATES,8,14.07.2011 12:52,"0,85",15987.0,United Kingdom
568793,BELLE JARDINIERE CUSHION COVER,4,29.09.2011 09:55,"3,75",16011.0,United Kingdom
572746,HOT WATER BOTTLE KEEP CALM,3,25.10.2011 16:30,"4,95",13263.0,United Kingdom
566787,PAPER CHAIN KIT 50'S CHRISTMAS,6,15.09.2011 10:31,"6,63",,United Kingdom
566581,ZINC METAL HEART DECORATION,12,13.09.2011 13:47,"1,25",16081.0,United Kingdom
565248,JUMBO BAG VINTAGE CHRISTMAS,1,02.09.2011 10:34,"2,08",15860.0,United Kingdom
551133,CAMOUFLAGE DESIGN TEDDY,192,26.04.2011 13:00,"2,1",16656.0,United Kingdom
546406,BATHROOM METAL SIGN,2,11.03.2011 16:21,"1,25",,United Kingdom
579399,SET/20 RED RETROSPOT PAPER NAPKINS,3,29.11.2011 12:09,"0,85",13137.0,United Kingdom
537823,CHRISTMAS RETROSPOT ANGEL WOOD,2,08.12.2010 14:25,"1,66",,United Kingdom
577746,BLUE HARMONICA IN BOX,12,21.11.2011 14:17,"1,25",15274.0,United Kingdom
545692,ROUND SNACK BOXES SET OF 4 FRUITS,48,06.03.2011 12:58,"2,55",17428.0,United Kingdom
572863,WOODEN PICTURE FRAME WHITE FINISH,6,26.10.2011 12:53,"2,95",17841.0,United Kingdom
578757,FELTCRAFT GIRL AMELIE KIT,1,25.11.2011 11:41,"4,95",12748.0,United Kingdom
568180,SET 6 SCHOOL MILK BOTTLES IN CRATE,1,25.09.2011 13:42,"3,75",15429.0,United Kingdom
577522,RED COAT RACK PARIS FASHION,1,20.11.2011 13:23,"4,95",15988.0,United Kingdom
558919,NO SINGING METAL SIGN,6,05.07.2011 09:56,"2,1",15078.0,United Kingdom
551343,REGENCY CAKESTAND 3 TIER,4,28.04.2011 08:57,"12,75",16187.0,United Kingdom
562377,DINOSAUR LUNCH BOX WITH CUTLERY,1,04.08.2011 15:04,"2,55",14535.0,United Kingdom
569202,PICTURE FRAME WOOD TRIPLE PORTRAIT,3,30.09.2011 17:22,"13,29",,United Kingdom
575930,200 RED + WHITE BENDY STRAWS,2,11.11.2011 17:58,"2,46",,United Kingdom
570168,S/12 VANILLA  BOTANICAL T-LIGHTS,1,07.10.2011 14:05,"2,95",17596.0,United Kingdom
549317,ENAMEL WATERING CAN CREAM,4,08.04.2011 09:58,"4,95",15109.0,United Kingdom
560567,PACK OF 12 TRADITIONAL CRAYONS,2,19.07.2011 13:57,"1,25",,United Kingdom
540033,PLEASE ONE PERSON METAL SIGN,48,04.01.2011 14:12,"1,85",13680.0,United Kingdom
571477,ICE CREAM SUNDAE LIP GLOSS,24,17.10.2011 14:54,"1,25",12794.0,Portugal
545717,MINI LADLE LOVE HEART PINK,1,07.03.2011 10:15,"0,83",,United Kingdom
567854,CHILDRENS CUTLERY POLKADOT BLUE,4,22.09.2011 13:37,"4,15",14038.0,United Kingdom
559896,SET/5 RED RETROSPOT LID GLASS BOWLS,3,13.07.2011 12:15,"2,95",15530.0,United Kingdom
570020,RED  HARMONICA IN BOX,24,07.10.2011 10:18,"1,25",12684.0,France
563216,ENAMEL MEASURING JUG CREAM,1,14.08.2011 13:14,"4,25",17841.0,United Kingdom
556218,DOLLY GIRL BABY GIFT SET,2,09.06.2011 14:18,"16,95",17731.0,United Kingdom
551398,SET 20 NAPKINS FAIRY CAKES DESIGN,12,28.04.2011 13:09,"0,85",12417.0,Spain
580367,MODERN FLORAL STATIONERY SET,4,02.12.2011 16:39,"2,46",,United Kingdom
543802,ORGANISER WOOD ANTIQUE WHITE,1,13.02.2011 12:03,"8,5",13742.0,United Kingdom
563167,STRAWBERRY LUNCH BOX WITH CUTLERY,6,12.08.2011 12:37,"2,55",14696.0,United Kingdom
577495,LUNCH BAG RED VINTAGE DOILY,1,20.11.2011 12:20,"1,65",14704.0,United Kingdom
552879,CARD BIRTHDAY COWBOY,12,12.05.2011 09:55,"0,42",12976.0,United Kingdom
571442,6 RIBBONS RUSTIC CHARM,6,17.10.2011 13:39,"1,95",17049.0,United Kingdom
551152,RED RETROSPOT PICNIC BAG,3,26.04.2011 14:47,"2,95",13230.0,United Kingdom
546479,RECYCLED ACAPULCO MAT RED,2,14.03.2011 11:38,"8,25",12682.0,France
573585,ANGEL DECORATION STARS ON DRESS,1,31.10.2011 14:41,"0,83",,United Kingdom
557643,ROSE CARAVAN DOORSTOP,1,21.06.2011 16:36,"14,13",,United Kingdom
572090,HOME SWEET HOME CUSHION COVER,1,20.10.2011 14:33,"3,75",13573.0,United Kingdom
544323,PACK OF 72 SKULL CAKE CASES,2,17.02.2011 15:51,"1,25",,United Kingdom
571277,PEACE WOODEN BLOCK LETTERS,3,16.10.2011 12:40,"6,95",16934.0,United Kingdom
567183,GLASS APOTHECARY BOTTLE ELIXIR,3,18.09.2011 15:33,"3,95",14769.0,United Kingdom
559894,JIGSAW TREE WITH BIRDHOUSE,1,13.07.2011 12:06,"0,59",14159.0,United Kingdom
580092,BLUE VINTAGE SPOT BEAKER,4,01.12.2011 14:38,"0,85",13969.0,United Kingdom
556120,WRAP COWBOYS,25,09.06.2011 10:06,"0,42",16722.0,United Kingdom
558767,DOORMAT WELCOME TO OUR HOME,2,03.07.2011 13:27,"7,95",13833.0,United Kingdom
543300,RED RETROSPOT TRADITIONAL TEAPOT,2,07.02.2011 11:42,"7,95",13334.0,United Kingdom
571289,PACK OF 60 PINK PAISLEY CAKE CASES,24,16.10.2011 15:27,"0,55",15113.0,United Kingdom
560773,GIFT BAG BIRTHDAY,1,20.07.2011 16:17,"0,42",,United Kingdom
536488,AIRLINE BAG VINTAGE JET SET WHITE,1,01.12.2010 12:31,"4,25",17897.0,United Kingdom
570488,SET OF 2 CHRISTMAS DECOUPAGE CANDLE,6,10.10.2011 17:12,"1,63",14096.0,United Kingdom
553678,GINGERBREAD MAN COOKIE CUTTER,12,18.05.2011 13:00,"1,25",14009.0,United Kingdom
557217,60 CAKE CASES DOLLY GIRL DESIGN,24,17.06.2011 12:30,"0,55",17426.0,United Kingdom
579472,SET OF 12 FORK CANDLES,1,29.11.2011 15:09,"2,89",13521.0,United Kingdom
545215,FULL ENGLISH BREAKFAST PLATE,1,28.02.2011 16:47,"7,46",,United Kingdom
560025,JUMBO BAG DOLLY GIRL DESIGN,1,14.07.2011 13:00,"2,08",18283.0,United Kingdom
537200,BLUE GREEN EMBROIDERY COSMETIC BAG,1,05.12.2010 14:17,"2,95",15867.0,United Kingdom
575083,WOOD STAMP SET THANK YOU,10,08.11.2011 13:31,"0,83",18123.0,United Kingdom
569700,YOU'RE CONFUSING ME METAL SIGN,1,05.10.2011 15:56,"4,13",,United Kingdom
541423,FOLKART ZINC HEART CHRISTMAS DEC,1,17.01.2011 17:54,"1,63",,United Kingdom
539986,SOLDIERS EGG CUP,2,23.12.2010 15:21,"1,25",,United Kingdom
549734,RED RETROSPOT CUP,10,11.04.2011 17:12,"0,85",16409.0,United Kingdom
578067,CARD HOLDER GINGHAM HEART,2,22.11.2011 15:43,"5,79",,United Kingdom
539338,72 SWEETHEART FAIRY CAKE CASES,240,17.12.2010 10:54,"0,55",17404.0,Sweden
542625,SWEETHEART RECIPE BOOK STAND,1,31.01.2011 09:50,"13,29",,United Kingdom
538651,BLUE POLKADOT CUP,1,13.12.2010 15:07,"0,85",15311.0,United Kingdom
554366,BLACK AND WHITE DOG BOWL,552,24.05.2011 10:24,"3,24",17450.0,United Kingdom
574707,DOORMAT ENGLISH ROSE,10,06.11.2011 14:08,"7,08",17107.0,United Kingdom
577303,PLASTERS IN TIN SKULLS,6,18.11.2011 13:02,"1,65",14390.0,United Kingdom
553928,RED TOADSTOOL LED NIGHT LIGHT,72,20.05.2011 10:02,"1,45",12931.0,United Kingdom
570887,CHRISTMAS RETROSPOT STAR WOOD,12,13.10.2011 10:25,"0,85",17169.0,United Kingdom
537208,NO SINGING METAL SIGN,2,05.12.2010 15:12,"2,1",15889.0,United Kingdom
579843,JUMBO BAG VINTAGE LEAF,40,30.11.2011 16:21,"2,08",12921.0,United Kingdom
538067,CIRCUS PARADE LUNCH BOX,4,09.12.2010 13:59,"1,95",15288.0,United Kingdom
541139,JUMBO BAG DOLLY GIRL DESIGN,10,14.01.2011 11:05,"1,95",15213.0,United Kingdom
537135,AREA PATROLLED METAL SIGN,4,05.12.2010 12:35,"2,1",17059.0,United Kingdom
580288,ENAMEL WASH BOWL CREAM,4,02.12.2011 13:29,"3,75",17611.0,United Kingdom
570829,DANISH ROSE TRINKET TRAYS,2,12.10.2011 13:17,"5,95",16295.0,United Kingdom
562035,OFFICE MUG WARMER BLACK+SILVER,6,02.08.2011 09:29,"2,95",12627.0,Germany
552649,SPACEBOY LUNCH BOX,12,10.05.2011 13:44,"1,95",12592.0,Germany
537754,TEA TIME KITCHEN APRON,1,08.12.2010 11:16,"5,95",16081.0,United Kingdom
563854,SET OF 60 PANTRY DESIGN CAKE CASES,24,19.08.2011 15:24,"0,55",12364.0,Belgium
558475,MINI LADLE LOVE HEART RED,2,29.06.2011 15:58,"0,83",,United Kingdom
577768,DOLLY GIRL LUNCH BOX,1,21.11.2011 15:18,"4,13",,United Kingdom
577029,SKULLS AND CROSSBONES WRAP,25,17.11.2011 12:59,"0,42",15563.0,United Kingdom
537208,SUMMER FUN DESIGN SHOWER CAP,1,05.12.2010 15:12,"1,25",15889.0,United Kingdom
577549,SET 12 KIDS  WHITE CHALK STICKS,2,20.11.2011 15:00,"0,42",17841.0,United Kingdom
555276,WHITE HANGING HEART T-LIGHT HOLDER,1,01.06.2011 17:28,"5,79",,United Kingdom
552234,SET OF 6 SPICE TINS PANTRY DESIGN,5,06.05.2011 16:01,"4,13",,United Kingdom
575212,CHRISTMAS LIGHTS 10 VINTAGE BAUBLES,3,09.11.2011 10:41,"4,95",14108.0,United Kingdom
574481,FELTCRAFT HAIRBAND PINK AND BLUE,1,04.11.2011 12:45,"0,85",18022.0,United Kingdom
555810,LUNCH BAG DOILEY PATTERN,10,07.06.2011 11:39,"1,65",17091.0,United Kingdom
554275,FRENCH TOILET SIGN BLUE METAL,2,23.05.2011 13:17,"1,25",14903.0,United Kingdom
541839,T-LIGHT HOLDER SWEETHEART HANGING,4,23.01.2011 11:15,"1,95",17769.0,United Kingdom
537237,FELTCRAFT CHRISTMAS FAIRY,2,06.12.2010 09:58,"8,47",,United Kingdom
562276,JUMBO BAG PINK VINTAGE PAISLEY,20,04.08.2011 10:23,"2,08",17735.0,United Kingdom
575718,COLOUR GLASS. STAR T-LIGHT HOLDER,24,10.11.2011 18:04,"3,29",16907.0,United Kingdom
566952,CHARLIE & LOLA WASTEPAPER BIN FLORA,2,15.09.2011 16:37,"1,25",,United Kingdom
554112,BLUE CIRCLES DESIGN MONKEY DOLL,1,22.05.2011 14:44,"2,55",17611.0,United Kingdom
570245,JUMBO BAG VINTAGE LEAF,7,09.10.2011 16:11,"2,08",14415.0,United Kingdom
536745,RED RETROSPOT MINI CASES,8,02.12.2010 13:38,"7,95",17235.0,United Kingdom
576098,ROTATING SILVER ANGELS T-LIGHT HLDR,12,14.11.2011 10:01,"2,55",14862.0,United Kingdom
540023,200 RED + WHITE BENDY STRAWS,1,04.01.2011 12:58,"1,25",15039.0,United Kingdom
536404,3 PIECE SPACEBOY COOKIE CUTTER SET,12,01.12.2010 11:29,"2,1",16218.0,United Kingdom
553725,3 HOOK HANGER MAGIC GARDEN,12,18.05.2011 16:51,"1,95",17047.0,United Kingdom
577174,PANTRY WASHING UP BRUSH,2,18.11.2011 10:58,"1,45",17841.0,United Kingdom
554278,HOT BATHS SOAP HOLDER,1,23.05.2011 13:25,"1,69",13831.0,United Kingdom
560829,SPOTTY BUNTING,6,21.07.2011 12:00,"4,95",17694.0,United Kingdom
540362,FRENCH ENAMEL UTENSIL HOLDER,1,06.01.2011 15:42,"3,75",13656.0,United Kingdom
578285,BALLOONS  WRITING SET,1,23.11.2011 13:57,"1,65",12748.0,United Kingdom
556408,DOORMAT SPOTTY HOME SWEET HOME,1,10.06.2011 11:54,"7,95",13533.0,United Kingdom
567472,JAM JAR WITH PINK LID,2,20.09.2011 12:47,"0,85",15039.0,United Kingdom
538566,ENGLISH ROSE HOT WATER BOTTLE,4,13.12.2010 11:21,"8,47",,United Kingdom
577080,JUMBO BAG VINTAGE LEAF,20,17.11.2011 15:24,"2,08",17001.0,United Kingdom
559367,RETROSPOT RED WASHING UP GLOVES,6,08.07.2011 09:38,"2,1",13013.0,United Kingdom
558809,SINGLE ANTIQUE ROSE HOOK IVORY,2,04.07.2011 11:10,"3,29",,United Kingdom
540365,FELTCRAFT PRINCESS LOLA DOLL,4,06.01.2011 16:12,"3,75",12413.0,France
559521,CHILDRENS CUTLERY SPACEBOY,5,08.07.2011 16:26,"4,15",,Unspecified
569469,BUNDLE OF 3 SCHOOL EXERCISE BOOKS,2,04.10.2011 12:22,"1,65",16360.0,United Kingdom
560723,"KEY FOB , BACK DOOR",2,20.07.2011 13:53,"0,65",16464.0,United Kingdom
540351,CERAMIC PIRATE CHEST MONEY BANK,12,06.01.2011 14:26,"1,45",12735.0,France
537802,"NURSERY A,B,C PAINTED LETTERS",2,08.12.2010 13:11,"6,75",13455.0,United Kingdom
551393,VINTAGE BLUE KITCHEN CABINET,1,28.04.2011 12:22,295,14973.0,United Kingdom
567529,SET OF 4 KNICK KNACK TINS DOILY,6,21.09.2011 09:22,"4,15",18236.0,United Kingdom
558066,CHRISTMAS TREE STAR DECORATION,2,24.06.2011 15:45,"0,42",,United Kingdom
554543,COLOUR GLASS T-LIGHT HOLDER HANGING,16,25.05.2011 09:18,"0,65",16091.0,United Kingdom
572726,PACK OF 12 50'S CHRISTMAS TISSUES,12,25.10.2011 15:19,"0,39",16056.0,United Kingdom
561888,PACK OF 6 LARGE FRUIT STRAWS,12,31.07.2011 13:36,"0,62",14092.0,United Kingdom
573937,WRAP VINTAGE LEAF DESIGN,25,02.11.2011 10:40,"0,42",15830.0,United Kingdom
546755,ALARM CLOCK BAKELIKE RED,4,16.03.2011 13:29,"3,75",12502.0,Spain
566601,LARGE CAKE TOWEL CHOCOLATE SPOTS,1,13.09.2011 15:57,"6,75",16469.0,United Kingdom
567170,VINTAGE SNAP CARDS,8,18.09.2011 12:40,"0,85",13566.0,United Kingdom
581219,WOOD STAMP SET BEST WISHES,1,08.12.2011 09:28,"3,29",,United Kingdom
578817,BAKING SET 9 PIECE RETROSPOT,1,25.11.2011 13:45,"4,95",16764.0,United Kingdom
558532,FILIGRIS HEART WITH BUTTERFLY,2,30.06.2011 11:32,"1,25",15039.0,United Kingdom
550301,LOVE BUILDING BLOCK WORD,1,17.04.2011 10:15,"5,95",17243.0,United Kingdom
580737,COFFEE MUG APPLES DESIGN,6,06.12.2011 09:05,"2,55",14140.0,United Kingdom
539437,CAKE PLATE LOVEBIRD PINK,1,17.12.2010 14:54,"10,17",,United Kingdom
562932,CLASSIC GLASS COOKIE JAR,3,10.08.2011 16:39,"4,15",16904.0,United Kingdom
566602,SUKI  SHOULDER BAG,10,13.09.2011 16:05,"1,63",,United Kingdom
541266,JUMBO BAG PINK VINTAGE PAISLEY,10,16.01.2011 16:25,"1,95",15673.0,United Kingdom
538625,DINOSAUR KEYRINGS ASSORTED,36,13.12.2010 12:50,"0,21",14544.0,United Kingdom
580520,60 CAKE CASES VINTAGE CHRISTMAS,1,04.12.2011 14:55,"0,55",13521.0,United Kingdom
556108,RED VICTORIAN FABRIC OVAL BOX,1,08.06.2011 17:59,"0,83",,United Kingdom
558926,OPEN CLOSED METAL SIGN,2,05.07.2011 10:21,"4,95",17469.0,United Kingdom
559525,DRAWER KNOB CRACKLE GLAZE IVORY,12,10.07.2011 10:30,"1,65",16923.0,United Kingdom
578016,ANTIQUE IVORY WIRE BOWL SMALL,6,22.11.2011 13:02,"2,49",14506.0,United Kingdom
563549,LARGE HEART MEASURING SPOONS,1,17.08.2011 12:34,"3,29",,United Kingdom
540954,PANDA AND BUNNIES STICKER SHEET,2,12.01.2011 13:19,"0,85",14606.0,United Kingdom
571189,HEART DECORATION RUSTIC HANGING,24,14.10.2011 11:42,"0,19",13213.0,United Kingdom
567658,REGENCY CAKESTAND 3 TIER,1,21.09.2011 14:50,"12,75",14428.0,United Kingdom
537135,JUMBO BAG OWLS,2,05.12.2010 12:35,"1,95",17059.0,United Kingdom
576078,HEART STRING MEMO HOLDER HANGING,6,13.11.2011 16:22,"0,79",14432.0,United Kingdom
579512,BAKING SET 9 PIECE RETROSPOT,1,29.11.2011 16:47,"10,79",,United Kingdom
541285,BAKING SET 9 PIECE RETROSPOT,3,17.01.2011 12:45,"4,95",13001.0,United Kingdom
569650,GLASS APOTHECARY BOTTLE PERFUME,12,05.10.2011 12:44,"3,45",12415.0,Australia
550459,PLEASE ONE PERSON METAL SIGN,2,18.04.2011 13:17,"2,1",18116.0,United Kingdom
575176,WOOD STOCKING CHRISTMAS SCANDISPOT,25,08.11.2011 18:29,"0,83",,United Kingdom
578548,JUMBO SHOPPER VINTAGE RED PAISLEY,1,24.11.2011 15:03,"2,08",17345.0,United Kingdom
573576,HOME SWEET HOME MUG,1,31.10.2011 14:09,"3,29",14096.0,United Kingdom
569544,PACK OF 12 LONDON TISSUES,3,04.10.2011 16:33,"0,83",,United Kingdom
547114,ELVIS WALLHANGING / CURTAIN,2,21.03.2011 11:49,"1,25",14688.0,United Kingdom
537769,SET OF 6 HEART CHOPSTICKS,1,08.12.2010 12:17,"1,25",15021.0,United Kingdom
545715,VICTORIAN SEWING BOX MEDIUM,1,07.03.2011 10:13,"15,79",,United Kingdom
560232,JUMBO BAG DOILEY PATTERNS,10,17.07.2011 11:08,"2,08",14810.0,United Kingdom
569037,SET/5 RED RETROSPOT LID GLASS BOWLS,1,30.09.2011 10:45,"2,95",13263.0,United Kingdom
550778,COFFEE MUG CAT + BIRD DESIGN,6,20.04.2011 13:36,"2,55",14868.0,United Kingdom
544591,WOODEN SKITTLES GARDEN SET,4,21.02.2011 15:20,"12,75",13044.0,United Kingdom
570983,"FEATHER PEN,HOT PINK",12,13.10.2011 11:57,"0,39",14963.0,United Kingdom
577319,REGENCY SUGAR BOWL GREEN,1,18.11.2011 13:43,"4,15",17301.0,United Kingdom
572873,STAR T-LIGHT HOLDER WILLIE WINKIE,12,26.10.2011 13:27,"1,65",12820.0,United Kingdom
555199,RED RETROSPOT PLATE,2,01.06.2011 12:05,"1,69",14606.0,United Kingdom
538625,NATURAL SLATE RECTANGLE CHALKBOARD,4,13.12.2010 12:50,"1,65",14544.0,United Kingdom
544934,SPACEBOY TV DINNER TRAY,3,25.02.2011 09:01,"4,95",13345.0,United Kingdom
570187,12 PENCIL SMALL TUBE WOODLAND,4,07.10.2011 15:09,"1,25",,United Kingdom
577077,RED SPOT PAPER GIFT BAG,40,17.11.2011 15:16,"0,82",17799.0,United Kingdom
551125,ST TROPEZ NECKLACE,2,26.04.2011 12:47,"4,95",17277.0,United Kingdom
556427,DOTCOM POSTAGE,1,10.06.2011 13:23,"91,33",,United Kingdom
566901,JAM MAKING SET WITH JARS,12,15.09.2011 13:54,"3,75",17434.0,United Kingdom
567096,I'M ON HOLIDAY METAL SIGN,4,16.09.2011 13:13,"2,1",15099.0,United Kingdom
538652,ZINC HEART LATTICE CHARGER LARGE,4,13.12.2010 15:12,"3,75",17890.0,United Kingdom
549926,WORLD WAR 2 GLIDERS ASSTD DESIGNS,1728,13.04.2011 10:14,"0,21",16333.0,United Kingdom
556486,RED ROCKING HORSE HAND PAINTED,24,12.06.2011 13:22,"1,25",17422.0,United Kingdom
579167,HEART WOODEN CHRISTMAS DECORATION,3,28.11.2011 14:06,"0,85",16800.0,United Kingdom
548234,LUNCH BAG  BLACK SKULL.,20,30.03.2011 10:32,"1,65",17594.0,United Kingdom
579885,SNACK TRAY RED VINTAGE DOILY,2,30.11.2011 17:37,"1,95",15444.0,United Kingdom
574693,SILVER STARS TABLE DECORATION,4,06.11.2011 13:32,"0,83",14553.0,United Kingdom
580501,SILVER HEARTS TABLE DECORATION,2,04.12.2011 13:00,"0,83",14546.0,United Kingdom
542255,ANTIQUE TALL SWIRLGLASS TRINKET POT,1,26.01.2011 16:43,"7,46",,United Kingdom
550458,MAGNETS PACK OF 4 SWALLOWS,1,18.04.2011 13:13,"2,46",,United Kingdom
558776,DOORMAT FANCY FONT HOME SWEET HOME,200,04.07.2011 10:20,"4,58",18102.0,United Kingdom
577774,PAPER CHAIN KIT 50'S CHRISTMAS,2,21.11.2011 15:57,"2,95",16712.0,United Kingdom
581492,TRADITIONAL WOODEN CATCH CUP GAME,1,09.12.2011 10:03,"2,46",,United Kingdom
569850,RED DRAGONFLY HELICOPTER,2,06.10.2011 13:59,"7,95",16432.0,United Kingdom
552528,ALARM CLOCK BAKELIKE ORANGE,2,09.05.2011 16:59,"3,75",17218.0,United Kingdom
577499,PANTRY KITCHEN THERMOMETER,1,20.11.2011 12:24,"1,25",15906.0,United Kingdom
547073,LUNCH BAG SPACEBOY DESIGN,2,20.03.2011 14:23,"1,65",17211.0,United Kingdom
557112,VINTAGE PAISLEY STATIONERY SET,2,16.06.2011 16:31,"2,46",,United Kingdom
576861,3D TRADITIONAL CHRISTMAS STICKERS,10,16.11.2011 16:00,"1,25",18041.0,United Kingdom
572285,ROLL WRAP 50'S CHRISTMAS,4,23.10.2011 12:16,"1,25",14698.0,United Kingdom
579518,PACK OF 12 VINTAGE CHRISTMAS TISSUE,12,29.11.2011 18:05,"0,39",12748.0,United Kingdom
541648,CUPCAKE LACE PAPER SET 6,12,20.01.2011 11:15,"1,95",17811.0,United Kingdom
580727,METAL DECORATION NAUGHTY CHILDREN,16,05.12.2011 17:17,"1,66",14096.0,United Kingdom
550123,CHILDREN'S APRON DOLLY GIRL,4,14.04.2011 12:39,"2,1",,United Kingdom
572923,PACK 3 BOXES CHRISTMAS PANNETONE,12,27.10.2011 08:35,"1,95",15948.0,United Kingdom
549435,PINK BLUE FELT CRAFT TRINKET BOX,8,08.04.2011 12:33,"1,25",12356.0,Portugal
559145,JAM MAKING SET PRINTED,96,06.07.2011 14:17,"1,45",17404.0,Sweden
552040,SILK PURSE BABUSHKA PINK,12,06.05.2011 08:19,"3,35",12502.0,Spain
553149,REGENCY TEA PLATE ROSES,48,13.05.2011 14:16,"1,45",14226.0,United Kingdom
576840,SET OF 36 TEATIME PAPER DOILIES,1,16.11.2011 15:23,"2,92",,United Kingdom
563753,LUNCH BAG SUKI DESIGN,10,19.08.2011 10:51,"1,65",12513.0,France
555397,JUMBO STORAGE BAG SKULLS,2,02.06.2011 17:26,"4,13",,United Kingdom
540350,SET OF 3 BUTTERFLY COOKIE CUTTERS,1,06.01.2011 14:14,"1,25",18283.0,United Kingdom
580729,SQUARE MINI PORTRAIT FRAME,1,05.12.2011 17:24,"4,13",,United Kingdom
577109,MAGIC DRAWING SLATE GO TO THE FAIR,24,17.11.2011 17:50,"0,42",16042.0,United Kingdom
551171,LARGE PINK GLASS SUNDAE DISH,3,26.04.2011 16:45,"0,79",13263.0,United Kingdom
561384,SET/4 SPRING FLOWER DECORATION,12,27.07.2011 09:01,"0,75",13194.0,United Kingdom
572442,PENCIL CASE LIFE IS BEAUTIFUL,6,24.10.2011 12:09,"2,95",12546.0,Spain
561605,BREAD BIN DINER STYLE IVORY,1,28.07.2011 12:09,"16,95",13925.0,United Kingdom
544790,PACK OF 12 SUKI TISSUES,12,23.02.2011 12:27,"0,29",16940.0,United Kingdom
537065,RED GINGHAM TEDDY BEAR,6,05.12.2010 11:57,"2,95",12567.0,France
547654,FRENCH BLUE METAL DOOR SIGN 4,1,24.03.2011 12:32,"1,25",14527.0,United Kingdom
559815,SET OF 12 FAIRY CAKE BAKING CASES,128,12.07.2011 15:56,"0,72",15251.0,United Kingdom
575736,3 RAFFIA RIBBONS 50'S CHRISTMAS,10,11.11.2011 08:47,"0,79",12697.0,Sweden
559494,RED HANGING HEART T-LIGHT HOLDER,1,08.07.2011 13:54,"5,79",,United Kingdom
540551,CABIN BAG VINTAGE PAISLEY,1,10.01.2011 09:43,"25,49",,United Kingdom
573931,TOTE BAG I LOVE LONDON,12,02.11.2011 10:16,"2,1",16884.0,United Kingdom
543910,GINGHAM HEART DECORATION,12,14.02.2011 12:36,"0,85",13475.0,United Kingdom
542624,FRENCH BLUE METAL DOOR SIGN 4,1,31.01.2011 09:48,"2,46",,United Kingdom
547906,WATERING CAN PINK BUNNY,1,28.03.2011 12:13,"1,95",14410.0,United Kingdom
553476,SET OF 10 LED DOLLY LIGHTS,4,17.05.2011 11:41,"6,25",14221.0,United Kingdom
571404,SET 12 KIDS  WHITE CHALK STICKS,24,17.10.2011 12:04,"0,42",17520.0,United Kingdom
561885,SET/3 VANILLA SCENTED CANDLE IN BOX,1,31.07.2011 13:13,"4,25",15532.0,United Kingdom
564166,YULETIDE IMAGES GIFT WRAP SET,12,23.08.2011 13:40,"0,65",15089.0,United Kingdom
562045,PANTRY MAGNETIC  SHOPPING LIST,12,02.08.2011 10:33,"1,45",12644.0,Germany
549183,PAPER CHAIN KIT EMPIRE,8,07.04.2011 09:16,"2,95",14239.0,United Kingdom
578069,LUNCH BAG ALPHABET DESIGN,10,22.11.2011 15:49,"1,65",14329.0,United Kingdom
574840,SWALLOW SQUARE TISSUE BOX,2,07.11.2011 11:41,"0,39",12748.0,United Kingdom
571912,RED WOOLLY HOTTIE WHITE HEART.,4,19.10.2011 15:26,"4,25",17512.0,United Kingdom
562339,STRAWBERRY CHARLOTTE BAG,3,04.08.2011 11:59,"0,85",13571.0,United Kingdom
543242,JUMBO SHOPPER VINTAGE RED PAISLEY,10,04.02.2011 14:03,"1,95",15090.0,United Kingdom
578121,SMALL WHITE HEART OF WICKER,12,23.11.2011 10:23,"1,65",14547.0,United Kingdom
539434,COSY SLIPPER SHOES SMALL GREEN,1,17.12.2010 14:41,"5,91",,United Kingdom
554070,HEART OF WICKER LARGE,10,22.05.2011 11:06,"2,95",13555.0,United Kingdom
578814,SPACEBOY CHILDRENS BOWL,1,25.11.2011 13:40,"1,25",12748.0,United Kingdom
536750,CREAM CUPID HEARTS COAT HANGER,6,02.12.2010 14:04,"2,75",17850.0,United Kingdom
554016,DOCTOR'S BAG SOFT TOY,2,20.05.2011 13:14,"8,95",13243.0,United Kingdom
565788,FOLKART ZINC HEART CHRISTMAS DEC,12,07.09.2011 08:18,"0,85",13210.0,United Kingdom
568526,GLITTER CHRISTMAS STAR,36,27.09.2011 13:04,"0,39",17656.0,United Kingdom
580399,RED HEART SHAPE LOVE BUCKET,12,04.12.2011 11:45,"0,79",13471.0,United Kingdom
568241,DOORMAT SPOTTY HOME SWEET HOME,10,26.09.2011 12:10,"7,08",15218.0,United Kingdom
550542,ROBOT BIRTHDAY CARD,2,19.04.2011 11:37,"0,83",,United Kingdom
569220,SET 12 KIDS COLOUR  CHALK STICKS,3,02.10.2011 13:26,"0,42",16007.0,United Kingdom
556788,CHOCOLATE HOT WATER BOTTLE,48,14.06.2011 13:40,"4,25",15129.0,United Kingdom
577503,HOT WATER BOTTLE I AM SO POORLY,4,20.11.2011 12:34,"4,95",18110.0,United Kingdom
544460,SAVE THE PLANET MUG,6,20.02.2011 14:01,"1,25",16931.0,United Kingdom
567462,VINTAGE UNION JACK APRON,1,20.09.2011 12:35,"6,95",14446.0,United Kingdom
554094,PINK LOVE BIRD CANDLE,1,22.05.2011 12:49,"1,25",15716.0,United Kingdom
540355,RED RETROSPOT SHOPPER BAG,10,06.01.2011 15:11,"3,36",,United Kingdom
540472,SET OF 72 PINK HEART PAPER DOILIES,12,07.01.2011 14:22,"1,45",18179.0,United Kingdom
564841,ALARM CLOCK BAKELIKE PINK,2,30.08.2011 13:42,"8,29",,United Kingdom
573585,LARGE RED BABUSHKA NOTEBOOK,2,31.10.2011 14:41,"2,46",,United Kingdom
580774,ROSES REGENCY TEACUP AND SAUCER,6,06.12.2011 11:05,"2,95",13994.0,United Kingdom
549429,JUMBO BAG SCANDINAVIAN BLUE PAISLEY,20,08.04.2011 12:06,"2,08",17001.0,United Kingdom
572767,PINK DRAWER KNOB ACRYLIC EDWARDIAN,24,26.10.2011 10:11,"1,25",17865.0,United Kingdom
559816,TROPICAL PASSPORT COVER,1,12.07.2011 16:11,"1,63",,United Kingdom
536544,EASTER DECORATION NATURAL CHICK,2,01.12.2010 14:32,"1,28",,United Kingdom
544685,PINK HAPPY BIRTHDAY BUNTING,3,22.02.2011 17:13,"5,45",13285.0,United Kingdom
574873,PACK OF SIX LED TEA LIGHTS,2,07.11.2011 13:01,"2,89",16362.0,United Kingdom
568709,LUNCH BAG PINK POLKADOT,3,28.09.2011 15:42,"1,65",15036.0,United Kingdom
555284,HEART OF WICKER SMALL,12,02.06.2011 09:37,"1,45",14298.0,United Kingdom
537237,CHRISTMAS LIGHTS 10 REINDEER,1,06.12.2010 09:58,"16,98",,United Kingdom
551717,PAPER BUNTING RETROSPOT,4,03.05.2011 15:59,"2,95",13263.0,United Kingdom
538346,I'M ON HOLIDAY METAL SIGN,12,10.12.2010 14:53,"2,1",17865.0,United Kingdom
571544,WOODEN TREE CHRISTMAS SCANDINAVIAN,8,17.10.2011 16:53,"0,29",17757.0,United Kingdom
539453,HEART OF WICKER SMALL,18,17.12.2010 17:08,"3,36",,United Kingdom
536987,VICTORIAN SEWING KIT,1,03.12.2010 14:54,"1,25",17198.0,United Kingdom
571212,HEART T-LIGHT HOLDER WILLIE WINKIE,3,14.10.2011 12:53,"1,65",12856.0,United Kingdom
539086,ALARM CLOCK BAKELIKE GREEN,4,16.12.2010 09:35,"3,75",17001.0,United Kingdom
548642,PACK OF 20 NAPKINS PANTRY DESIGN,6,01.04.2011 13:00,"0,85",17287.0,United Kingdom
538991,PICTURE FRAME WOOD TRIPLE PORTRAIT,24,15.12.2010 11:53,"5,95",17511.0,United Kingdom
536859,PACK OF 6 SWEETIE GIFT BOXES,4,03.12.2010 10:43,"2,55",12841.0,United Kingdom
578757,RABBIT NIGHT LIGHT,1,25.11.2011 11:41,"2,08",12748.0,United Kingdom
544103,CHILDS GARDEN TROWEL PINK,1,16.02.2011 10:33,"0,85",17961.0,United Kingdom
555251,"NURSERY A,B,C PAINTED LETTERS",2,01.06.2011 15:12,"6,75",13062.0,United Kingdom
558355,DOORMAT HEARTS,1,28.06.2011 14:58,"7,95",13614.0,United Kingdom
541130,JUMBO BAG SCANDINAVIAN PAISLEY,2,14.01.2011 10:15,"4,96",,United Kingdom
549387,WATERING CAN GREEN DINOSAUR,6,08.04.2011 11:33,"1,95",13178.0,United Kingdom
551148,NATURAL SLATE HEART CHALKBOARD,48,26.04.2011 14:12,"2,55",15939.0,United Kingdom
550639,RED RETROSPOT CHARLOTTE BAG,10,19.04.2011 15:46,"0,85",14152.0,United Kingdom
548546,PACK OF 6 SANDCASTLE FLAGS ASSORTED,12,31.03.2011 19:20,"0,85",16600.0,United Kingdom
574069,LUNCH BAG RED RETROSPOT,10,02.11.2011 14:52,"1,65",17735.0,United Kingdom
561367,RED WOOLLY HOTTIE WHITE HEART.,2,26.07.2011 15:46,"7,46",,United Kingdom
549958,CLOTHES PEGS RETROSPOT PACK 24,1,13.04.2011 13:47,"1,65",17589.0,United Kingdom
570380,HEART CALCULATOR,3,10.10.2011 12:35,"1,25",14606.0,United Kingdom
574349,CHICK GREY HOT WATER BOTTLE,8,04.11.2011 10:29,"4,25",13495.0,United Kingdom
568542,PARTY METAL SIGN,2,27.09.2011 14:31,"1,45",16750.0,United Kingdom
554283,RECYCLING BAG RETROSPOT,5,23.05.2011 14:11,"2,1",17686.0,United Kingdom
546972,STRAWBERRY CHARLOTTE BAG,17,18.03.2011 12:04,"2,46",,United Kingdom
556433,LUNCH BAG PINK POLKADOT,1,10.06.2011 14:01,"4,96",,United Kingdom
541258,QUEENS GUARD COFFEE MUG,3,16.01.2011 15:30,"2,55",13634.0,United Kingdom
556081,ABC TREASURE BOOK BOX,1,08.06.2011 15:22,"4,58",,United Kingdom
574852,TEA FOR ONE POLKADOT,1,07.11.2011 12:04,"4,25",15493.0,United Kingdom
569415,DOTCOM POSTAGE,1,04.10.2011 10:14,"492,46",,United Kingdom
569845,HOME SWEET HOME CUSHION COVER,4,06.10.2011 13:41,"3,75",14819.0,United Kingdom
566306,VINTAGE GLASS T-LIGHT HOLDER,24,12.09.2011 09:36,"0,83",13265.0,United Kingdom
556279,ZINC METAL HEART DECORATION,3,09.06.2011 19:55,"1,25",14562.0,United Kingdom
541711,PACK OF 72 SKULL CAKE CASES,120,21.01.2011 11:18,"0,42",14646.0,Netherlands
580511,SPACEBOY MINI BACKPACK,4,04.12.2011 13:54,"4,15",12560.0,Germany
559016,REGENCY TEAPOT ROSES,8,05.07.2011 13:01,"9,95",14051.0,United Kingdom
575730,VINTAGE UNION JACK APRON,2,10.11.2011 19:53,"6,95",14765.0,United Kingdom
541872,SET OF 3 HEART COOKIE CUTTERS,1,24.01.2011 09:52,"1,25",14796.0,United Kingdom
551347,WRAP ALPHABET DESIGN,25,28.04.2011 09:20,"0,42",15768.0,United Kingdom
541219,BUNNY DECORATION MAGIC GARDEN,4,14.01.2011 14:06,"0,79",,United Kingdom
572865,DOORMAT WELCOME SUNRISE,1,26.10.2011 13:01,"8,25",17841.0,United Kingdom
581074,PACK OF 12 LONDON TISSUES,12,07.12.2011 11:27,"0,39",15568.0,United Kingdom
579557,POPPY'S PLAYHOUSE BATHROOM,1,30.11.2011 11:18,"3,29",,United Kingdom
571705,ROCKING HORSE GREEN CHRISTMAS,12,18.10.2011 15:22,"0,85",12360.0,Austria
550542,COOK WITH WINE METAL SIGN,1,19.04.2011 11:37,"4,13",,United Kingdom
543162,SET OF 6 SPICE TINS PANTRY DESIGN,2,03.02.2011 18:08,"3,95",17507.0,United Kingdom
560991,4 TRADITIONAL SPINNING TOPS,12,22.07.2011 13:29,"1,45",12438.0,Norway
551516,PICTURE DOMINOES,2,01.05.2011 11:10,"1,45",14800.0,United Kingdom
559894,CHARLOTTE BAG VINTAGE ALPHABET,2,13.07.2011 12:06,"0,85",14159.0,United Kingdom
541999,SMALL POPCORN HOLDER,10,25.01.2011 10:45,"1,63",,United Kingdom
541993,SET/6 RED SPOTTY PAPER PLATES,1,25.01.2011 09:37,"2,46",,United Kingdom
560937,MINI JIGSAW DOLLY GIRL,1,22.07.2011 10:52,"0,42",17920.0,United Kingdom
538418,75 BLACK PETIT FOUR CASES,2,12.12.2010 12:00,"0,42",17372.0,United Kingdom
572215,JAM JAR WITH GREEN LID,24,21.10.2011 12:52,"0,85",12646.0,USA
552508,JUMBO BAG PINK VINTAGE PAISLEY,2,09.05.2011 16:27,"4,13",,United Kingdom
576071,CARD SUKI BIRTHDAY,12,13.11.2011 16:03,"0,42",18069.0,United Kingdom
549321,CREAM WALL PLANTER HEART SHAPED,2,08.04.2011 10:19,"5,95",14243.0,United Kingdom
560781,VINTAGE CARAVAN GREETING CARD,12,21.07.2011 09:43,"0,42",13969.0,United Kingdom
548003,"FANCY FONT BIRTHDAY CARD,",12,29.03.2011 10:39,"0,42",18044.0,United Kingdom
565617,TRAVEL CARD WALLET RETROSPOT,2,05.09.2011 15:30,"0,83",,United Kingdom
541869,FAIRY DREAMS INCENSE,25,24.01.2011 09:35,"0,42",,United Kingdom
578844,SKULL SHOULDER BAG,3,25.11.2011 16:14,"1,63",,United Kingdom
571793,WICKER STAR,6,19.10.2011 11:38,"2,1",16621.0,United Kingdom
540240,RED RETROSPOT TAPE,24,05.01.2011 15:09,"0,19",17585.0,United Kingdom
566819,HEART OF WICKER LARGE,2,15.09.2011 11:25,"2,95",17214.0,United Kingdom
564532,PAINTED METAL PEARS ASSORTED,8,25.08.2011 15:04,"1,69",14055.0,United Kingdom
543815,EASTER TIN CHICKS PINK DAISY,2,13.02.2011 15:18,"1,65",17255.0,United Kingdom
561217,OVERNIGHT BAG VINTAGE ROSE PAISLEY,1,25.07.2011 17:09,"10,79",,United Kingdom
551988,FRENCH LAUNDRY SIGN BLUE METAL,12,05.05.2011 15:08,"1,65",12576.0,Poland
556685,CITRONELLA CANDLE GARDEN POT,12,14.06.2011 10:00,"1,25",14503.0,United Kingdom
546255,SET OF 4 ENGLISH ROSE COASTERS,10,10.03.2011 14:56,"1,25",13468.0,United Kingdom
538783,FELTCRAFT DOLL ROSIE,12,14.12.2010 11:38,"2,95",14961.0,United Kingdom
580632,HOT WATER BOTTLE TEA AND SYMPATHY,1,05.12.2011 12:16,"4,25",16360.0,United Kingdom
578921,SET OF 3 HANGING OWLS OLLIE BEAK,1,27.11.2011 11:57,"1,25",13596.0,United Kingdom
559052,VICTORIAN  METAL POSTCARD SPRING,8,05.07.2011 16:53,"1,04",,United Kingdom
580043,WICKER WREATH LARGE,2,01.12.2011 12:25,"1,95",14527.0,United Kingdom
569662,PACK OF 6 BIRDY GIFT TAGS,24,05.10.2011 13:19,"1,25",15244.0,United Kingdom
573267,ZINC HERB GARDEN CONTAINER,1,28.10.2011 12:44,"6,25",,United Kingdom
540519,RED RETROSPOT SHOPPER BAG,20,09.01.2011 12:12,"1,25",12793.0,Portugal
574965,BALLOON PUMP WITH 10 BALLOONS,1,08.11.2011 10:44,"1,95",17964.0,United Kingdom
543642,LUNCH BOX WITH CUTLERY FAIRY CAKES,8,10.02.2011 17:40,"2,55",16161.0,United Kingdom
566757,PACK OF 12 DOLLY GIRL TISSUES,1,14.09.2011 15:54,"0,83",,United Kingdom
560125,BOX OF 6 MINI 50'S CRACKERS,1,15.07.2011 10:44,"2,49",18118.0,United Kingdom
550496,SET OF 6 FUNKY BEAKERS,1,18.04.2011 15:05,"5,79",,United Kingdom
538497,PINK HORSE SOCK PUPPET,1,12.12.2010 12:44,"2,95",14684.0,United Kingdom
568060,MONSTERS STENCIL CRAFT,1,23.09.2011 13:11,"1,25",14546.0,United Kingdom
538053,ENGLISH ROSE HOT WATER BOTTLE,24,09.12.2010 13:34,"3,75",15856.0,United Kingdom
574300,SMALL REGAL  SILVER CANDLEPOT,6,03.11.2011 16:12,"2,95",14636.0,United Kingdom
578347,CHRYSANTHEMUM SKETCHBOOK,1,24.11.2011 09:26,"7,46",,United Kingdom
559350,REGENCY CAKESTAND 3 TIER,4,07.07.2011 17:35,"12,75",16842.0,United Kingdom
573130,BISCUIT TIN VINTAGE CHRISTMAS,4,27.10.2011 16:41,"2,89",13969.0,United Kingdom
570210,EGG FRYING PAN IVORY,3,09.10.2011 10:48,"2,08",13259.0,United Kingdom
544684,SET OF 20 VINTAGE CHRISTMAS NAPKINS,1,22.02.2011 16:32,"1,63",,United Kingdom
565286,POLKADOT RAIN HAT,20,02.09.2011 11:39,"0,79",,United Kingdom
552957,60 TEATIME FAIRY CAKE CASES,240,12.05.2011 12:36,"0,55",17404.0,Sweden
567339,SET OF 12 FAIRY CAKE BAKING CASES,8,19.09.2011 15:01,"0,83",14146.0,United Kingdom
574077,4 PEAR BOTANICAL DINNER CANDLES,1,02.11.2011 15:56,"1,25",17999.0,United Kingdom
563933,WRAP CHRISTMAS VILLAGE,25,21.08.2011 15:54,"0,42",16536.0,United Kingdom
574684,JUMBO BAG PEARS,40,06.11.2011 12:56,"1,79",17581.0,United Kingdom
578067,BEADED CRYSTAL HEART PINK ON STICK,1,22.11.2011 15:43,"0,83",,United Kingdom
542741,MAGIC DRAWING SLATE SPACEBOY,11,31.01.2011 16:02,"0,42",17375.0,United Kingdom
541695,ANT COPPER RED BOUDICCA BRACELET,1,20.01.2011 18:01,"4,98",,United Kingdom
565836,SET/10 RED POLKADOT PARTY CANDLES,24,07.09.2011 11:41,"1,25",17511.0,United Kingdom
568047,RIBBON REEL CHRISTMAS PRESENT,10,23.09.2011 12:27,"1,65",15075.0,United Kingdom
539242,SET OF 6 RIBBONS VINTAGE CHRISTMAS,1,16.12.2010 13:16,"2,55",,United Kingdom
536984,SET 12 KIDS COLOUR  CHALK STICKS,1,03.12.2010 14:35,"0,42",17841.0,United Kingdom
541838,HOME SMALL WOOD LETTERS,6,23.01.2011 10:43,"4,95",12916.0,United Kingdom
573904,PARTY METAL SIGN,6,01.11.2011 14:54,"1,45",14505.0,United Kingdom
572552,METALIC LEAVES BAG CHARMS,3,24.10.2011 17:07,"2,46",14096.0,United Kingdom
559817,WOOD STAMP SET FLOWERS,6,12.07.2011 16:20,"0,83",,United Kingdom
557878,SET OF 3 REGENCY CAKE TINS,2,23.06.2011 13:13,"4,95",16940.0,United Kingdom
562132,SET OF 6 TEA TIME BAKING CASES,12,03.08.2011 09:40,"1,25",13384.0,United Kingdom
562928,SET OF 5 MINI GROCERY MAGNETS,12,10.08.2011 15:29,"2,08",15494.0,United Kingdom
558442,MINI WOODEN HAPPY BIRTHDAY GARLAND,3,29.06.2011 13:10,"1,69",15537.0,United Kingdom
555853,SALLE DE BAIN HOOK,2,07.06.2011 13:44,"1,25",14375.0,United Kingdom
537666,CERAMIC HEART FAIRY CAKE MONEY BANK,1,07.12.2010 18:36,"3,36",,United Kingdom
573867,SKULLS PARTY BAG + STICKER SET,8,01.11.2011 12:12,"1,65",12674.0,France
564756,PLASTERS IN TIN SKULLS,1,30.08.2011 10:33,"3,29",,United Kingdom
560434,GOLD/M.O.P PENDANT ORBIT NECKLACE,1,18.07.2011 15:56,"8,32",,United Kingdom
551524,WATERING CAN BLUE ELEPHANT,5,01.05.2011 12:35,"1,95",16401.0,United Kingdom
560779,IVORY ENCHANTED FOREST PLACEMAT,2,21.07.2011 09:30,"3,29",,United Kingdom
580729,CHRISTMAS TABLE SILVER CANDLE SPIKE,3,05.12.2011 17:24,"1,63",,United Kingdom
547862,VINTAGE SNAP CARDS,1,27.03.2011 12:54,"0,85",12841.0,United Kingdom
541421,VINTAGE SNAP CARDS,2,17.01.2011 17:44,"1,63",,United Kingdom
536740,JAM MAKING SET PRINTED,12,02.12.2010 13:08,"1,45",15827.0,United Kingdom
552183,ASSORTED COLOUR METAL CAT,3,06.05.2011 13:43,"1,25",17604.0,United Kingdom
560689,RED RETROSPOT OVEN GLOVE DOUBLE,2,20.07.2011 11:55,"2,95",15039.0,United Kingdom
554986,MONSTERS STENCIL CRAFT,2,29.05.2011 12:35,"1,25",14451.0,United Kingdom
545568,PACK 20 ENGLISH ROSE PAPER NAPKINS,1,03.03.2011 16:22,"1,63",,United Kingdom
544207,LOVEBIRD HANGING DECORATION WHITE,2,17.02.2011 10:34,"1,63",,United Kingdom
539957,PACK OF 72 RETROSPOT CAKE CASES,24,23.12.2010 12:58,"0,55",12585.0,Germany
566291,FELTCRAFT BUTTERFLY HEARTS,2,11.09.2011 15:31,"1,45",12965.0,United Kingdom
557119,MEMO BOARD COTTAGE DESIGN,4,16.06.2011 17:08,"4,95",17416.0,United Kingdom
578666,FRENCH ENAMEL CANDLEHOLDER,6,24.11.2011 17:06,"2,1",17727.0,United Kingdom
564974,LIPSTICK PEN RED,1,31.08.2011 15:32,"0,83",,United Kingdom
562931,TRAVEL CARD WALLET I LOVE LONDON,24,10.08.2011 16:19,"0,42",14030.0,United Kingdom
571284,BLUE BUNNY EASTER EGG BASKET,1,16.10.2011 14:07,"1,65",14562.0,United Kingdom
537262,CERAMIC PIRATE CHEST MONEY BANK,1,06.12.2010 11:26,"1,45",15039.0,United Kingdom
571671,PARTY INVITES BALLOON GIRL,2,18.10.2011 13:15,"0,85",16940.0,United Kingdom
553523,PINK  POLKADOT CUP,1,17.05.2011 14:46,"1,63",,United Kingdom
546165,MA CAMPAGNE CUTLERY BOX,1,10.03.2011 10:08,"14,95",18183.0,United Kingdom
552640,ALARM CLOCK BAKELIKE CHOCOLATE,1,10.05.2011 13:19,"3,75",17841.0,United Kingdom
555149,SET OF 4 NAPKIN CHARMS CUTLERY,3,31.05.2011 15:49,"4,96",,United Kingdom
562843,RABBIT NIGHT LIGHT,1,09.08.2011 17:37,"4,13",,United Kingdom
567024,CHARLIE+LOLA RED HOT WATER BOTTLE,1,16.09.2011 11:23,"4,96",,United Kingdom
575937,JUMBO SHOPPER VINTAGE RED PAISLEY,10,13.11.2011 11:24,"2,08",12935.0,United Kingdom
558774,BUNNY WOODEN PAINTED WITH FLOWER,1,04.07.2011 10:17,"0,83",,United Kingdom
574298,SMALL RED BABUSHKA NOTEBOOK,1,03.11.2011 15:56,"1,63",,United Kingdom
556977,PACK OF 72 RETROSPOT CAKE CASES,24,16.06.2011 10:42,"0,55",17446.0,United Kingdom
541423,BUNNY DECORATION MAGIC GARDEN,9,17.01.2011 17:54,"0,79",,United Kingdom
580729,SET OF 6 RIBBONS PERFECTLY PRETTY,2,05.12.2011 17:24,"5,79",,United Kingdom
538524,RIBBON REEL HEARTS DESIGN,1,13.12.2010 09:35,"3,36",,United Kingdom
543777,HEART IVORY TRELLIS SMALL,3,11.02.2011 16:20,"1,25",15406.0,United Kingdom
569888,GREEN REGENCY TEACUP AND SAUCER,24,06.10.2011 15:31,"2,55",13049.0,United Kingdom
562046,VINTAGE DONKEY TAIL GAME,6,02.08.2011 10:34,"3,75",12378.0,Switzerland
579787,VINTAGE CHRISTMAS STOCKING,4,30.11.2011 15:33,"4,96",,United Kingdom
544077,S/4 PINK FLOWER CANDLES IN BOWL,4,15.02.2011 15:04,"1,65",14825.0,United Kingdom
571035,ALARM CLOCK BAKELIKE RED,4,13.10.2011 12:50,"3,75",12446.0,RSA
568994,SET 36 COLOUR PENCILS SPACEBOY,16,29.09.2011 16:52,"1,25",12598.0,France
554986,DINOSAURS  WRITING SET,3,29.05.2011 12:35,"1,65",14451.0,United Kingdom
553183,CHILDS GARDEN BRUSH PINK,6,15.05.2011 12:31,"2,1",16076.0,United Kingdom
573413,VINTAGE PAISLEY STATIONERY SET,1,30.10.2011 16:12,"1,25",15444.0,United Kingdom
567656,LUNCH BAG SUKI DESIGN,1,21.09.2011 14:40,"4,13",14096.0,United Kingdom
560397,LUNCH BAG DOILEY PATTERN,10,18.07.2011 14:04,"1,65",17652.0,United Kingdom
554089,HANGING HEART MIRROR DECORATION,12,22.05.2011 12:16,"0,65",13527.0,United Kingdom
575063,CHILDREN'S APRON DOLLY GIRL,2,08.11.2011 12:32,"2,1",16764.0,United Kingdom
580727,SET 7 BABUSHKA NESTING BOXES,2,05.12.2011 17:17,"16,63",14096.0,United Kingdom
569097,MINI PLAYING CARDS FUN FAIR,20,30.09.2011 12:06,"0,42",12731.0,France
555850,JAM MAKING SET PRINTED,4,07.06.2011 13:35,"1,45",16550.0,United Kingdom
544942,SKULLS GREETING CARD,24,25.02.2011 10:29,"0,42",15544.0,United Kingdom
564630,LARGE WHITE HEART OF WICKER,12,26.08.2011 11:53,"2,95",13644.0,United Kingdom
580981,LUNCH BAG SUKI DESIGN,10,06.12.2011 16:02,"1,65",16201.0,United Kingdom
550960,CREAM SWEETHEART MINI CHEST,2,21.04.2011 16:39,"12,75",12622.0,Germany
578347,ABSTRACT CIRCLES SKETCHBOOK,1,24.11.2011 09:26,"7,46",,United Kingdom
540238,6 RIBBONS SHIMMERING PINKS,1,05.01.2011 14:44,"0,85",,United Kingdom
541422,SET OF 6 T-LIGHTS TOADSTOOLS,1,17.01.2011 17:48,"5,79",,United Kingdom
567670,BATHROOM METAL SIGN,1,21.09.2011 15:32,"1,25",,United Kingdom
548496,JAM JAR WITH PINK LID,96,31.03.2011 13:40,"0,72",12678.0,France
580523,CARD HOLDER LOVE BIRD LARGE,1,04.12.2011 15:00,"6,25",17827.0,United Kingdom
538637,COSY HOUR CIGAR BOX MATCHES,3,13.12.2010 13:52,"1,25",17611.0,United Kingdom
567796,SET 10 NIGHT OWL LIGHTS,1,22.09.2011 11:46,"6,75",16395.0,United Kingdom
554955,LUNCH BAG DOILEY PATTERN,10,27.05.2011 14:55,"1,65",17412.0,United Kingdom
574315,CREAM SWEETHEART MINI CHEST,4,03.11.2011 17:53,"12,75",17076.0,United Kingdom
579002,SET 36 COLOUR PENCILS SPACEBOY,4,27.11.2011 16:27,"1,25",14093.0,United Kingdom
542678,"KEY FOB , BACK DOOR",1,31.01.2011 12:21,"0,65",14688.0,United Kingdom
552554,SET OF 36 PAISLEY FLOWER DOILIES,2,10.05.2011 11:04,"1,45",12843.0,United Kingdom
576259,HAND WARMER BIRD DESIGN,12,14.11.2011 14:18,"2,1",12957.0,United Kingdom
577594,BAKING SET SPACEBOY DESIGN,2,20.11.2011 16:07,"4,95",13142.0,United Kingdom
551518,WHITE HANGING BEADS CANDLE HOLDER,12,01.05.2011 11:36,"5,45",15708.0,United Kingdom
550464,PAPER CHAIN KIT EMPIRE,4,18.04.2011 13:30,"2,95",16550.0,United Kingdom
573138,CHILDRENS CUTLERY SPACEBOY,2,27.10.2011 17:22,"4,15",15023.0,United Kingdom
558475,ANTIQUE ALL GLASS CANDLESTICK,8,29.06.2011 15:58,"2,46",,United Kingdom
552670,PINK REGENCY TEACUP AND SAUCER,1,10.05.2011 15:06,"5,79",,United Kingdom
538883,MILK PAN RED RETROSPOT,1,14.12.2010 15:56,"7,62",,United Kingdom
556819,RABBIT NIGHT LIGHT,96,15.06.2011 10:21,"1,79",12682.0,France
538827,NUMBER TILE VINTAGE FONT 5,24,14.12.2010 12:59,"0,42",14298.0,United Kingdom
575756,TV DINNER TRAY VINTAGE PAISLEY,1,11.11.2011 10:48,"4,95",18118.0,United Kingdom
540525,JUMBO STORAGE BAG SUKI,10,09.01.2011 13:02,"1,95",16833.0,United Kingdom
575520,DOUGHNUT LIP GLOSS,20,10.11.2011 10:56,"1,25",17537.0,United Kingdom
540013,REX CASH+CARRY JUMBO SHOPPER,1,04.01.2011 11:30,"0,95",16255.0,United Kingdom
577782,CHARLOTTE BAG PINK POLKADOT,2,21.11.2011 16:17,"0,85",16549.0,United Kingdom
542733,FRENCH CHATEAU LARGE PLATTER,1,31.01.2011 15:35,"7,95",15058.0,United Kingdom
538510,DOORMAT MULTICOLOUR STRIPE,2,12.12.2010 13:47,"7,95",18004.0,United Kingdom
550162,SWEETHEART CERAMIC TRINKET BOX,12,14.04.2011 16:23,"1,25",12569.0,Germany
568589,GLASS JAR DAISY FRESH COTTON WOOL,6,28.09.2011 10:27,"2,95",17405.0,United Kingdom
537362,ASSORTED CREEPY CRAWLIES,24,06.12.2010 12:34,"0,42",17596.0,United Kingdom
542255,CLOTHES PEGS RETROSPOT PACK 24,1,26.01.2011 16:43,"2,46",,United Kingdom
538533,CERAMIC CHERRY CAKE MONEY BANK,4,13.12.2010 10:31,"1,45",14796.0,United Kingdom
580511,SET OF 4 KNICK KNACK TINS DOILY,6,04.12.2011 13:54,"4,15",12560.0,Germany
569253,36 DOILIES VINTAGE CHRISTMAS,12,03.10.2011 10:55,"1,45",13635.0,United Kingdom
575145,CHRISTMAS LIGHTS 10 REINDEER,4,08.11.2011 15:40,"8,5",14116.0,United Kingdom
542398,TRIPLE PHOTO FRAME CORNICE,2,27.01.2011 15:36,"9,95",13174.0,United Kingdom
574240,PACK OF 60 DINOSAUR CAKE CASES,4,03.11.2011 12:45,"0,55",15998.0,United Kingdom
563241,JUMBO BAG VINTAGE DOILY,30,15.08.2011 10:22,"2,08",12758.0,Portugal
557858,CHARLOTTE BAG DOLLY GIRL DESIGN,2,23.06.2011 11:51,"0,85",14159.0,United Kingdom
552978,WOODEN OWLS LIGHT GARLAND,48,12.05.2011 14:46,"3,75",12590.0,Germany
556446,PICNIC BASKET WICKER 60 PIECES,1,10.06.2011 15:33,"649,5",15098.0,United Kingdom
579161,CHRISTMAS MUSICAL ZINC TREE,10,28.11.2011 13:56,"0,29",17379.0,United Kingdom
576258,,11,14.11.2011 14:17,0,,United Kingdom
570466,PENCIL CASE LIFE IS BEAUTIFUL,2,10.10.2011 16:03,"2,95",16791.0,United Kingdom
566060,SET/10 IVORY POLKADOT PARTY CANDLES,2,08.09.2011 15:27,"0,83",,United Kingdom
554039,TRADITIONAL MODELLING CLAY,48,20.05.2011 14:27,"1,06",15095.0,United Kingdom
554124,JAM JAR WITH GREEN LID,12,23.05.2011 08:31,"0,85",13339.0,United Kingdom
567850,VINTAGE SNAP CARDS,12,22.09.2011 13:18,"0,85",15067.0,United Kingdom
558631,LAUNDRY 15C METAL SIGN,2,30.06.2011 18:17,"1,45",17921.0,United Kingdom
543256,REX CASH+CARRY JUMBO SHOPPER,1,04.02.2011 15:54,"0,95",17293.0,United Kingdom
572321,SET OF 4 PANTRY JELLY MOULDS,12,24.10.2011 08:59,"1,25",15592.0,United Kingdom
546862,DANISH ROSE TRINKET TRAYS,2,17.03.2011 15:34,"5,95",16216.0,United Kingdom
561247,SET OF 12 MINI LOAF BAKING CASES,12,26.07.2011 11:38,"0,83",16592.0,United Kingdom
560991,BLUE VINTAGE SPOT BEAKER,8,22.07.2011 13:29,"0,85",12438.0,Norway
555537,FELTCRAFT BUTTERFLY HEARTS,1,05.06.2011 12:37,"1,45",15453.0,United Kingdom
571105,3 ROSE MORRIS BOXED CANDLES,1,13.10.2011 16:01,"1,25",17614.0,United Kingdom
567386,PLASTERS IN TIN WOODLAND ANIMALS,12,20.09.2011 10:38,"1,65",17863.0,United Kingdom
546884,PLACE SETTING WHITE STAR,6,17.03.2011 18:08,"1,63",,United Kingdom
555401,DECORATIVE PLANT POT WITH FRIEZE,10,02.06.2011 17:51,"6,75",14088.0,United Kingdom
560754,WRAP ENGLISH ROSE,25,20.07.2011 15:56,"0,42",17754.0,United Kingdom
550542,HANGING HEART WITH BELL,2,19.04.2011 11:37,"2,46",,United Kingdom
565565,BUNDLE OF 3 RETRO NOTE BOOKS,1,05.09.2011 12:20,"1,65",14534.0,United Kingdom
567145,NATURAL SLATE CHALKBOARD LARGE,6,16.09.2011 15:09,"4,95",12921.0,United Kingdom
545854,RED RETROSPOT SHOPPER BAG,10,07.03.2011 13:51,"1,25",14817.0,United Kingdom
561694,RECYCLED ACAPULCO MAT RED,2,29.07.2011 09:57,"8,25",16147.0,United Kingdom
578676,WHITE SKULL HOT WATER BOTTLE,3,24.11.2011 19:07,"4,25",16016.0,United Kingdom
578781,SET OF 20 VINTAGE CHRISTMAS NAPKINS,1,25.11.2011 11:54,"0,85",15872.0,United Kingdom
562788,LUNCH BAG  BLACK SKULL.,10,09.08.2011 13:48,"1,65",17669.0,United Kingdom
562123,LUNCH BAG DOLLY GIRL DESIGN,150,02.08.2011 17:19,"1,45",17353.0,United Kingdom
573340,SET OF 3 WOODEN SLEIGH DECORATIONS,5,30.10.2011 11:55,"1,25",14159.0,United Kingdom
564735,COWBOYS AND INDIANS BIRTHDAY CARD,12,28.08.2011 13:35,"0,42",15856.0,United Kingdom
576071,KEY RING BASEBALL BOOT ASSORTED,4,13.11.2011 16:03,"1,25",18069.0,United Kingdom
565287,12 PENCILS TALL TUBE WOODLAND,12,02.09.2011 11:42,"0,85",12483.0,Sweden
562933,WOVEN ROSE GARDEN CUSHION COVER,1,10.08.2011 16:51,"4,13",,United Kingdom
580983,MAKE YOUR OWN PLAYTIME CARD KIT,1,06.12.2011 16:26,"5,79",,United Kingdom
567890,PLASTERS IN TIN VINTAGE PAISLEY,12,22.09.2011 15:40,"1,65",14125.0,United Kingdom
546653,3D SHEET OF DOG STICKERS,1,15.03.2011 14:18,"1,66",,United Kingdom
576631,GARDENERS KNEELING PAD CUP OF TEA,12,16.11.2011 08:53,"1,65",16626.0,United Kingdom
563764,RED LOVE HEART SHAPE CUP,2,19.08.2011 11:15,"0,85",14606.0,United Kingdom
552304,ANTIQUE TALL SWIRLGLASS TRINKET POT,1,08.05.2011 15:15,"3,75",12748.0,United Kingdom
578347,SMALL RED BABUSHKA NOTEBOOK,11,24.11.2011 09:26,"1,63",,United Kingdom
540031,ASSORTED COLOUR BIRD ORNAMENT,8,04.01.2011 13:50,"1,69",17975.0,United Kingdom
575269,I'M ON HOLIDAY METAL SIGN,12,09.11.2011 12:08,"2,1",17865.0,United Kingdom
547964,WOODLAND DESIGN  COTTON TOTE BAG,1,28.03.2011 15:45,"4,96",,United Kingdom
578270,SET OF 36 TEATIME PAPER DOILIES,1,23.11.2011 13:39,"2,92",14096.0,United Kingdom
573340,DOLLY GIRL BEAKER,1,30.10.2011 11:55,"1,25",14159.0,United Kingdom
556731,LUNCH BAG DOILEY PATTERN,2,14.06.2011 11:41,"1,65",18283.0,United Kingdom
575063,CHRISTMAS GINGHAM TREE,1,08.11.2011 12:32,"0,85",16764.0,United Kingdom
578065,WALL ART CAT AND BIRD,1,22.11.2011 15:41,"5,79",,United Kingdom
578290,FRENCH GARDEN SIGN BLUE METAL,12,23.11.2011 14:07,"1,25",13644.0,United Kingdom
577026,WATERING CAN GREEN DINOSAUR,3,17.11.2011 12:55,"1,95",17237.0,United Kingdom
567429,WHITE HANGING HEART T-LIGHT HOLDER,6,20.09.2011 11:39,"2,95",17686.0,United Kingdom
548893,JUMBO BAG SCANDINAVIAN BLUE PAISLEY,1,04.04.2011 15:54,"4,13",,United Kingdom
542275,WHITE JEWELLED HEART DECORATION,24,27.01.2011 10:18,"0,85",13089.0,United Kingdom
553672,REGENCY CAKESTAND 3 TIER,1,18.05.2011 12:44,"12,75",15811.0,United Kingdom
564758,NATURAL SLATE CHALKBOARD LARGE,1,30.08.2011 10:39,"9,96",,United Kingdom
543189,PACK OF 12 STICKY BUNNIES,12,04.02.2011 11:48,"0,65",17517.0,United Kingdom
561653,PASTEL COLOUR HONEYCOMB FAN,12,28.07.2011 15:55,"0,39",14002.0,United Kingdom
549577,36 DOILIES DOLLY GIRL,12,11.04.2011 08:16,"1,45",14286.0,United Kingdom
559814,CHILDRENS CUTLERY POLKADOT GREEN,8,12.07.2011 15:49,"4,15",15544.0,United Kingdom
543056,STRAWBERRY FAIRY CAKE TEAPOT,16,03.02.2011 10:47,"4,95",12471.0,Germany
576607,CHRISTMAS CRAFT WHITE FAIRY,12,15.11.2011 15:42,"1,45",12474.0,Germany
568082,HAND WARMER RED RETROSPOT,24,23.09.2011 14:38,"2,1",14944.0,United Kingdom
571465,RIBBON REEL SNOWY VILLAGE,4,17.10.2011 14:29,"1,65",14830.0,United Kingdom
580298,JUMBO BAG PAISLEY PARK,10,02.12.2011 13:54,"2,08",17086.0,United Kingdom
577855,FELT EGG COSY CHICKEN,1,22.11.2011 11:18,"0,85",15877.0,United Kingdom
574280,SET 36 COLOURING PENCILS DOILY,32,03.11.2011 14:47,"1,25",13408.0,United Kingdom
578113,PACK OF 60 PINK PAISLEY CAKE CASES,48,23.11.2011 09:35,"0,55",14560.0,United Kingdom
546437,DOLLY GIRL LUNCH BOX,12,14.03.2011 09:46,"1,95",16807.0,United Kingdom
580611,JUMBO BAG PEARS,1,05.12.2011 11:49,"2,08",12748.0,United Kingdom
536381,YOU'RE CONFUSING ME METAL SIGN,3,01.12.2010 09:41,"1,69",15311.0,United Kingdom
553863,WATERING CAN BLUE ELEPHANT,6,19.05.2011 14:05,"1,95",13418.0,United Kingdom
553035,RED RETROSPOT BIG BOWL,1,12.05.2011 20:13,"4,95",17337.0,United Kingdom
562587,ICE CREAM PEN LIP GLOSS,48,07.08.2011 14:34,"1,25",15640.0,United Kingdom
536544,SET OF 12  VINTAGE POSTCARD SET,1,01.12.2010 14:32,"2,51",,United Kingdom
576837,PICNIC BOXES SET OF 3 RETROSPOT,1,16.11.2011 15:16,"9,96",,United Kingdom
574544,DRAWER KNOB CERAMIC IVORY,2,04.11.2011 14:49,"1,45",17084.0,United Kingdom
554083,UNION JACK FLAG PASSPORT COVER,1,22.05.2011 11:51,"2,1",18125.0,United Kingdom
580367,SINGLE HEART ZINC T-LIGHT HOLDER,1,02.12.2011 16:39,"2,08",,United Kingdom
538524,OFFICE MUG WARMER BLACK+SILVER,2,13.12.2010 09:35,"5,91",,United Kingdom
551884,SMALL CHOCOLATES PINK BOWL,48,05.05.2011 09:17,"0,42",16109.0,United Kingdom
545830,HOT BATHS SOAP HOLDER,2,07.03.2011 13:10,"1,69",17634.0,United Kingdom
539958,TROPICAL PASSPORT COVER,3,23.12.2010 13:26,"1,66",,United Kingdom
559134,ASSORTED COLOUR MINI CASES,2,06.07.2011 13:14,"7,95",12700.0,France
555266,REGENCY CAKESTAND 3 TIER,4,01.06.2011 16:12,"12,75",15611.0,United Kingdom
579777,TRAVEL CARD WALLET VINTAGE LEAF,1,30.11.2011 15:13,"0,83",,United Kingdom
558057,"KEY FOB , GARAGE DESIGN",48,24.06.2011 14:57,"0,65",15665.0,United Kingdom
572460,HANGING METAL STAR LANTERN,12,24.10.2011 12:54,"1,65",17001.0,United Kingdom
576329,SMALL HEART MEASURING SPOONS,4,14.11.2011 15:22,"1,63",,United Kingdom
575730,PANTRY HOOK SPATULA,1,10.11.2011 19:53,"2,08",14765.0,United Kingdom
541827,HANGING WOOD AND FELT BUTTERFLY,5,21.01.2011 17:05,"0,42",,United Kingdom
562114,RED RETROSPOT PLATE,1,02.08.2011 16:14,"3,29",,United Kingdom
541987,VINTAGE RED TEATIME MUG,6,24.01.2011 16:05,"1,25",14130.0,United Kingdom
580688,PAPER CHAIN KIT RETROSPOT,2,05.12.2011 15:38,"2,95",15550.0,United Kingdom
573904,VINTAGE CHRISTMAS GIFT SACK,2,01.11.2011 14:54,"4,15",14505.0,United Kingdom
541496,RED TOADSTOOL LED NIGHT LIGHT,1,18.01.2011 15:00,"4,13",,United Kingdom
539463,GREEN GIANT GARDEN THERMOMETER,2,19.12.2010 11:19,"5,95",18077.0,United Kingdom
570888,POPPY'S PLAYHOUSE LIVINGROOM,6,13.10.2011 10:26,"2,1",17509.0,United Kingdom
549874,PINK FAIRY CAKE CHILDRENS APRON,1,12.04.2011 15:23,"1,95",16919.0,United Kingdom
574877,WOODEN BOX OF DOMINOES,12,07.11.2011 13:17,"1,25",16637.0,United Kingdom
545978,FELTCRAFT HAIRBANDS PINK AND WHITE,5,08.03.2011 12:19,"0,85",13975.0,United Kingdom
573401,MINI WOODEN HAPPY BIRTHDAY GARLAND,12,30.10.2011 15:43,"1,69",12364.0,Belgium
569026,SET OF 6 RIBBONS VINTAGE CHRISTMAS,6,30.09.2011 10:18,"2,89",16101.0,United Kingdom
577071,SET 6 PAPER TABLE LANTERN HEARTS,4,17.11.2011 14:56,"3,75",13969.0,United Kingdom
537626,BLACK EAR MUFF HEADPHONES,12,07.12.2010 14:57,"4,65",12347.0,Iceland
571283,REGENCY CAKESTAND 3 TIER,2,16.10.2011 13:51,"12,75",16533.0,United Kingdom
558200,DOORMAT FAIRY CAKE,1,27.06.2011 13:00,"7,95",15976.0,United Kingdom
556460,JUMBO BAG ALPHABET,10,12.06.2011 09:56,"1,95",14276.0,United Kingdom
567185,3 TIER CAKE TIN RED AND CREAM,2,18.09.2011 15:55,"14,95",16370.0,United Kingdom
573373,SMALL WHITE HEART OF WICKER,3,30.10.2011 13:37,"1,65",14684.0,United Kingdom
561669,SET OF 12 FAIRY CAKE BAKING CASES,128,28.07.2011 17:09,"0,72",12507.0,Spain
544323,SMALL CHOCOLATES PINK BOWL,1,17.02.2011 15:51,"2,46",,United Kingdom
575828,TOILET SIGN OCCUPIED OR VACANT,24,11.11.2011 11:34,"0,83",17162.0,United Kingdom
578539,TRADITIONAL PICK UP STICKS GAME,12,24.11.2011 14:55,"1,25",,Unspecified
560864,BEADED CRYSTAL HEART PINK LARGE,24,21.07.2011 13:54,"0,79",14407.0,United Kingdom
559816,BLUE POLKADOT PURSE,3,12.07.2011 16:11,"2,46",,United Kingdom
575617,check,-90,10.11.2011 12:53,0,,United Kingdom
554789,PACK OF 12 COLOURED PENCILS,96,26.05.2011 12:07,"0,85",16966.0,United Kingdom
561898,WOOD BLACK BOARD ANT WHITE FINISH,2,31.07.2011 15:25,"7,95",12456.0,Switzerland
540355,SET OF 72 PINK HEART PAPER DOILIES,1,06.01.2011 15:11,"3,83",,United Kingdom
571676,CAT BOWL VINTAGE CREAM,1,18.10.2011 13:29,"3,25",16910.0,United Kingdom
540515,CHOCOLATE THIS WAY METAL SIGN,2,09.01.2011 11:54,"2,1",15059.0,United Kingdom
564356,JUMBO STORAGE BAG SUKI,10,24.08.2011 15:47,"2,08",13969.0,United Kingdom
542788,MAGNETS PACK OF 4 SWALLOWS,12,01.02.2011 10:37,"1,25",16570.0,United Kingdom
578811,ROUND SNACK BOXES SET OF4 WOODLAND,12,25.11.2011 13:28,"2,95",12438.0,Norway
580660,PLEASE ONE PERSON METAL SIGN,12,05.12.2011 13:49,"2,1",16592.0,United Kingdom
566583,3 DRAWER ANTIQUE WHITE WOOD CABINET,2,13.09.2011 13:55,"8,95",15343.0,United Kingdom
547249,ANTIQUE ALL GLASS CANDLESTICK,3,22.03.2011 09:27,"2,46",,United Kingdom
546972,PACK OF 20 SKULL PAPER NAPKINS,1,18.03.2011 12:04,"1,63",,United Kingdom
578541,PENCIL CASE LIFE IS BEAUTIFUL,4,24.11.2011 15:01,"2,95",14277.0,France
550986,CHARLOTTE BAG APPLES DESIGN,1,21.04.2011 18:06,"1,63",,United Kingdom
545024,SET/6 PURPLE BUTTERFLY T-LIGHTS,1,25.02.2011 14:38,"4,13",,United Kingdom
543113,WRAP ENGLISH ROSE,25,03.02.2011 13:06,"0,42",13047.0,United Kingdom
560368,LUNCH BAG SPACEBOY DESIGN,5,18.07.2011 12:25,"1,65",17841.0,United Kingdom
561600,CHARLOTTE BAG SUKI DESIGN,7,28.07.2011 11:29,"0,85",15861.0,United Kingdom
563193,SKULLS SQUARE TISSUE BOX,3,12.08.2011 16:30,"0,39",,United Kingdom
551791,WOODEN ROUNDERS GARDEN SET,10,04.05.2011 11:26,"8,5",13220.0,United Kingdom
569700,STRAWBERRY CERAMIC TRINKET BOX,1,05.10.2011 15:56,"2,46",,United Kingdom
538566,PARTY PIZZA DISH GREEN POLKADOT,1,13.12.2010 11:21,"1,66",,United Kingdom
551718,REGENCY TEA SPOON,2,03.05.2011 16:06,"2,46",,United Kingdom
567174,SET/6 EAU DE NIL BIRD T-LIGHTS,2,18.09.2011 13:31,"2,1",16438.0,United Kingdom
541684,MAKE YOUR OWN FLOWERPOWER CARD KIT,1,20.01.2011 15:22,"2,95",15498.0,United Kingdom
540681,SILVER M.O.P ORBIT DROP EARRINGS,1,10.01.2011 16:25,"4,24",,United Kingdom
544450,GIN AND TONIC MUG,3,20.02.2011 12:23,"1,25",17811.0,United Kingdom
568568,FUNKY DIVA PEN,96,28.09.2011 08:48,"0,85",14412.0,United Kingdom
542998,SET OF 72 PINK HEART PAPER DOILIES,2,02.02.2011 12:16,"3,75",,United Kingdom
569374,FRENCH KITCHEN SIGN BLUE METAL,1,03.10.2011 16:14,"2,46",,United Kingdom
552950,VICTORIAN  METAL POSTCARD SPRING,8,12.05.2011 12:01,"1,69",16116.0,United Kingdom
558116,ENAMEL MEASURING JUG CREAM,1,27.06.2011 09:11,"8,29",,United Kingdom
548497,WOODLAND CHARLOTTE BAG,12,31.03.2011 13:43,"0,85",13089.0,United Kingdom
576329,FRENCH PAISLEY CUSHION COVER,1,14.11.2011 15:22,"3,29",,United Kingdom
549958,PACK OF 12 TRADITIONAL CRAYONS,5,13.04.2011 13:47,"0,42",17589.0,United Kingdom
537213,ASSORTED CHEESE FRIDGE MAGNETS,1,05.12.2010 15:26,"0,65",12748.0,United Kingdom
547551,FRENCH BLUE METAL DOOR SIGN No,1,23.03.2011 15:55,"2,46",,United Kingdom
537237,SET OF 3 NOTEBOOKS IN PARCEL,7,06.12.2010 09:58,"3,36",,United Kingdom
575628,PICTURE FRAME WOOD TRIPLE PORTRAIT,1,10.11.2011 13:31,"6,75",12844.0,United Kingdom
549682,POSTAGE,2,11.04.2011 13:22,28,12596.0,Spain
576629,JUMBO BAG WOODLAND ANIMALS,10,16.11.2011 08:37,"2,08",12621.0,Germany
542107,LOVE BUILDING BLOCK WORD,1,25.01.2011 13:38,"5,95",16222.0,United Kingdom
576388,WOODEN BOX OF DOMINOES,12,15.11.2011 10:00,"1,25",17510.0,United Kingdom
576644,3 TIER CAKE TIN GREEN AND CREAM,1,16.11.2011 10:01,"29,17",,United Kingdom
561915,AREA PATROLLED METAL SIGN,12,01.08.2011 11:23,"2,1",14408.0,United Kingdom
537802,ANTIQUE GLASS DRESSING TABLE POT,8,08.12.2010 13:11,"2,95",13455.0,United Kingdom
550458,SET/4 COLOURFUL MIXING BOWLS,1,18.04.2011 13:13,"8,29",,United Kingdom
555277,BATHROOM METAL SIGN,1,01.06.2011 17:30,"1,25",,United Kingdom
571710,CERAMIC STRAWBERRY CAKE MONEY BANK,12,18.10.2011 15:54,"1,45",13032.0,United Kingdom
540662,ALARM CLOCK BAKELIKE RED,8,10.01.2011 15:16,"3,75",13767.0,United Kingdom
574726,HEART OF WICKER SMALL,3,06.11.2011 14:56,"1,65",14664.0,United Kingdom
563440,SET/6 COLLAGE PAPER CUPS,24,16.08.2011 13:12,"0,19",13189.0,United Kingdom
574053,JINGLE BELL HEART ANTIQUE SILVER,12,02.11.2011 14:04,"2,08",16379.0,United Kingdom
541522,RED RETROSPOT ROUND CAKE TINS,1,19.01.2011 09:54,"9,95",17419.0,United Kingdom
580504,PAINT YOUR OWN CANVAS SET,25,04.12.2011 13:32,"1,65",17936.0,United Kingdom
574561,PANTRY MAGNETIC  SHOPPING LIST,1,04.11.2011 15:52,"3,29",,United Kingdom
573390,SMALL PARLOUR PICTURE FRAME,6,30.10.2011 14:53,"2,89",17213.0,United Kingdom
537210,CINAMMON SET OF 9 T-LIGHTS,27,05.12.2010 15:15,"0,85",15953.0,United Kingdom
577365,SPACEBOY CHILDRENS BOWL,8,18.11.2011 16:19,"1,25",17063.0,United Kingdom
537237,LUNCH BAG SPACEBOY DESIGN,2,06.12.2010 09:58,"4,21",,United Kingdom
577053,HOME BUILDING BLOCK WORD,3,17.11.2011 14:17,"6,25",13001.0,United Kingdom
542534,PINK POT PLANT CANDLE,4,28.01.2011 13:27,"3,75",13707.0,United Kingdom
561221,REGENCY CAKESTAND 3 TIER,1,26.07.2011 09:23,"12,75",15281.0,United Kingdom
580539,HOT WATER BOTTLE KEEP CALM,4,05.12.2011 08:39,"4,95",18180.0,United Kingdom
568833,WOOD STAMP SET THANK YOU,6,29.09.2011 11:39,"0,83",17348.0,United Kingdom
572081,SET 6 SCHOOL MILK BOTTLES IN CRATE,4,20.10.2011 14:13,"3,75",16592.0,United Kingdom
548213,RED  HARMONICA IN BOX,12,30.03.2011 09:15,"1,25",15521.0,United Kingdom
577519,WOOD STAMP SET THANK YOU,48,20.11.2011 13:20,"0,83",15044.0,United Kingdom
560225,TRIANGULAR POUFFE VINTAGE,1,15.07.2011 16:27,"29,17",,United Kingdom
578513,JUMBO BAG APPLES,20,24.11.2011 13:32,"2,08",16609.0,United Kingdom
581101,VANILLA INCENSE IN TIN,3,07.12.2011 11:48,"0,38",17835.0,United Kingdom
578941,MAGNETS PACK OF 4 HOME SWEET HOME,8,27.11.2011 13:26,"0,39",16024.0,United Kingdom
553149,MEDIUM CERAMIC TOP STORAGE JAR,12,13.05.2011 14:16,"1,25",14226.0,United Kingdom
569134,SCANDINAVIAN PAISLEY PICNIC BAG,10,30.09.2011 14:07,"1,65",15411.0,United Kingdom
562593,SWALLOW SQUARE TISSUE BOX,3,07.08.2011 15:43,"0,39",16549.0,United Kingdom
550986,SET OF 4 NAPKIN CHARMS STARS,4,21.04.2011 18:06,"4,96",,United Kingdom
574671,PEARLISED IVORY HEART LARGE,3,06.11.2011 12:23,"1,65",16744.0,United Kingdom
576837,SLATE TILE NATURAL HANGING,1,16.11.2011 15:16,"3,29",,United Kingdom
572098,TOY TIDY SPACEBOY,5,20.10.2011 15:38,"2,1",15117.0,United Kingdom
547500,LIPSTICK PEN FUSCHIA,36,23.03.2011 12:39,"0,42",13408.0,United Kingdom
552278,AREA PATROLLED METAL SIGN,2,08.05.2011 12:36,"2,1",15059.0,United Kingdom
537666,CHRISTMAS TREE HEART DECORATION,10,07.12.2010 18:36,"0,43",,United Kingdom
538169,WICKER STAR,2,09.12.2010 19:28,"2,1",13230.0,United Kingdom
577504,SET OF 4 ENGLISH ROSE PLACEMATS,2,20.11.2011 12:36,"3,75",14159.0,United Kingdom
574738,IVORY KITCHEN SCALES,1,06.11.2011 16:01,"8,5",12748.0,United Kingdom
552886,LAVENDER SCENTED FABRIC HEART,10,12.05.2011 10:18,"1,25",16244.0,United Kingdom
541279,PLEASE ONE PERSON METAL SIGN,12,17.01.2011 11:55,"2,1",18223.0,United Kingdom
559011,PARISIENNE JEWELLERY DRAWER,2,05.07.2011 12:50,"7,5",17049.0,United Kingdom
580306,SET OF 3 CAKE TINS PANTRY DESIGN,3,02.12.2011 14:29,"4,95",14250.0,United Kingdom
542905,BOX OF VINTAGE ALPHABET BLOCKS,6,01.02.2011 15:11,"9,95",12540.0,Spain
567024,RECIPE BOX BLUE SKETCHBOOK DESIGN,4,16.09.2011 11:23,"6,63",,United Kingdom
546537,PARTY PIZZA DISH PINK POLKADOT,4,14.03.2011 14:32,"0,85",15005.0,United Kingdom
579187,LUNCH BAG  BLACK SKULL.,2,28.11.2011 15:31,"4,13",,United Kingdom
563720,FIRST CLASS PASSPORT COVER,2,18.08.2011 16:24,"2,1",15867.0,United Kingdom
554105,TRADITIONAL WOODEN CATCH CUP GAME,1,22.05.2011 14:04,"1,25",14711.0,United Kingdom
544800,CREAM SWEETHEART EGG HOLDER,4,23.02.2011 13:45,"4,95",15687.0,United Kingdom
570027,RETROSPOT HEART HOT WATER BOTTLE,3,07.10.2011 10:41,"4,95",14844.0,United Kingdom
567180,NATURAL SLATE HEART CHALKBOARD,5,18.09.2011 14:56,"2,95",17802.0,United Kingdom
574091,VINTAGE DOILY JUMBO BAG RED,10,03.11.2011 09:20,"2,08",17086.0,United Kingdom
577252,HAND WARMER RED RETROSPOT,3,18.11.2011 12:22,"2,1",18034.0,United Kingdom
560207,CHILDRENS CUTLERY SPACEBOY,4,15.07.2011 13:57,"4,15",15301.0,United Kingdom
561686,LARGE WHITE HEART OF WICKER,6,29.07.2011 08:29,"2,95",13148.0,United Kingdom
538880,RED RETROSPOT ROUND CAKE TINS,1,14.12.2010 15:52,"21,23",,United Kingdom
550471,ORIGAMI LAVENDER INCENSE/CANDL SET,2,18.04.2011 13:52,"2,46",,United Kingdom
540404,CARD PARTY GAMES,12,07.01.2011 09:40,"0,42",12947.0,United Kingdom
553860,PACK OF 12 SPACEBOY TISSUES,15,19.05.2011 13:57,"0,29",17841.0,United Kingdom
540418,PARTY PIZZA DISH PINK POLKADOT,6,07.01.2011 11:04,"0,43",,United Kingdom
569470,HEARTS GIFT TAPE,12,04.10.2011 12:25,"0,65",17673.0,United Kingdom
538153,BATHROOM METAL SIGN,2,09.12.2010 16:31,"1,28",,United Kingdom
536544,RED VICTORIAN FABRIC OVAL BOX,1,01.12.2010 14:32,"0,84",,United Kingdom
580983,CHRISTMAS RETROSPOT ANGEL WOOD,3,06.12.2011 16:26,"1,63",,United Kingdom
537769,WOODEN FRAME ANTIQUE WHITE,2,08.12.2010 12:17,"2,95",15021.0,United Kingdom
568135,PACK OF 60 DINOSAUR CAKE CASES,1,23.09.2011 17:04,"1,25",,United Kingdom
580729,SET 12 COLOURING PENCILS DOILY,4,05.12.2011 17:24,"1,25",,United Kingdom
538177,MIDNIGHT BLUE VINTAGE EARRINGS,1,10.12.2010 09:51,"3,81",,United Kingdom
544930,HEART OF WICKER LARGE,1,24.02.2011 18:26,"2,95",17472.0,United Kingdom
564974,FRENCH ENAMEL CANDLEHOLDER,1,31.08.2011 15:32,"4,13",,United Kingdom
573248,PACK OF 12 RED RETROSPOT TISSUES,12,28.10.2011 12:09,"0,39",14498.0,United Kingdom
545719,CREAM SWEETHEART EGG HOLDER,4,07.03.2011 10:28,"4,95",13344.0,United Kingdom
546133,LUNCH BAG DOLLY GIRL DESIGN,10,09.03.2011 15:20,"1,65",14291.0,United Kingdom
571221,SWEETHEART BIRD HOUSE,2,14.10.2011 13:35,"4,15",16416.0,United Kingdom
543812,SET OF 3 CAKE TINS PANTRY DESIGN,2,13.02.2011 14:40,"4,95",17472.0,United Kingdom
578678,LUNCH BAG PAISLEY PARK,1,24.11.2011 19:59,"1,65",17841.0,United Kingdom
573585,4 LAVENDER BOTANICAL DINNER CANDLES,1,31.10.2011 14:41,"3,29",,United Kingdom
566315,FELTCRAFT CUSHION BUTTERFLY,4,12.09.2011 10:01,"3,75",15392.0,United Kingdom
536618,10 COLOUR SPACEBOY PEN,24,02.12.2010 10:17,"0,85",17017.0,United Kingdom
540277,CREAM SWEETHEART MINI CHEST,16,06.01.2011 12:18,"10,95",14258.0,United Kingdom
579512,POPCORN HOLDER,52,29.11.2011 16:47,"0,85",,United Kingdom
542625,ROTATING LEAVES T-LIGHT HOLDER,1,31.01.2011 09:50,"5,79",,United Kingdom
542997,FAIRY CAKE FLANNEL ASSORTED COLOUR,1,02.02.2011 12:16,"4,96",,United Kingdom
572517,TRADITIONAL MODELLING CLAY,4,24.10.2011 14:47,"1,25",15068.0,United Kingdom
547063,YOU'RE CONFUSING ME METAL SIGN,2,20.03.2011 13:33,"1,69",14769.0,United Kingdom
558682,LAUNDRY 15C METAL SIGN,1,01.07.2011 11:20,"2,46",,United Kingdom
559665,WHITE BROCANTE SOAP DISH,2,11.07.2011 13:35,"2,95",12556.0,Spain
576845,HORSE & PONY WALL ART,6,16.11.2011 15:34,"3,75",12991.0,United Kingdom
549813,FOLDING UMBRELLA PINKWHITE POLKADOT,1,12.04.2011 12:16,"4,95",17972.0,United Kingdom
565937,POMPOM CURTAIN,4,08.09.2011 10:52,"6,95",13468.0,United Kingdom
575748,3D CHRISTMAS STAMPS STICKERS,4,11.11.2011 10:21,"1,63",,United Kingdom
537047,CHRISTMAS RETROSPOT ANGEL WOOD,5,05.12.2010 11:02,"0,85",13069.0,United Kingdom
569638,HAND WARMER OWL DESIGN,12,05.10.2011 12:15,"2,1",16140.0,United Kingdom
544894,RETROSPOT LARGE MILK JUG,3,24.02.2011 12:09,"4,95",15805.0,United Kingdom
543457,SET/6 PURPLE BUTTERFLY T-LIGHTS,72,08.02.2011 12:47,"1,69",17428.0,United Kingdom
569563,PACK OF 12 RED APPLE TISSUES,24,05.10.2011 09:46,"0,39",12481.0,Germany
569531,VINTAGE UNION JACK BUNTING,2,04.10.2011 15:02,"8,5",12695.0,France
580115,JUMBO BAG RED RETROSPOT,2,01.12.2011 16:22,"4,13",,United Kingdom
578943,T-LIGHT HOLDER HANGING LOVE BIRD,12,27.11.2011 13:35,"3,75",15009.0,United Kingdom
568917,PRETTY HANGING QUILTED HEARTS,12,29.09.2011 14:11,"0,83",15955.0,United Kingdom
545333,BAG 125g SWIRLY MARBLES,1,01.03.2011 16:22,"0,83",,United Kingdom
575610,PACK OF 12 HEARTS DESIGN TISSUES,24,10.11.2011 12:45,"0,39",16628.0,United Kingdom
551860,SET/5 RED RETROSPOT LID GLASS BOWLS,3,04.05.2011 15:41,"2,95",15508.0,United Kingdom
580355,SET/6 RED SPOTTY PAPER CUPS,12,02.12.2011 16:04,"0,65",13953.0,United Kingdom
578262,GIANT 50'S CHRISTMAS CRACKER,4,23.11.2011 13:27,"2,89",18283.0,United Kingdom
565846,DOLLY MIXTURE CHILDREN'S UMBRELLA,1,07.09.2011 12:41,"3,25",14606.0,United Kingdom
538418,PAPER CHAIN KIT LONDON,3,12.12.2010 12:00,"2,95",17372.0,United Kingdom
563193,PACK OF 6 SMALL FRUIT STRAWS,14,12.08.2011 16:30,"0,42",,United Kingdom
556441,RED RETROSPOT CAKE STAND,1,10.06.2011 15:07,"10,95",14415.0,United Kingdom
542994,CREAM SWEETHEART MINI CHEST,2,02.02.2011 12:03,"12,75",17230.0,United Kingdom
540977,BOTANICAL LAVENDER BIRTHDAY CARD,1,12.01.2011 15:01,"0,43",,United Kingdom
540277,POMPOM CURTAIN,36,06.01.2011 12:18,"1,95",14258.0,United Kingdom
577772,3 TRADITIONAl BISCUIT CUTTERS  SET,12,21.11.2011 15:53,"2,1",18139.0,United Kingdom
578551,HAND WARMER UNION JACK,7,24.11.2011 15:05,"2,1",12937.0,United Kingdom
577951,SILVER BELLS TABLE DECORATION,1,22.11.2011 12:09,"1,25",17238.0,United Kingdom
550767,ICE CREAM PEN LIP GLOSS,48,20.04.2011 12:32,"1,25",14776.0,United Kingdom
548987,SET OF 3 CAKE TINS PANTRY DESIGN,1,05.04.2011 12:50,"4,95",14535.0,United Kingdom
543985,JUMBO BAG SCANDINAVIAN PAISLEY,1,15.02.2011 09:44,"4,13",,United Kingdom
580612,HAND WARMER SCOTTY DOG DESIGN,1,05.12.2011 11:58,"4,13",,United Kingdom
575583,ROSE 3 WICK MORRIS BOX CANDLE,2,10.11.2011 11:55,"1,25",14456.0,United Kingdom
550210,JUMBO SHOPPER VINTAGE RED PAISLEY,9,15.04.2011 10:40,"4,13",,United Kingdom
580667,VINTAGE CREAM 3 BASKET CAKE STAND,1,05.12.2011 14:19,"9,95",15031.0,United Kingdom
563096,SKULLS PARTY BAG + STICKER SET,8,12.08.2011 09:10,"1,65",15544.0,United Kingdom
547400,NATURAL SLATE RECTANGLE CHALKBOARD,1,22.03.2011 16:56,"3,29",,United Kingdom
557468,"FANCY FONT BIRTHDAY CARD,",12,20.06.2011 13:14,"0,42",16713.0,United Kingdom
538071,WASH BAG VINTAGE ROSE PAISLEY,1,09.12.2010 14:09,"5,91",,United Kingdom
554823,DOORMAT RED RETROSPOT,1,26.05.2011 14:20,"7,95",16624.0,United Kingdom
567183,SET OF 6 RIBBONS VINTAGE CHRISTMAS,24,18.09.2011 15:32,"2,89",14769.0,United Kingdom
546117,GROW YOUR OWN FLOWERS SET OF 3,2,09.03.2011 13:56,"7,95",16771.0,United Kingdom
559923,BLUE CALCULATOR RULER,3,13.07.2011 16:07,"0,83",,United Kingdom
575687,CHRISTMAS CRAFT TREE TOP ANGEL,36,10.11.2011 16:03,"2,1",16126.0,United Kingdom
537202,YELLOW FLOWERS FELT HANDBAG KIT,3,05.12.2010 14:25,"2,1",14506.0,United Kingdom
556573,EMPIRE GIFT WRAP,25,13.06.2011 13:32,"0,42",14667.0,United Kingdom
562490,RED RETROSPOT MINI CASES,2,05.08.2011 12:06,"7,95",14720.0,United Kingdom
567795,SUKI  SHOULDER BAG,10,22.09.2011 11:44,"1,65",14646.0,Netherlands
556089,PICNIC BASKET WICKER LARGE,1,08.06.2011 15:25,"20,79",,United Kingdom
569653,PACK OF 20 NAPKINS RED APPLES,24,05.10.2011 12:52,"0,85",12451.0,Switzerland
563404,KIDS RAIN MAC PINK,48,16.08.2011 11:04,"0,85",16303.0,United Kingdom
569262,SMALL CERAMIC TOP STORAGE JAR,12,03.10.2011 11:36,"0,83",14815.0,United Kingdom
553997,LUNCH BAG WOODLAND,20,20.05.2011 11:34,"1,65",12656.0,France
554598,SMALL CERAMIC TOP STORAGE JAR,6,25.05.2011 11:12,"0,83",13263.0,United Kingdom
563205,GARDENERS KNEELING PAD KEEP CALM,4,14.08.2011 12:03,"1,65",14040.0,United Kingdom
552234,SET/6 RED SPOTTY PAPER CUPS,5,06.05.2011 16:01,"1,63",,United Kingdom
543345,MIRROR MOSAIC VOTIVE HOLDER,40,07.02.2011 12:29,"2,46",,United Kingdom
550525,SET OF 12 ROSE BOTANICAL T-LIGHTS,12,19.04.2011 10:19,"2,95",14672.0,United Kingdom
572858,WOODEN STAR CHRISTMAS SCANDINAVIAN,15,26.10.2011 12:36,"0,29",13571.0,United Kingdom
543345,PACK 6 HEART/ICE-CREAM PATCHES,2,07.02.2011 12:29,"2,46",,United Kingdom
547944,12 DAISY PEGS IN WOOD BOX,12,28.03.2011 14:59,"1,65",12971.0,United Kingdom
579673,VINTAGE DOILY JUMBO BAG RED,3,30.11.2011 12:59,"2,08",18283.0,United Kingdom
540418,CARD CIRCUS PARADE,1,07.01.2011 11:04,"0,85",,United Kingdom
538524,ENAMEL FLOWER JUG CREAM,1,13.12.2010 09:35,"11,87",,United Kingdom
568721,SET OF 2 CHRISTMAS DECOUPAGE CANDLE,3,28.09.2011 16:24,"1,63",,United Kingdom
536754,CHRYSANTHEMUM POCKET BOOK,1,02.12.2010 14:09,"0,85",14449.0,United Kingdom
566734,36 PENCILS TUBE RED RETROSPOT,1,14.09.2011 14:09,"1,25",16910.0,United Kingdom
542923,CHILDRENS APRON APPLES DESIGN,8,02.02.2011 09:08,"1,95",14665.0,United Kingdom
555473,CLEAR DRAWER KNOB ACRYLIC EDWARDIAN,12,03.06.2011 11:59,"1,25",14700.0,United Kingdom
544808,PINK BLUE FELT CRAFT TRINKET BOX,5,23.02.2011 15:11,"1,25",14562.0,United Kingdom
567866,FELT EGG COSY CHICKEN,10,22.09.2011 14:13,"0,85",16669.0,United Kingdom
544182,SET/5 RED RETROSPOT LID GLASS BOWLS,6,16.02.2011 15:13,"2,95",18257.0,United Kingdom
541999,DECORATIVE ROSE BATHROOM BOTTLE,1,25.01.2011 10:45,"2,46",,United Kingdom
574686,COFFEE SCENT PILLAR CANDLE,4,06.11.2011 13:00,"0,95",17608.0,United Kingdom
563935,METAL 4 HOOK HANGER FRENCH CHATEAU,2,21.08.2011 16:24,"2,95",15547.0,United Kingdom
562596,LUNCH BAG DOILEY PATTERN,10,08.08.2011 09:22,"1,65",16145.0,United Kingdom
536592,FUNKY MONKEY GIFT BAG MEDIUM,2,01.12.2010 17:06,"0,85",,United Kingdom
562553,SET OF 3 CAKE TINS PANTRY DESIGN,2,05.08.2011 16:34,"10,79",,United Kingdom
578812,SKULLS GREETING CARD,24,25.11.2011 13:30,"0,42",13332.0,United Kingdom
573377,EGG FRYING PAN RED,2,30.10.2011 13:51,"2,08",14653.0,United Kingdom
574654,GIRAFFE WOODEN RULER,1,06.11.2011 11:32,"1,95",15571.0,United Kingdom
537332,ZINC METAL HEART DECORATION,12,06.12.2010 11:58,"1,25",14344.0,United Kingdom
565456,SET OF 3 CAKE TINS PANTRY DESIGN,1,04.09.2011 16:12,"4,95",16629.0,United Kingdom
567372,STRAWBERRY CHARLOTTE BAG,20,20.09.2011 09:24,"0,85",14191.0,United Kingdom
537771,DOORMAT SPOTTY HOME SWEET HOME,20,08.12.2010 12:29,"6,75",15498.0,United Kingdom
545721,TOILET SIGN OCCUPIED OR VACANT,2,07.03.2011 10:52,"0,83",15039.0,United Kingdom
560236,ROSES REGENCY TEACUP AND SAUCER,6,17.07.2011 11:26,"2,95",15206.0,United Kingdom
569653,RED RETROSPOT UMBRELLA,6,05.10.2011 12:52,"5,95",12451.0,Switzerland
564733,LUNCH BAG PINK POLKADOT,5,28.08.2011 13:18,"1,65",17841.0,United Kingdom
576249,SWALLOWS GREETING CARD,12,14.11.2011 13:47,"0,42",17811.0,United Kingdom
537134,FELTCRAFT DOLL MARIA,2,05.12.2010 12:34,"2,95",16983.0,United Kingdom
552877,SCANDINAVIAN PAISLEY PICNIC BAG,10,12.05.2011 09:49,"1,65",14883.0,United Kingdom
568343,RED STAR CARD HOLDER,12,26.09.2011 15:13,"1,95",16839.0,United Kingdom
563100,SET OF 3 CAKE TINS PANTRY DESIGN,3,12.08.2011 09:57,"4,95",12381.0,Norway
559341,SET OF 4 KNICK KNACK TINS LEAF,12,07.07.2011 16:56,"4,15",15144.0,United Kingdom
577308,DOUGHNUT LIP GLOSS,20,18.11.2011 13:14,"1,25",15088.0,United Kingdom
571257,CLAM SHELL SMALL,2,14.10.2011 17:17,"4,13",,United Kingdom
545503,WHITE HANGING HEART T-LIGHT HOLDER,2,03.03.2011 11:34,"2,95",15719.0,United Kingdom
578088,STAR WOODEN CHRISTMAS DECORATION,6,22.11.2011 16:47,"0,85",16376.0,United Kingdom
552669,TRAVEL CARD WALLET RETRO PETALS,5,10.05.2011 15:05,"0,42",16710.0,United Kingdom
573347,WOODEN TREE CHRISTMAS SCANDINAVIAN,10,30.10.2011 12:26,"0,29",13137.0,United Kingdom
576657,BISCUIT TIN 50'S CHRISTMAS,12,16.11.2011 11:03,"2,89",12720.0,Germany
537421,PLASTERS IN TIN STRONGMAN,3,06.12.2010 15:25,"1,65",17218.0,United Kingdom
571713,CHRISTMAS CRAFT TREE TOP ANGEL,1,18.10.2011 16:58,"4,13",,United Kingdom
555583,DOORMAT SPOTTY HOME SWEET HOME,2,06.06.2011 09:03,"7,95",13534.0,United Kingdom
560726,HEART DECORATION RUSTIC HANGING,2,20.07.2011 14:16,"0,19",17962.0,United Kingdom
570187,3 HEARTS HANGING DECORATION RUSTIC,2,07.10.2011 15:09,"5,79",,United Kingdom
543044,WALL TIDY RETROSPOT,5,03.02.2011 08:18,"2,1",17071.0,United Kingdom
558123,RECYCLED ACAPULCO MAT RED,2,27.06.2011 10:16,"8,25",15834.0,United Kingdom
577406,HOT WATER BOTTLE I AM SO POORLY,4,20.11.2011 10:36,"4,95",12702.0,Germany
540525,HOT BATHS METAL SIGN,12,09.01.2011 13:02,"2,1",16833.0,United Kingdom
561029,TREASURE TIN GYMKHANA DESIGN,6,24.07.2011 11:25,"2,08",12490.0,France
577768,6 CHOCOLATE LOVE HEART T-LIGHTS,2,21.11.2011 15:18,"4,13",,United Kingdom
571061,RED TOADSTOOL LED NIGHT LIGHT,9,13.10.2011 14:33,"4,13",,United Kingdom
573287,60 TEATIME FAIRY CAKE CASES,24,28.10.2011 14:42,"0,55",14194.0,United Kingdom
564221,EDWARDIAN PARASOL BLACK,3,24.08.2011 09:36,"12,46",,United Kingdom
570871,WICKER STAR,3,12.10.2011 16:36,"4,13",,United Kingdom
550956,TRADITIONAL WOODEN CATCH CUP GAME,4,21.04.2011 16:37,"1,25",17179.0,United Kingdom
548308,SET/6 RED SPOTTY PAPER CUPS,1,30.03.2011 12:00,"0,65",17220.0,United Kingdom
575581,CHRISTMAS METAL POSTCARD WITH BELLS,72,10.11.2011 11:53,"0,39",12659.0,France
578488,RIBBON REEL LACE DESIGN,5,24.11.2011 12:53,"2,1",12784.0,Portugal
555562,EMERGENCY FIRST AID TIN,1,05.06.2011 14:45,"1,25",17841.0,United Kingdom
543985,ROSES REGENCY TEACUP AND SAUCER,1,15.02.2011 09:44,"5,79",,United Kingdom
572186,ANTIQUE GLASS DRESSING TABLE POT,8,21.10.2011 10:55,"2,95",16497.0,United Kingdom
559337,ROUND SNACK BOXES SET OF4 WOODLAND,1,07.07.2011 16:27,"5,79",,United Kingdom
576213,HANGING METAL STAR LANTERN,6,14.11.2011 12:47,"1,65",18117.0,United Kingdom
559816,ASSTD MULTICOLOUR CIRCLES MUG,6,12.07.2011 16:11,"0,97",,United Kingdom
572037,DINOSAUR KEYRINGS ASSORTED,36,20.10.2011 12:07,"0,21",17365.0,United Kingdom
565234,SET OF 2 TINS JARDIN DE PROVENCE,1,02.09.2011 09:38,"10,79",,United Kingdom
579147,CHRISTMAS TREE HANGING GOLD,5,28.11.2011 13:20,"0,83",13263.0,United Kingdom
550632,CHOCOLATE THIS WAY METAL SIGN,2,19.04.2011 14:56,"2,1",16907.0,United Kingdom
540798,BLUE CALCULATOR RULER,6,11.01.2011 12:11,"1,25",17365.0,United Kingdom
571461,LUNCH BAG SPACEBOY DESIGN,1,17.10.2011 14:12,"1,65",16932.0,United Kingdom
538349,3 HEARTS HANGING DECORATION RUSTIC,1,10.12.2010 14:59,"5,91",,United Kingdom
562045,BOX OF 6 MINI 50'S CRACKERS,6,02.08.2011 10:33,"2,49",12644.0,Germany
568984,CURIO CABINET LINEN AND LACE,1,29.09.2011 15:57,"8,15",17813.0,United Kingdom
537422,VINTAGE CREAM CAT FOOD CONTAINER,1,06.12.2010 15:27,"6,35",17812.0,United Kingdom
548011,HEART IVORY TRELLIS SMALL,288,29.03.2011 11:14,"1,06",14646.0,Netherlands
555198,RED KITCHEN SCALES,2,01.06.2011 11:52,"8,5",15916.0,United Kingdom
561209,BISCUITS SMALL BOWL LIGHT BLUE,2,25.07.2011 16:57,"0,83",,United Kingdom
573141,MINT DINER WALL CLOCK,2,27.10.2011 17:35,"8,5",16680.0,United Kingdom
547063,WAKE UP COCKEREL TILE COASTER,2,20.03.2011 13:33,"1,25",14769.0,United Kingdom
581219,CHRISTMAS PUDDING TRINKET POT,4,08.12.2011 09:28,"1,63",,United Kingdom
551423,KNICKERBOCKERGLORY MAGNET ASSORTED,6,28.04.2011 14:31,"0,83",,United Kingdom
581217,STRIPEY CHOCOLATE NESTING BOXES,1,08.12.2011 09:20,"3,29",,United Kingdom
540467,HERB MARKER ROSEMARY,12,07.01.2011 13:39,"0,65",18198.0,United Kingdom
560567,CERAMIC CHERRY CAKE MONEY BANK,1,19.07.2011 13:57,"4,13",,United Kingdom
538808,VINTAGE HEADS AND TAILS CARD GAME,24,14.12.2010 12:11,"1,25",14057.0,United Kingdom
537674,SKULLS  WATER TRANSFER TATTOOS,12,08.12.2010 09:51,"0,85",15628.0,United Kingdom
574726,BEADED CRYSTAL HEART GREEN LARGE,2,06.11.2011 14:56,"0,79",14664.0,United Kingdom
558321,6 RIBBONS RUSTIC CHARM,1,28.06.2011 11:53,"4,13",,United Kingdom
564818,BLUE SCOTTIE DOG W FLOWER PATTERN,1,30.08.2011 12:10,"4,96",,United Kingdom
571063,KNITTED UNION FLAG HOT WATER BOTTLE,6,13.10.2011 14:47,"4,25",16430.0,United Kingdom
581281,CREAM SWEETHEART MINI CHEST,16,08.12.2011 11:36,"10,95",18109.0,United Kingdom
577152,SET OF 72 RETROSPOT PAPER  DOILIES,12,18.11.2011 09:53,"1,45",14277.0,France
568059,TRADITIONAL WOODEN CATCH CUP GAME,3,23.09.2011 12:58,"1,25",13097.0,United Kingdom
566256,FAIRY CAKE BIRTHDAY CANDLE SET,4,11.09.2011 12:27,"3,75",12680.0,France
568101,PLASTERS IN TIN STRONGMAN,12,23.09.2011 15:21,"1,65",15978.0,United Kingdom
559055,ENAMEL BREAD BIN CREAM,1,05.07.2011 17:09,"24,96",,United Kingdom
555565,JUMBO BAG DOILEY PATTERNS,10,05.06.2011 15:06,"2,08",15298.0,United Kingdom
544898,DOORMAT WELCOME PUPPIES,2,24.02.2011 12:27,"7,95",14880.0,United Kingdom
569545,CARD CHRISTMAS VILLAGE,1,04.10.2011 16:37,"0,42",,United Kingdom
542611,"KEY FOB , GARAGE DESIGN",48,30.01.2011 14:13,"0,65",15415.0,United Kingdom
573165,ROLL WRAP VINTAGE CHRISTMAS,12,28.10.2011 09:12,"1,25",16164.0,United Kingdom
569670,CANDY SPOT EGG WARMER HARE,3,05.10.2011 13:47,"0,39",14730.0,United Kingdom
560773,BISCUITS SMALL BOWL LIGHT BLUE,2,20.07.2011 16:17,"0,83",,United Kingdom
569223,WOODEN ADVENT CALENDAR CREAM,2,02.10.2011 13:49,"16,95",16283.0,United Kingdom
536538,CHRISTMAS RETROSPOT STAR WOOD,10,01.12.2010 13:54,"0,85",14594.0,United Kingdom
568346,RED HANGING HEART T-LIGHT HOLDER,2,26.09.2011 15:28,"5,79",14096.0,United Kingdom
545030,YOU'RE CONFUSING ME METAL SIGN,48,25.02.2011 15:32,"1,45",13798.0,United Kingdom
557938,HERB MARKER BASIL,1,23.06.2011 15:35,"1,63",,United Kingdom
581219,AREA PATROLLED METAL SIGN,1,08.12.2011 09:28,"4,13",,United Kingdom
576071,CARD PSYCHEDELIC APPLES,12,13.11.2011 16:03,"0,42",18069.0,United Kingdom
548612,RED RETROSPOT BOWL,1,01.04.2011 11:34,"1,25",13137.0,United Kingdom
561774,SET OF 4 KNICK KNACK TINS POPPIES,3,29.07.2011 12:41,"4,15",16729.0,United Kingdom
577519,GIANT 50'S CHRISTMAS CRACKER,3,20.11.2011 13:20,"2,89",15044.0,United Kingdom
567505,DOORMAT WELCOME TO OUR HOME,2,20.09.2011 14:34,"8,25",12352.0,Norway
542541,GREEN PENDANT TRIPLE SHELL NECKLACE,1,28.01.2011 14:25,"5,4",,United Kingdom
579500,,33,29.11.2011 16:14,0,,United Kingdom
571653,4 WILDFLOWER BOTANICAL CANDLES,24,18.10.2011 12:17,"1,25",14298.0,United Kingdom
544476,CHOCOLATE THIS WAY METAL SIGN,2,21.02.2011 09:58,"2,1",14796.0,United Kingdom
567386,FAIRY TALE COTTAGE NIGHT LIGHT,24,20.09.2011 10:38,"1,95",17863.0,United Kingdom
580986,SMALL PURPLE BABUSHKA NOTEBOOK,24,06.12.2011 16:34,"0,21",12650.0,France
559544,JIGSAW TOADSTOOLS 3 PIECE,3,10.07.2011 13:52,"0,59",17126.0,United Kingdom
580939,RIBBON REEL CHRISTMAS SOCK BAUBLE,10,06.12.2011 14:14,"1,65",14907.0,United Kingdom
539447,CHARLOTTE BAG SUKI DESIGN,10,17.12.2010 16:00,"0,85",12395.0,Belgium
541262,SET/3 RED GINGHAM ROSE STORAGE BOX,1,16.01.2011 15:50,"3,75",18069.0,United Kingdom
537059,LARGE PURPLE BABUSHKA NOTEBOOK,1,05.12.2010 11:54,"1,25",14813.0,United Kingdom
568510,CHRISTMAS CRAFT WHITE FAIRY,20,27.09.2011 12:26,"1,45",13555.0,United Kingdom
569406,MOCK LOBSTER FRIDGE MAGNET,36,04.10.2011 09:09,"0,39",16253.0,United Kingdom
574561,SET OF 3 NOTEBOOKS IN PARCEL,2,04.11.2011 15:52,"3,29",,United Kingdom
547109,SPACEBOY BABY GIFT SET,1,21.03.2011 11:46,"16,95",12423.0,Belgium
566975,6 GIFT TAGS VINTAGE CHRISTMAS,12,16.09.2011 09:24,"0,83",13599.0,United Kingdom
567610,16 PIECE CUTLERY SET PANTRY DESIGN,24,21.09.2011 11:30,"12,5",17511.0,United Kingdom
553673,RECYCLED ACAPULCO MAT BLUE,4,18.05.2011 12:46,"8,25",16814.0,United Kingdom
540646,PAISLEY PATTERN  STICKERS,2,10.01.2011 14:32,"0,81",,United Kingdom
539226,VINTAGE HEADS AND TAILS CARD GAME,12,16.12.2010 13:05,"1,25",14309.0,United Kingdom
562148,RED BABY BUNTING,5,03.08.2011 10:49,"2,95",13695.0,United Kingdom
562213,LUNCH BAG SUKI DESIGN,1,03.08.2011 13:39,"1,65",13975.0,United Kingdom
563165,CHARLOTTE BAG DOLLY GIRL DESIGN,100,12.08.2011 12:36,"0,72",14646.0,Netherlands
559337,CARD DOLLY GIRL,1,07.07.2011 16:27,"0,83",,United Kingdom
568712,WASHROOM METAL SIGN,1,28.09.2011 15:50,"1,45",17841.0,United Kingdom
576392,POSTE FRANCE CUSHION COVER,24,15.11.2011 10:17,"3,75",15105.0,United Kingdom
565318,SPACEBOY LUNCH BOX,12,02.09.2011 13:01,"1,95",12921.0,United Kingdom
571292,IVORY KNITTED MUG COSY,4,16.10.2011 15:45,"1,65",15311.0,United Kingdom
540551,FOLDING UMBRELLA BLACKBLUE POLKADOT,5,10.01.2011 09:43,"3,36",,United Kingdom
567630,SET OF 2 CERAMIC CHRISTMAS REINDEER,12,21.09.2011 13:24,"1,45",15737.0,United Kingdom
538351,DOORMAT WELCOME SUNRISE,2,10.12.2010 15:17,"16,98",,United Kingdom
564091,SUNFLOWER DECORATIVE PARASOL,1,23.08.2011 09:57,"12,75",15804.0,United Kingdom
572669,CHOCOLATE THIS WAY METAL SIGN,1,25.10.2011 13:10,"2,1",16549.0,United Kingdom
580612,SET OF 6 T-LIGHTS TOADSTOOLS,1,05.12.2011 11:58,"5,79",,United Kingdom
578844,PAISLEY PARK CARD,1,25.11.2011 16:14,"0,83",,United Kingdom
567962,SET OF 3 NOTEBOOKS IN PARCEL,96,23.09.2011 09:19,"1,45",15838.0,United Kingdom
561217,DOORMAT 3 SMILEY CATS,2,25.07.2011 17:09,"15,79",,United Kingdom
551859,SWEETHEART CAKESTAND 3 TIER,4,04.05.2011 15:37,"9,95",14336.0,United Kingdom
559109,JIGSAW RABBIT AND BIRDHOUSE,1,06.07.2011 11:52,"0,59",15021.0,United Kingdom
562213,SET OF 4 KNICK KNACK TINS POPPIES,1,03.08.2011 13:39,"4,15",13975.0,United Kingdom
559774,NATURAL SLATE HEART CHALKBOARD,1,12.07.2011 11:37,"2,95",18122.0,United Kingdom
567461,LUNCH BAG CARS BLUE,9,20.09.2011 12:31,"4,96",,United Kingdom
580730,RED RETROSPOT PICNIC BAG,1,05.12.2011 17:28,"5,79",,United Kingdom
558774,PICNIC BOXES SET OF 3 RETROSPOT,2,04.07.2011 10:17,"4,13",,United Kingdom
540148,PINK  HEART CONFETTI IN TUBE,48,05.01.2011 10:58,"0,42",14189.0,United Kingdom
570405,JIGSAW RABBIT AND BIRDHOUSE,12,10.10.2011 12:51,"0,59",13429.0,United Kingdom
564732,CHRISTMAS CRAFT TREE TOP ANGEL,5,28.08.2011 13:08,"2,1",16466.0,United Kingdom
563195,PHARMACIE FIRST AID TIN,1,12.08.2011 16:36,"13,29",,United Kingdom
556795,CERAMIC CAKE STAND + HANGING CAKES,1,14.06.2011 14:29,"9,95",15912.0,United Kingdom
573601,WALL MIRROR RECTANGLE DIAMANTE PINK,1,31.10.2011 15:24,"15,79",,United Kingdom
542662,RED RETROSPOT WRAP,25,31.01.2011 12:10,"0,42",18145.0,United Kingdom
576840,FRENCH PAISLEY CUSHION COVER,1,16.11.2011 15:23,"3,29",,United Kingdom
574356,PAPER CHAIN KIT VINTAGE CHRISTMAS,6,04.11.2011 10:48,"6,63",,United Kingdom
537434,HAND TOWEL PALE BLUE W FLOWERS,1,06.12.2010 16:57,"4,21",,United Kingdom
580956,HANGING METAL STAR LANTERN,1,06.12.2011 14:23,"0,79",17841.0,United Kingdom
581418,PAPER CHAIN KIT 50'S CHRISTMAS,12,08.12.2011 15:02,"2,95",17451.0,United Kingdom
558810,JUMBO BAG DOLLY GIRL DESIGN,3,04.07.2011 11:11,"4,13",,United Kingdom
569229,EMBROIDERED RIBBON REEL SUSIE,1,02.10.2011 14:56,"2,08",14502.0,United Kingdom
573369,WRAP ENGLISH ROSE,25,30.10.2011 13:19,"0,42",16049.0,United Kingdom
572280,RED RETROSPOT CHARLOTTE BAG,2,23.10.2011 11:05,"0,85",16007.0,United Kingdom
567671,T-LIGHT HOLDER WHITE LACE,1,21.09.2011 15:34,"1,63",,United Kingdom
552838,LUNCH BAG CARS BLUE,10,11.05.2011 14:24,"1,65",15732.0,United Kingdom
581492,4 TRADITIONAL SPINNING TOPS,3,09.12.2011 10:03,"2,46",,United Kingdom
558271,PARTY BUNTING,16,28.06.2011 10:17,"4,95",13895.0,United Kingdom
540516,ANTIQUE SILVER TEA GLASS ENGRAVED,2,09.01.2011 12:01,"1,25",16326.0,United Kingdom
566394,HEART FILIGREE DOVE  SMALL,24,12.09.2011 12:45,"1,25",13650.0,United Kingdom
567665,JAZZ HEARTS ADDRESS BOOK,1,21.09.2011 15:22,"0,83",,United Kingdom
564489,BLUE POLKADOT CUP,6,25.08.2011 14:13,"0,85",15950.0,United Kingdom
541991,JAM MAKING SET WITH JARS,6,25.01.2011 09:11,"4,25",12417.0,Belgium
552659,LUNCH BAG CARS BLUE,19,10.05.2011 15:03,"4,96",,United Kingdom
540026,SET OF 4 FAIRY CAKE PLACEMATS,1,04.01.2011 13:25,"3,36",,United Kingdom
548700,EASTER DECORATION EGG BUNNY,1,03.04.2011 11:11,"1,25",13623.0,United Kingdom
539042,OFFICE MUG WARMER BLACK+SILVER,6,15.12.2010 15:37,"2,95",15062.0,United Kingdom
542602,CHOCOLATE HOT WATER BOTTLE,2,30.01.2011 12:09,"4,95",15579.0,United Kingdom
567630,SET OF 2 CERAMIC CHRISTMAS TREES,12,21.09.2011 13:24,"1,45",15737.0,United Kingdom
537640,GARDENERS KNEELING PAD,1,07.12.2010 15:31,"3,36",,United Kingdom
537896,CHRISTMAS HANGING TREE WITH BELL,12,09.12.2010 10:33,"1,25",18071.0,United Kingdom
561585,60 TEATIME FAIRY CAKE CASES,24,28.07.2011 10:46,"0,55",13728.0,United Kingdom
541268,SOAP DISH BROCANTE,2,17.01.2011 10:52,"2,95",12872.0,United Kingdom
542107,PACK OF 60 SPACEBOY CAKE CASES,1,25.01.2011 13:38,"0,55",16222.0,United Kingdom
555923,ASSORTED COLOURS SILK FAN,72,07.06.2011 17:09,"1,63",,United Kingdom
565840,RECIPE BOX PANTRY YELLOW DESIGN,1,07.09.2011 12:02,"5,79",,United Kingdom
571276,BOX OF 6 MINI 50'S CRACKERS,3,16.10.2011 12:30,"2,49",14702.0,United Kingdom
555589,PACK OF 60 PINK PAISLEY CAKE CASES,24,06.06.2011 09:36,"0,55",12802.0,Netherlands
569403,CHILDRENS CUTLERY DOLLY GIRL,4,04.10.2011 09:02,"4,15",13319.0,United Kingdom
558619,SMALL WHITE HEART OF WICKER,24,30.06.2011 16:28,"1,65",14401.0,United Kingdom
538069,SET OF 3 NOTEBOOKS IN PARCEL,4,09.12.2010 14:08,"1,65",16795.0,United Kingdom
562114,GOLD MINI TAPE MEASURE,1,02.08.2011 16:14,"0,83",,United Kingdom
560281,POPPY'S PLAYHOUSE KITCHEN,1,17.07.2011 15:59,"2,1",17984.0,United Kingdom
539455,ROSE FOLKART HEART DECORATIONS,6,17.12.2010 17:17,"1,25",12748.0,United Kingdom
577531,SINGLE HEART ZINC T-LIGHT HOLDER,1,20.11.2011 13:58,"2,08",,United Kingdom
574909,EMBROIDERED RIBBON REEL REBECCA,1,07.11.2011 15:40,"2,89",13673.0,United Kingdom
551855,URBAN BLACK RIBBONS,1,04.05.2011 15:08,"1,25",12836.0,United Kingdom
574227,SET OF 2 TRAYS HOME SWEET HOME,2,03.11.2011 12:18,"9,95",16992.0,United Kingdom
566203,RETROSPOT LAMP,2,09.09.2011 14:47,"9,95",16362.0,United Kingdom
559506,RED METAL BEACH SPADE,1,08.07.2011 15:17,"2,46",,United Kingdom
569474,MAGIC DRAWING SLATE LEAP FROG,6,04.10.2011 12:39,"0,42",14178.0,United Kingdom
547036,JAM MAKING SET PRINTED,36,20.03.2011 10:35,"1,45",17017.0,United Kingdom
557488,LUNCH BAG CARS BLUE,1,20.06.2011 14:48,"1,65",15581.0,United Kingdom
574298,VINTAGE BEAD PINK EVENING BAG,4,03.11.2011 15:56,"2,46",,United Kingdom
547880,RED RETROSPOT PEG BAG,4,27.03.2011 16:05,"2,55",15426.0,United Kingdom
537638,SET/6 PURPLE BUTTERFLY T-LIGHTS,1,07.12.2010 15:28,"4,21",,United Kingdom
557493,SET OF 4 PANTRY JELLY MOULDS,1,20.06.2011 15:18,"3,29",,United Kingdom
543025,IVORY PAPER CUP CAKE CASES,24,02.02.2011 14:40,"0,55",17446.0,United Kingdom
538514,RED RETROSPOT WRAP,25,12.12.2010 14:27,"0,42",15044.0,United Kingdom
578057,MIRRORED WALL ART GENTS,1,22.11.2011 15:05,"0,75",12920.0,United Kingdom
552530,PICNIC BASKET WICKER LARGE,2,10.05.2011 08:58,"9,95",13055.0,United Kingdom
545901,BLUE PAISLEY NOTEBOOK,2,07.03.2011 17:52,"1,65",15834.0,United Kingdom
553162,BLUE DRAWER KNOB ACRYLIC EDWARDIAN,4,13.05.2011 15:53,"2,46",,United Kingdom
545681,CHARLOTTE BAG DOLLY GIRL DESIGN,3,06.03.2011 11:28,"0,85",16923.0,United Kingdom
576851,PLASTERS IN TIN SKULLS,3,16.11.2011 15:41,"1,65",15967.0,United Kingdom
568059,RED DINER WALL CLOCK,1,23.09.2011 12:58,"8,5",13097.0,United Kingdom
555638,HEART OF WICKER LARGE,6,06.06.2011 12:51,"2,95",15150.0,United Kingdom
566772,GENTLEMAN SHIRT REPAIR KIT,12,15.09.2011 09:41,"0,85",13107.0,United Kingdom
565150,HANGING HEART ZINC T-LIGHT HOLDER,36,01.09.2011 14:26,"0,64",14298.0,United Kingdom
570856,BISCUIT TIN VINTAGE CHRISTMAS,6,12.10.2011 15:01,"2,89",13464.0,United Kingdom
538007,COLOUR GLASS T-LIGHT HOLDER HANGING,16,09.12.2010 12:16,"0,65",14355.0,United Kingdom
542111,ROUND CAKE TIN VINTAGE RED,2,25.01.2011 13:55,"7,95",14341.0,United Kingdom
577057,SMALL HANGING IVORY/RED WOOD BIRD,1,17.11.2011 14:26,"0,42",12748.0,United Kingdom
546156,SPACEBOY LUNCH BOX,12,10.03.2011 08:31,"1,95",14297.0,United Kingdom
574561,MIRRORED WALL ART PHOTO FRAMES,1,04.11.2011 15:52,"8,29",,United Kingdom
573387,SET OF 6 T-LIGHTS SANTA,1,30.10.2011 14:33,"2,95",15054.0,United Kingdom
549155,TRAVEL CARD WALLET UNION JACK,1,06.04.2011 17:08,"0,83",,United Kingdom
556428,LARGE HEART MEASURING SPOONS,1,10.06.2011 13:23,"3,29",,United Kingdom
577341,60 TEATIME FAIRY CAKE CASES,24,18.11.2011 15:00,"0,55",16279.0,United Kingdom
553830,RED  EGG  SPOON,48,19.05.2011 11:32,"0,12",17871.0,United Kingdom
574907,MODERN FLORAL STATIONERY SET,12,07.11.2011 15:33,"1,25",17043.0,United Kingdom
558558,DOILEY STORAGE TIN,1,30.06.2011 13:17,"2,89",17841.0,United Kingdom
580503,SPOTTY BUNTING,1,04.12.2011 13:20,"4,95",13956.0,United Kingdom
539742,CHRISTMAS CRAFT TREE TOP ANGEL,1,21.12.2010 15:20,"4,21",,United Kingdom
568166,PACK OF 12 DOLLY GIRL TISSUES,12,25.09.2011 12:45,"0,39",14800.0,United Kingdom
576391,CIRCUS PARADE LUNCH BOX,1,15.11.2011 10:13,"4,96",,United Kingdom
560779,SET/3 RED GINGHAM ROSE STORAGE BOX,2,21.07.2011 09:30,"7,46",,United Kingdom
569545,PARTY CONE CHRISTMAS DECORATION,6,04.10.2011 16:37,"1,38",,United Kingdom
538174,SET OF 6 T-LIGHTS EASTER CHICKS,18,10.12.2010 09:35,"2,95",12471.0,Germany
542542,ALARM CLOCK BAKELIKE ORANGE,4,28.01.2011 14:37,"3,75",12431.0,Australia
562717,DOORMAT NEIGHBOURHOOD WITCH,1,08.08.2011 15:42,"15,79",,United Kingdom
580115,TOAST ITS - HAPPY BIRTHDAY,1,01.12.2011 16:22,"0,83",,United Kingdom
564758,JUMBO SHOPPER VINTAGE RED PAISLEY,3,30.08.2011 10:39,"4,13",,United Kingdom
572185,3D CHRISTMAS STAMPS STICKERS,3,21.10.2011 10:52,"1,63",,United Kingdom
573553,TOY TIDY PINK POLKADOT,1,31.10.2011 13:48,"4,96",,United Kingdom
546306,RED RETROSPOT CHARLOTTE BAG,1,10.03.2011 16:16,"1,63",,United Kingdom
559297,60 CAKE CASES DOLLY GIRL DESIGN,12,07.07.2011 12:36,"0,55",16743.0,United Kingdom
572552,TEA FOR ONE POLKADOT,1,24.10.2011 17:07,"8,29",14096.0,United Kingdom
579141,EASTER DECORATION HANGING BUNNY,3,28.11.2011 13:06,"0,19",17019.0,United Kingdom
572511,TRADITIONAL NAUGHTS & CROSSES,12,24.10.2011 14:29,"1,65",14895.0,United Kingdom
546136,ENAMEL BLUE RIM BISCUIT BIN,1,09.03.2011 16:32,"4,13",,United Kingdom
548867,PAPER CHAIN KIT RETROSPOT,3,04.04.2011 14:17,"2,95",14719.0,United Kingdom
559305,AIRLINE BAG VINTAGE JET SET WHITE,1,07.07.2011 12:56,"4,25",17892.0,United Kingdom
566603,RED RETROSPOT TAPE,1,13.09.2011 16:12,"0,42",,United Kingdom
562608,HOME SWEET HOME MUG,12,08.08.2011 11:45,"1,25",15502.0,United Kingdom
569897,MAGIC DRAWING SLATE BAKE A CAKE,3,06.10.2011 16:01,"0,42",17813.0,United Kingdom
578950,MAGNETS PACK OF 4 VINTAGE COLLAGE,5,27.11.2011 14:40,"0,39",17885.0,United Kingdom
556218,ENAMEL FLOWER JUG CREAM,3,09.06.2011 14:18,"5,95",17731.0,United Kingdom
561010,PACK OF 72 SKULL CAKE CASES,24,22.07.2011 16:04,"0,55",18262.0,United Kingdom
549520,HERB MARKER CHIVES,12,08.04.2011 15:19,"0,65",13265.0,United Kingdom
561043,WOODEN HAPPY BIRTHDAY GARLAND,6,24.07.2011 12:20,"2,95",15708.0,United Kingdom
572903,CHOCOLATE 1 WICK MORRIS BOX CANDLE,6,26.10.2011 15:17,"1,25",17974.0,United Kingdom
541869,GLASS JAR MARMALADE,1,24.01.2011 09:35,"5,79",,United Kingdom
566025,SKULL LUNCH BOX WITH CUTLERY,1,08.09.2011 12:55,"2,55",17634.0,United Kingdom
549985,JUMBO BAG ALPHABET,10,13.04.2011 15:58,"2,08",15640.0,United Kingdom
581492,AMETHYST DIAMANTE EXPANDABLE RING,1,09.12.2011 10:03,"4,15",,United Kingdom
543028,WHITE HANGING HEART T-LIGHT HOLDER,6,02.02.2011 15:09,"2,95",14443.0,United Kingdom
555486,PARTY BUNTING,4,03.06.2011 13:05,"4,95",13248.0,United Kingdom
564733,CHARLOTTE BAG SUKI DESIGN,1,28.08.2011 13:18,"0,85",17841.0,United Kingdom
545978,SET OF 36 TEATIME PAPER DOILIES,3,08.03.2011 12:19,"1,45",13975.0,United Kingdom
567461,RIBBON REEL CHRISTMAS SOCK BAUBLE,3,20.09.2011 12:31,"4,13",,United Kingdom
556115,SET OF TEA COFFEE SUGAR TINS PANTRY,4,09.06.2011 09:39,"4,95",15241.0,United Kingdom
560290,WHITE HANGING HEART T-LIGHT HOLDER,2,18.07.2011 10:17,"6,63",,United Kingdom
547385,FAMILY ALBUM WHITE PICTURE FRAME,1,22.03.2011 15:48,"16,63",,United Kingdom
559816,CAKES AND RABBITS DESIGN FLANNEL,3,12.07.2011 16:11,"0,83",,United Kingdom
561611,PINK UNION JACK  PASSPORT COVER,4,28.07.2011 12:29,"2,1",17975.0,United Kingdom
579508,DARK BIRD HOUSE TREE DECORATION,1,29.11.2011 16:33,"0,83",,United Kingdom
559299,CHILDRENS APRON SPACEBOY DESIGN,8,07.07.2011 12:39,"1,95",16929.0,United Kingdom
567670,LARGE RED BABUSHKA NOTEBOOK,1,21.09.2011 15:32,"2,46",,United Kingdom
566726,HAND WARMER RED RETROSPOT,2,14.09.2011 13:12,"2,1",15021.0,United Kingdom
576538,LANDMARK FRAME COVENT GARDEN,1,15.11.2011 12:42,"12,5",14725.0,United Kingdom
571433,STORAGE TIN VINTAGE DOILY,6,17.10.2011 13:19,"2,89",13015.0,United Kingdom
575184,ANTIQUE SILVER TEA GLASS ENGRAVED,72,09.11.2011 08:41,"1,06",16839.0,United Kingdom
547377,S/12 MINI RABBIT EASTER,6,22.03.2011 14:43,"1,65",13050.0,United Kingdom
581219,VINTAGE CHRISTMAS BUNTING,1,08.12.2011 09:28,"10,79",,United Kingdom
561201,GREEN METAL BOX ARMY SUPPLIES,2,25.07.2011 15:08,"8,25",14692.0,United Kingdom
539404,RETROSPOT SMALL TUBE MATCHES,1,17.12.2010 12:24,"1,65",17315.0,United Kingdom
536412,6 RIBBONS RUSTIC CHARM,7,01.12.2010 11:49,"1,65",17920.0,United Kingdom
549680,SET/6 FRUIT SALAD PAPER CUPS,24,11.04.2011 13:02,"0,19",12701.0,Germany
550015,RED RETROSPOT PICNIC BAG,5,14.04.2011 10:54,"2,95",17735.0,United Kingdom
563444,PENCIL CASE LIFE IS BEAUTIFUL,2,16.08.2011 13:50,"2,95",16033.0,United Kingdom
558993,ASS FLORAL PRINT MULTI SCREWDRIVER,12,05.07.2011 11:49,"0,42",16729.0,United Kingdom
577106,MAGIC DRAWING SLATE PURDEY,1,17.11.2011 17:18,"0,42",14456.0,United Kingdom
566622,CHRISTMAS TREE HANGING SILVER,12,14.09.2011 09:27,"0,83",13860.0,United Kingdom
570467,SET OF 72 RETROSPOT PAPER  DOILIES,12,10.10.2011 16:06,"1,45",12607.0,USA
580999,TEA TIME OVEN GLOVE,4,06.12.2011 17:49,"1,25",17883.0,United Kingdom
542887,CHARLOTTE BAG PINK POLKADOT,10,01.02.2011 13:10,"0,85",12373.0,Austria
537265,YELLOW SHARK HELICOPTER,1,06.12.2010 11:26,"7,95",15919.0,United Kingdom
557763,LUNCH BAG APPLE DESIGN,20,22.06.2011 14:10,"1,65",17669.0,United Kingdom
565471,HOLIDAY FUN LUDO,4,05.09.2011 10:12,"3,75",13931.0,United Kingdom
575739,RIBBON REEL CHRISTMAS SOCK BAUBLE,2,11.11.2011 09:05,"3,29",,United Kingdom
573407,SMALL WHITE HEART OF WICKER,4,30.10.2011 15:58,"1,65",18067.0,United Kingdom
561926,SET OF 60 PANTRY DESIGN CAKE CASES,24,01.08.2011 12:48,"0,55",12749.0,United Kingdom
575713,JUMBO BAG WOODLAND ANIMALS,10,10.11.2011 17:49,"2,08",13817.0,Germany
576097,TRADITIONAL MODELLING CLAY,24,14.11.2011 09:21,"1,25",14494.0,United Kingdom
567671,RED GINGHAM ROSE JEWELLERY BOX,1,21.09.2011 15:34,"4,13",,United Kingdom
566049,15CM CHRISTMAS GLASS BALL 20 LIGHTS,2,08.09.2011 14:28,"7,95",15730.0,United Kingdom
578258,BISCUIT TIN 50'S CHRISTMAS,1,23.11.2011 13:01,"2,89",13263.0,United Kingdom
540512,CARD BILLBOARD FONT,12,09.01.2011 11:39,"0,42",17114.0,United Kingdom
573576,POPCORN HOLDER,3,31.10.2011 14:09,"1,63",14096.0,United Kingdom
559170,JUMBO BAG VINTAGE LEAF,3,06.07.2011 17:31,"2,08",16942.0,United Kingdom
574704,RED HANGING HEART T-LIGHT HOLDER,10,06.11.2011 14:02,"2,95",15696.0,United Kingdom
563262,GLASS BON BON JAR,1,15.08.2011 12:44,"1,65",15311.0,United Kingdom
545901,CHRYSANTHEMUM SKETCHBOOK,1,07.03.2011 17:52,"3,75",15834.0,United Kingdom
568346,POPPY'S PLAYHOUSE KITCHEN,2,26.09.2011 15:28,"4,13",14096.0,United Kingdom
571035,RED RETROSPOT PICNIC BAG,5,13.10.2011 12:50,"2,95",12446.0,RSA
580119,TRADITIONAL KNITTING NANCY,3,01.12.2011 16:37,"1,65",17920.0,United Kingdom
544812,SET/3 RED GINGHAM ROSE STORAGE BOX,1,23.02.2011 15:58,"7,46",,United Kingdom
555946,CHILDRENS CUTLERY POLKADOT BLUE,4,08.06.2011 10:43,"4,15",17238.0,United Kingdom
558472,PACK OF 6 LARGE FRUIT STRAWS,144,29.06.2011 15:40,"0,53",16553.0,United Kingdom
576864,PACK OF 72 RETROSPOT CAKE CASES,1,16.11.2011 16:06,"0,55",12748.0,United Kingdom
570872,PURPLE DRAWERKNOB ACRYLIC EDWARDIAN,12,12.10.2011 16:40,"2,46",,United Kingdom
565118,CERAMIC PIRATE CHEST MONEY BANK,1,01.09.2011 11:33,"1,45",15039.0,United Kingdom
566789,IVORY SWEETHEART WIRE LETTER RACK,4,15.09.2011 10:35,"3,75",13134.0,United Kingdom
538537,WOOD BLACK BOARD ANT WHITE FINISH,12,13.12.2010 10:41,"5,55",12747.0,United Kingdom
553228,CHILDS GARDEN RAKE PINK,6,16.05.2011 10:48,"2,1",16496.0,United Kingdom
580113,JAM MAKING SET WITH JARS,6,01.12.2011 16:05,"4,25",14766.0,United Kingdom
569835,LUNCH BAG SPACEBOY DESIGN,3,06.10.2011 13:05,"1,65",15518.0,United Kingdom
566789,PINK PAISLEY SQUARE TISSUE BOX,36,15.09.2011 10:35,"0,39",13134.0,United Kingdom
543800,HOME BUILDING BLOCK WORD,1,13.02.2011 11:36,"5,95",17282.0,United Kingdom
563931,SET OF 4 PANTRY JELLY MOULDS,12,21.08.2011 15:49,"1,25",14895.0,United Kingdom
559814,LUNCH BAG CARS BLUE,10,12.07.2011 15:49,"1,65",15544.0,United Kingdom
546160,BLUE POLKADOT PLATE,48,10.03.2011 09:49,"1,45",15838.0,United Kingdom
549520,BLUE SPOT CERAMIC DRAWER KNOB,12,08.04.2011 15:19,"1,25",13265.0,United Kingdom
571028,SCOTTIE DOG HOT WATER BOTTLE,1,13.10.2011 12:21,"4,95",16770.0,United Kingdom
544160,PACK OF 12 STICKY BUNNIES,48,16.02.2011 12:49,"0,65",16494.0,United Kingdom
577058,RIBBON REEL STRIPES DESIGN,5,17.11.2011 14:29,"1,65",18122.0,United Kingdom
580367,ENGLISH ROSE NOTEBOOK A7 SIZE,1,02.12.2011 16:39,"0,83",,United Kingdom
581217,BIRD HOUSE HOT WATER BOTTLE,4,08.12.2011 09:20,"5,79",,United Kingdom
539437,TEA TIME PARTY BUNTING,1,17.12.2010 14:54,"8,47",,United Kingdom
566816,FAWN BLUE HOT WATER BOTTLE,36,15.09.2011 10:53,"3,39",12731.0,France
548704,WORLD WAR 2 GLIDERS ASSTD DESIGNS,576,03.04.2011 11:45,"0,21",17381.0,United Kingdom
574292,PICNIC BOXES SET OF 3 RETROSPOT,1,03.11.2011 15:27,"4,95",16914.0,United Kingdom
558319,CHARLIE+LOLA PINK HOT WATER BOTTLE,1,28.06.2011 11:53,"5,79",,United Kingdom
569105,"WHITE TEA,COFFEE,SUGAR JARS",1,30.09.2011 12:35,"1,95",16729.0,United Kingdom
576628,VINTAGE HEADS AND TAILS CARD GAME,12,16.11.2011 08:28,"1,25",13449.0,United Kingdom
573556,ALARM CLOCK BAKELIKE GREEN,8,31.10.2011 13:51,"3,75",17675.0,United Kingdom
568313,HEART IVORY TRELLIS SMALL,24,26.09.2011 12:56,"1,25",14908.0,United Kingdom
575070,ENAMEL FIRE BUCKET CREAM,3,08.11.2011 12:58,"6,95",17841.0,United Kingdom
551142,RED RETROSPOT PEG BAG,3,26.04.2011 13:22,"2,55",17613.0,United Kingdom
581439,CARD CHRISTMAS VILLAGE,10,08.12.2011 16:30,"0,42",,United Kingdom
580771,DOORSTOP FOOTBALL DESIGN,3,06.12.2011 10:58,"0,79",16015.0,United Kingdom
561029,LUNCH BOX I LOVE LONDON,12,24.07.2011 11:25,"1,95",12490.0,France
580107,FELTCRAFT GIRL NICOLE KIT,4,01.12.2011 15:32,"4,95",15948.0,United Kingdom
579668,RED RETROSPOT MINI CASES,2,30.11.2011 12:32,"7,95",15152.0,United Kingdom
547568,RED SPOTTY BISCUIT TIN,6,24.03.2011 09:50,"3,75",13341.0,United Kingdom
551218,LARGE CHINESE STYLE SCISSOR,10,27.04.2011 11:41,"0,85",18077.0,United Kingdom
556821,SMALL POPCORN HOLDER,1,15.06.2011 10:22,"1,63",,United Kingdom
575337,JAZZ HEARTS PURSE NOTEBOOK,1,09.11.2011 14:11,"0,39",17867.0,United Kingdom
557129,WOODEN REGATTA BUNTING,1,16.06.2011 19:59,"5,95",17841.0,United Kingdom
575070,JUMBO BAG SPACEBOY DESIGN,1,08.11.2011 12:58,"2,08",17841.0,United Kingdom
568328,SET OF 3 BUTTERFLY COOKIE CUTTERS,3,26.09.2011 14:06,"1,45",18016.0,United Kingdom
555278,DOTCOM POSTAGE,1,01.06.2011 17:33,"97,96",,United Kingdom
576857,RETROSPOT RED WASHING UP GLOVES,1,16.11.2011 15:52,"2,1",12748.0,United Kingdom
570983,ETCHED GLASS COASTER,3,13.10.2011 11:57,"0,39",14963.0,United Kingdom
574826,RIBBON REEL SOCKS AND MITTENS,1,07.11.2011 10:58,"1,65",15870.0,United Kingdom
549586,PACK OF 20 SKULL PAPER NAPKINS,4,11.04.2011 10:00,"1,63",,United Kingdom
538349,ROCKING HORSE RED CHRISTMAS,3,10.12.2010 14:59,"1,66",,United Kingdom
550206,"RECORD FRAME 7"" SINGLE SIZE",3,15.04.2011 10:38,"4,96",,United Kingdom
579157,BAKING SET 9 PIECE RETROSPOT,3,28.11.2011 13:51,"4,95",15540.0,United Kingdom
568226,MILK PAN RED RETROSPOT,2,26.09.2011 10:39,"3,75",16719.0,United Kingdom
536401,ASSORTED COLOUR MINI CASES,1,01.12.2010 11:21,"7,95",15862.0,United Kingdom
561743,ASSORTED COLOUR BIRD ORNAMENT,24,29.07.2011 12:16,"1,69",13089.0,United Kingdom
565434,"FANCY FONT BIRTHDAY CARD,",12,04.09.2011 13:35,"0,42",12867.0,United Kingdom
555276,PINK BABY BUNTING,2,01.06.2011 17:28,"5,79",,United Kingdom
575073,SET OF 12 MINI LOAF BAKING CASES,6,08.11.2011 13:10,"0,83",13975.0,United Kingdom
563942,MIRRORED WALL ART POPPIES,12,22.08.2011 09:53,"0,75",15801.0,United Kingdom
559629,AREA PATROLLED METAL SIGN,8,11.07.2011 11:58,"2,1",14690.0,United Kingdom
543447,36 FOIL HEART CAKE CASES,6,08.02.2011 12:01,"2,1",16265.0,United Kingdom
574653,3D TRADITIONAL CHRISTMAS STICKERS,36,06.11.2011 11:30,"1,25",12619.0,Germany
576300,PANTRY WASHING UP BRUSH,2,14.11.2011 14:39,"1,45",15058.0,United Kingdom
548670,SPACEBOY LUNCH BOX,2,01.04.2011 15:37,"1,95",15356.0,United Kingdom
540278,PHOTO CUBE,2,06.01.2011 12:31,"1,65",15719.0,United Kingdom
546888,PANTRY SCRUBBING BRUSH,1,17.03.2011 18:15,"3,29",,United Kingdom
576259,FELTCRAFT CUSHION OWL,8,14.11.2011 14:18,"3,75",12957.0,United Kingdom
543803,"HOOK, 1 HANGER ,MAGIC GARDEN",3,13.02.2011 12:05,"0,85",17126.0,United Kingdom
545346,6 EGG HOUSE PAINTED WOOD,2,02.03.2011 09:49,"7,95",12834.0,United Kingdom
562649,PACK OF 12 TRADITIONAL CRAYONS,1,08.08.2011 13:11,"0,42",14606.0,United Kingdom
567809,PLACE SETTING WHITE HEART,24,22.09.2011 12:29,"0,42",13804.0,United Kingdom
545695,"SET 3 RETROSPOT TEA,COFFEE,SUGAR",2,06.03.2011 14:15,"4,95",17050.0,United Kingdom
543342,CHOCOLATE HOT WATER BOTTLE,3,07.02.2011 12:27,"4,95",17162.0,United Kingdom
565584,DECORATIVE WICKER HEART MEDIUM,12,05.09.2011 13:10,"1,25",14243.0,United Kingdom
540507,RED WOOLLY HOTTIE WHITE HEART.,24,09.01.2011 11:20,"3,39",12939.0,United Kingdom
564429,VANILLA INCENSE IN TIN,36,25.08.2011 11:31,"0,38",16638.0,United Kingdom
557153,SET OF 4 KNICK KNACK TINS LEAVES,2,17.06.2011 11:07,"4,15",13735.0,United Kingdom
564510,PACK OF 12 HEARTS DESIGN TISSUES,24,25.08.2011 14:42,"0,29",14194.0,United Kingdom
574950,VINTAGE PAISLEY STATIONERY SET,1,08.11.2011 09:29,"2,46",,United Kingdom
537374,PANDA AND BUNNIES STICKER SHEET,1,06.12.2010 12:55,"0,85",17259.0,United Kingdom
573492,DOORMAT UNION JACK GUNS AND ROSES,1,31.10.2011 11:57,"8,25",13544.0,United Kingdom
559125,TREASURE TIN GYMKHANA DESIGN,6,06.07.2011 12:32,"2,08",13985.0,United Kingdom
542612,SUKI  SHOULDER BAG,11,30.01.2011 14:19,"1,65",17841.0,United Kingdom
536412,SMALL POPCORN HOLDER,5,01.12.2010 11:49,"0,85",17920.0,United Kingdom
558068,LUNCH BAG PINK POLKADOT,1,24.06.2011 15:51,"4,13",,United Kingdom
543097,CUPBOARD 3 DRAWER MA CAMPAGNE,1,03.02.2011 11:41,"29,17",,United Kingdom
553405,JUMBO BAG STRAWBERRY,10,17.05.2011 08:37,"2,08",14952.0,United Kingdom
576182,WHITE WICKER STAR,6,14.11.2011 11:21,"2,1",12938.0,United Kingdom
547967,FELTCRAFT BOY JEAN-PAUL KIT,1,28.03.2011 15:49,"10,79",,United Kingdom
566747,PURPLE DRAWERKNOB ACRYLIC EDWARDIAN,36,14.09.2011 15:33,"1,25",16928.0,United Kingdom
568054,ZINC HERB GARDEN CONTAINER,2,23.09.2011 12:50,"6,25",16978.0,United Kingdom
550211,CHARLIE + LOLA RED HOT WATER BOTTLE,1,15.04.2011 10:41,"5,79",,United Kingdom
555249,ASS FLORAL PRINT SPIRIT LEVEL,3,01.06.2011 14:57,"1,95",17472.0,United Kingdom
565850,METAL 4 HOOK HANGER FRENCH CHATEAU,3,07.09.2011 12:55,"3,29",14530.0,United Kingdom
568094,SET OF 72 RETROSPOT PAPER  DOILIES,12,23.09.2011 14:43,"1,45",15807.0,United Kingdom
559162,SET OF 6 T-LIGHTS CACTI,1,06.07.2011 16:29,"2,46",,United Kingdom
580667,REGENCY CAKESTAND 3 TIER,1,05.12.2011 14:19,"12,75",15031.0,United Kingdom
566408,DECORATIVE CATS BATHROOM BOTTLE,4,12.09.2011 13:43,"1,25",16984.0,United Kingdom
557063,RED DAISY POCKET BOOK,3,16.06.2011 15:01,"0,85",17368.0,United Kingdom
564724,BAG 125g SWIRLY MARBLES,5,28.08.2011 12:16,"0,42",15555.0,United Kingdom
547881,TOY TIDY SPACEBOY,1,27.03.2011 16:08,"2,1",13110.0,United Kingdom
540953,RETROSPOT PARTY BAG + STICKER SET,1,12.01.2011 13:16,"1,65",14587.0,United Kingdom
539181,ROMANTIC PINKS RIBBONS,1,16.12.2010 11:51,"1,25",12748.0,United Kingdom
552764,MINI JIGSAW SPACEBOY,24,11.05.2011 11:34,"0,42",17489.0,United Kingdom
542619,"KEY FOB , FRONT  DOOR",6,30.01.2011 15:54,"0,65",13869.0,United Kingdom
559043,RED HEART LUGGAGE TAG,1,05.07.2011 15:35,"2,46",,United Kingdom
577052,EGG FRYING PAN RED,1,17.11.2011 14:08,"2,08",17397.0,United Kingdom
578934,HOT WATER BOTTLE TEA AND SYMPATHY,2,27.11.2011 12:47,"4,25",14577.0,United Kingdom
539437,WHITE AND BLUE CERAMIC OIL BURNER,1,17.12.2010 14:54,"2,51",,United Kingdom
571441,SET OF 6 SOLDIER SKITTLES,1,17.10.2011 13:31,"7,46",14096.0,United Kingdom
542998,ASSORTED COLOUR MINI CASES,1,02.02.2011 12:16,"16,63",,United Kingdom
536863,MONSTERS STENCIL CRAFT,1,03.12.2010 11:19,"1,25",17967.0,United Kingdom
568044,ROLL WRAP 50'S RED CHRISTMAS,12,23.09.2011 12:10,"1,25",15763.0,United Kingdom
554964,WRAP SUKI AND FRIENDS,25,27.05.2011 15:57,"0,42",15867.0,United Kingdom
566221,GIFT BAG PSYCHEDELIC APPLES,2,09.09.2011 16:13,"0,83",,United Kingdom
540418,FRENCH ENAMEL WATER BASIN,1,07.01.2011 11:04,"3,36",,United Kingdom
575964,PEARLISED IVORY HEART SMALL,2,13.11.2011 12:31,"1,25",15021.0,United Kingdom
573143,EGG CUP MILKMAID INGRID,12,27.10.2011 17:56,"1,25",13098.0,United Kingdom
552714,METAL SIGN TAKE IT OR LEAVE IT,6,11.05.2011 09:28,"2,95",17164.0,United Kingdom
564840,BEADED CRYSTAL HEART BLUE ON STICK,1,30.08.2011 12:49,"0,83",,United Kingdom
553386,CLOTHES PEGS RETROSPOT PACK 24,12,16.05.2011 16:22,"1,65",13381.0,United Kingdom
565129,RECYCLING BAG RETROSPOT,2,01.09.2011 12:41,"2,1",15719.0,United Kingdom
541855,PINK HAPPY BIRTHDAY BUNTING,1,23.01.2011 14:59,"5,45",13742.0,United Kingdom
568567,LUNCH BOX I LOVE LONDON,1,27.09.2011 18:41,"4,13",,United Kingdom
578541,BREAD BIN DINER STYLE IVORY,2,24.11.2011 15:01,"16,95",14277.0,France
571104,6 GIFT TAGS VINTAGE CHRISTMAS,12,13.10.2011 15:58,"0,83",18130.0,United Kingdom
573026,HAND WARMER UNION JACK,2,27.10.2011 13:25,"2,1",17459.0,United Kingdom
574836,POLYESTER FILLER PAD 40x40cm,4,07.11.2011 11:32,"1,45",17623.0,United Kingdom
575214,VINTAGE CHRISTMAS PAPER GIFT BAG,10,09.11.2011 10:48,"0,82",16751.0,United Kingdom
570496,12 PENCILS SMALL TUBE RED RETROSPOT,144,11.10.2011 09:05,"0,65",16422.0,United Kingdom
564647,REX CASH+CARRY JUMBO SHOPPER,1,26.08.2011 13:56,"0,95",17920.0,United Kingdom
537159,WICKER STAR,2,05.12.2010 13:17,"2,1",14527.0,United Kingdom
571283,DAIRY MAID STRIPE MUG,6,16.10.2011 13:51,"0,79",16533.0,United Kingdom
567911,WOODEN HEART CHRISTMAS SCANDINAVIAN,24,22.09.2011 17:00,"0,29",14854.0,United Kingdom
546998,STRAWBERRY FAIRY CAKE TEAPOT,2,18.03.2011 13:32,"4,95",16023.0,United Kingdom
562852,LUNCH BAG VINTAGE DOILY,10,10.08.2011 10:12,"1,65",13050.0,United Kingdom
578921,SET OF 72 PINK HEART PAPER DOILIES,1,27.11.2011 11:57,"1,45",13596.0,United Kingdom
542629,RETROSPOT CHILDRENS APRON,24,31.01.2011 09:57,"1,95",12731.0,France
579434,WOODEN HEART CHRISTMAS SCANDINAVIAN,24,29.11.2011 13:17,"0,29",16678.0,United Kingdom
559418,SET OF SALT AND PEPPER TOADSTOOLS,12,08.07.2011 11:36,"1,25",12681.0,France
560209,MINI JIGSAW SPACEBOY,2,15.07.2011 14:05,"0,42",15004.0,United Kingdom
565644,COOK WITH WINE METAL SIGN,48,05.09.2011 15:56,"1,85",15491.0,United Kingdom
566079,LETTER HOLDER HOME SWEET HOME,4,09.09.2011 09:52,"3,75",17593.0,United Kingdom
541784,PAPER CHAIN KIT RETROSPOT,4,21.01.2011 12:37,"2,95",17277.0,United Kingdom
559506,CALENDAR FAMILY FAVOURITES,1,08.07.2011 15:17,"5,79",,United Kingdom
551531,BLUE POLKADOT BOWL,8,01.05.2011 13:45,"1,25",15376.0,United Kingdom
554514,YOU'RE CONFUSING ME METAL SIGN,2,24.05.2011 15:58,"4,13",,United Kingdom
547002,BLUE DRAWER KNOB ACRYLIC EDWARDIAN,12,18.03.2011 14:02,"1,25",12878.0,United Kingdom
536876,ANTIQUE SILVER TEA GLASS ETCHED,28,03.12.2010 11:36,"2,51",,United Kingdom
573137,DOORMAT I LOVE LONDON,1,27.10.2011 17:15,"15,79",,United Kingdom
580908,RETROSPOT TEA SET CERAMIC 11 PC,1,06.12.2011 13:20,"4,95",16495.0,United Kingdom
571275,DAIRY MAID LARGE MILK JUG,1,16.10.2011 12:28,"4,95",15994.0,United Kingdom
564061,LUNCH BAG SPACEBOY DESIGN,4,22.08.2011 14:38,"1,65",14505.0,United Kingdom
552269,HEART IVORY TRELLIS SMALL,1,08.05.2011 11:52,"1,25",16121.0,United Kingdom
556020,SET OF 72 RETROSPOT PAPER  DOILIES,2,08.06.2011 12:03,"1,45",13571.0,United Kingdom
550986,TEA TIME PARTY BUNTING,3,21.04.2011 18:06,"10,79",,United Kingdom
554929,ROUND SNACK BOXES SET OF4 WOODLAND,6,27.05.2011 13:16,"2,95",13018.0,United Kingdom
550125,HANGING HEART ZINC T-LIGHT HOLDER,12,14.04.2011 12:42,"0,85",13317.0,United Kingdom
556048,RED SPOT CERAMIC DRAWER KNOB,12,08.06.2011 13:00,"1,25",15609.0,United Kingdom
536798,"KEY FOB , GARAGE DESIGN",48,02.12.2010 15:55,"0,65",17838.0,United Kingdom
575517,SPOTTY BUNTING,3,10.11.2011 10:49,"4,95",14562.0,United Kingdom
544812,CARD BILLBOARD FONT,1,23.02.2011 15:58,"0,83",,United Kingdom
542613,RED RETROSPOT SHOPPING BAG,3,30.01.2011 14:36,"2,55",17431.0,United Kingdom
573420,BLACK RECORD COVER FRAME,16,31.10.2011 09:48,"3,75",18223.0,United Kingdom
558777,SOFT PINK ROSE TOWEL,5,04.07.2011 10:23,"3,29",,United Kingdom
537144,HEART OF WICKER LARGE,1,05.12.2010 13:00,"2,95",15880.0,United Kingdom
565434,BABY BOOM RIBBONS,3,04.09.2011 13:35,"1,25",12867.0,United Kingdom
568145,HANGING QUILTED PATCHWORK APPLES,24,25.09.2011 11:30,"0,83",12388.0,Australia
566196,ENAMEL BREAD BIN CREAM,6,09.09.2011 13:47,"12,75",14180.0,United Kingdom
545062,BLUE DINER WALL CLOCK,1,27.02.2011 14:07,"8,5",12748.0,United Kingdom
555251,CAKE STAND 3 TIER MAGIC GARDEN,4,01.06.2011 15:12,"12,75",13062.0,United Kingdom
547367,GLITTER BUTTERFLY CLIPS,1,22.03.2011 13:11,"2,55",15437.0,United Kingdom
549100,CHICK GREY HOT WATER BOTTLE,1,06.04.2011 11:14,0,,United Kingdom
552883,HEART IVORY TRELLIS LARGE,216,12.05.2011 10:13,"1,45",14646.0,Netherlands
564552,RED SPOTTY BISCUIT TIN,6,25.08.2011 17:22,"3,75",16670.0,United Kingdom
573163,OVEN MITT APPLES DESIGN,10,28.10.2011 09:06,"1,45",16843.0,United Kingdom
572662,PAPER CHAIN KIT 50'S CHRISTMAS,2,25.10.2011 12:54,"2,95",15443.0,United Kingdom
557644,CLEAR STATIONERY BOX SET,1,21.06.2011 17:06,"0,83",,United Kingdom
577475,DOORMAT WELCOME TO OUR HOME,2,20.11.2011 11:30,"8,25",15152.0,United Kingdom
562152,COLOUR GLASS T-LIGHT HOLDER HANGING,32,03.08.2011 10:56,"0,65",16168.0,United Kingdom
565152,LITTLE GREEN MONSTER SOFT TOY,2,01.09.2011 14:42,"2,55",17799.0,United Kingdom
563924,SET OF 2 TINS VINTAGE BATHROOM,2,21.08.2011 14:32,"4,25",15984.0,United Kingdom
539185,POPPY'S PLAYHOUSE KITCHEN,1,16.12.2010 11:53,"2,1",16470.0,United Kingdom
560644,SET OF 3 WOODEN HEART DECORATIONS,4,20.07.2011 11:22,"1,25",16271.0,United Kingdom
538071,PINK LEAVES AND BEADS PHONE CHARM,1,09.12.2010 14:09,"2,51",,United Kingdom
552108,LUNCH BAG PINK POLKADOT,2,06.05.2011 11:36,"1,65",17841.0,United Kingdom
558066,PACK OF 6 COCKTAIL PARASOL STRAWS,3,24.06.2011 15:45,"1,25",,United Kingdom
578954,BOX OF 6 MINI VINTAGE CRACKERS,2,27.11.2011 15:02,"2,49",15054.0,United Kingdom
572567,CHILDRENS CUTLERY POLKADOT GREEN,4,25.10.2011 10:27,"4,15",12398.0,Switzerland
570488,FELTCRAFT DOLL EMILY,1,10.10.2011 17:12,"5,79",14096.0,United Kingdom
571944,"CHARLIE+LOLA""EXTREMELY BUSY"" SIGN",24,20.10.2011 10:15,"0,39",13755.0,United Kingdom
541219,S/4 CACTI CANDLES,3,14.01.2011 14:06,"4,13",,United Kingdom
571737,WOODEN ADVENT CALENDAR RED,6,19.10.2011 10:31,"7,95",14367.0,United Kingdom
560491,MINI PAINT SET VINTAGE,36,19.07.2011 10:51,"0,65",12415.0,Australia
569544,SPOTTY BUNTING,1,04.10.2011 16:33,"10,79",,United Kingdom
547649,CHILDS GARDEN RAKE BLUE,1,24.03.2011 12:02,"2,1",18118.0,United Kingdom
540458,SET/20 RED RETROSPOT PAPER NAPKINS,12,07.01.2011 12:28,"0,85",12501.0,Germany
540154,SET OF 4 PISTACHIO LOVEBIRD COASTER,4,05.01.2011 11:30,"1,66",,United Kingdom
547938,ORANGE SCENTED SET/9 T-LIGHTS,12,28.03.2011 14:33,"0,85",13901.0,United Kingdom
580908,60 CAKE CASES VINTAGE CHRISTMAS,1,06.12.2011 13:20,"0,55",16495.0,United Kingdom
546136,GREEN POLKADOT BOWL,1,09.03.2011 16:32,"2,46",,United Kingdom
567483,SET OF 6 SPICE TINS PANTRY DESIGN,4,20.09.2011 13:45,"3,95",16584.0,United Kingdom
551650,GIN AND TONIC MUG,12,03.05.2011 12:02,"1,25",13089.0,United Kingdom
552652,SWEETHEART WIRE FRUIT BOWL,1,10.05.2011 14:09,"8,5",14591.0,United Kingdom
564848,DRAWER KNOB CRACKLE GLAZE GREEN,6,30.08.2011 15:37,"1,65",16928.0,United Kingdom
574477,IVORY WICKER HEART MEDIUM,3,04.11.2011 12:21,"1,25",15453.0,United Kingdom
552508,POTTING SHED SEED ENVELOPES,1,09.05.2011 16:27,"2,46",,United Kingdom
572121,STRAWBERRY BATH SPONGE,10,20.10.2011 19:51,"1,25",17092.0,United Kingdom
557214,ALARM CLOCK BAKELIKE RED,4,17.06.2011 12:20,"3,75",17677.0,United Kingdom
579508,WALL ART 70'S ALPHABET,1,29.11.2011 16:33,"16,63",,United Kingdom
569129,TREASURE TIN GYMKHANA DESIGN,2,30.09.2011 13:40,"2,08",15034.0,United Kingdom
560579,REGENCY CAKESTAND 3 TIER,3,19.07.2011 15:13,"12,75",15867.0,United Kingdom
540180,WHITE HANGING HEART T-LIGHT HOLDER,6,05.01.2011 13:05,"2,95",15984.0,United Kingdom
553224,LUNCH BAG WOODLAND,6,16.05.2011 10:40,"1,65",17228.0,United Kingdom
571030,SET OF 4 ENGLISH ROSE PLACEMATS,4,13.10.2011 12:26,"3,75",12876.0,Belgium
559163,SET/4 SPRING FLOWER DECORATION,2,06.07.2011 16:33,"1,63",,United Kingdom
543754,ROSES REGENCY TEACUP AND SAUCER,6,11.02.2011 14:26,"2,95",18159.0,United Kingdom
550341,SET OF 3 BUTTERFLY COOKIE CUTTERS,12,17.04.2011 15:53,"1,25",13018.0,United Kingdom
568104,JIGSAW TREE WITH BIRDHOUSE,2,23.09.2011 15:50,"0,59",16485.0,United Kingdom
556044,PAPER LANTERN 5 POINT STUDDED STAR,2,08.06.2011 12:50,"5,75",15764.0,United Kingdom
539437,SMALL HEART MEASURING SPOONS,2,17.12.2010 14:54,"1,66",,United Kingdom
572024,ASSORTED TUTTI FRUTTI PEN,24,20.10.2011 11:17,"0,29",14631.0,United Kingdom
555603,ASS COL CIRCLE MOBILE,24,06.06.2011 11:36,"0,42",16209.0,United Kingdom
565129,DOORMAT FANCY FONT HOME SWEET HOME,1,01.09.2011 12:41,"8,25",15719.0,United Kingdom
541103,BLUE PAISLEY JOURNAL,6,13.01.2011 14:24,"2,55",14215.0,United Kingdom
539044,LUNCH BAG SUKI  DESIGN,10,15.12.2010 15:47,"1,65",15727.0,United Kingdom
544684,SET OF 9 HEART SHAPED BALLOONS,1,22.02.2011 16:32,"2,46",,United Kingdom
564342,PAPER CHAIN KIT 50'S CHRISTMAS,2,24.08.2011 14:53,"2,95",16340.0,United Kingdom
568046,HAND WARMER OWL DESIGN,1,23.09.2011 12:16,"2,1",18118.0,United Kingdom
578929,REX CASH+CARRY JUMBO SHOPPER,2,27.11.2011 12:31,"0,95",13064.0,United Kingdom
577078,WOVEN FROST CUSHION COVER,2,17.11.2011 15:17,"4,13",,United Kingdom
573430,CREAM HEART CARD HOLDER,8,31.10.2011 10:38,"3,95",13813.0,Germany
541422,SPACE FROG,2,17.01.2011 17:48,"0,83",,United Kingdom
560996,6 EGG HOUSE PAINTED WOOD,2,22.07.2011 13:53,"7,95",17625.0,United Kingdom
551891,BOOZE & WOMEN GREETING CARD,12,05.05.2011 09:53,"0,42",17429.0,United Kingdom
550997,SKULLS SQUARE TISSUE BOX,12,26.04.2011 09:04,"1,25",17735.0,United Kingdom
551014,DOLLCRAFT GIRL AMELIE,4,26.04.2011 11:04,"4,95",13209.0,United Kingdom
550978,SET/6 RED SPOTTY PAPER PLATES,12,21.04.2011 17:31,"0,85",13983.0,United Kingdom
570442,LADIES & GENTLEMEN METAL SIGN,5,10.10.2011 14:37,"2,55",16549.0,United Kingdom
544278,36 FOIL STAR CAKE CASES,6,17.02.2011 12:01,"2,1",15382.0,United Kingdom
555841,LETTER SHAPE PENCIL SHARPENER,5,07.06.2011 12:47,"0,06",14583.0,United Kingdom
566277,SET OF 4 ENGLISH ROSE COASTERS,10,11.09.2011 14:01,"1,25",16796.0,United Kingdom
551270,BOX OF 9 PEBBLE CANDLES,2,27.04.2011 12:35,"1,95",15891.0,United Kingdom
555510,GLITTER HEART GARLAND WITH BELLS,2,03.06.2011 17:09,"7,46",,United Kingdom
567654,STAR WREATH DECORATION WITH BELL,12,21.09.2011 14:38,"1,25",16627.0,United Kingdom
579293,HAND WARMER SCOTTY DOG DESIGN,1,29.11.2011 11:22,"2,1",14419.0,United Kingdom
569246,CALENDAR IN SEASON DESIGN,1,03.10.2011 09:57,"2,46",14096.0,United Kingdom
574915,DOORMAT KEEP CALM AND COME IN,10,07.11.2011 16:17,"7,08",16779.0,United Kingdom
577610,MINI LIGHTS WOODLAND MUSHROOMS,4,21.11.2011 09:55,"3,75",15373.0,United Kingdom
550274,FELTCRAFT CUSHION RABBIT,4,15.04.2011 12:23,"3,75",15498.0,United Kingdom
542602,ENGLISH ROSE HOT WATER BOTTLE,1,30.01.2011 12:09,"4,25",15579.0,United Kingdom
553035,ZINC HERB GARDEN CONTAINER,4,12.05.2011 20:13,"6,25",17337.0,United Kingdom
571081,RETROSPOT TEA SET CERAMIC 11 PC,1,13.10.2011 15:23,"4,95",16775.0,United Kingdom
541133,RED TOADSTOOL LED NIGHT LIGHT,3,14.01.2011 10:17,"4,13",,United Kingdom
576364,ENGLISH ROSE SPIRIT LEVEL,2,14.11.2011 17:40,"0,79",15009.0,United Kingdom
537226,WRAP GREEN PEARS,25,06.12.2010 08:34,"0,42",15987.0,United Kingdom
561020,TOILET METAL SIGN,2,22.07.2011 17:21,"0,55",13563.0,United Kingdom
571931,FUNKY DIVA PEN,2,19.10.2011 16:59,"1,63",,United Kingdom
577071,SPOTTY BUNTING,50,17.11.2011 14:56,"4,15",13969.0,United Kingdom
541969,"ELEPHANT, BIRTHDAY CARD,",2,24.01.2011 13:46,"0,83",,United Kingdom
566287,MAGIC DRAWING SLATE PURDEY,1,11.09.2011 15:11,"0,42",17218.0,United Kingdom
565933,POSTAGE,1,08.09.2011 10:43,15,15885.0,United Kingdom
568895,LUNCH BAG VINTAGE DOILY,6,29.09.2011 13:11,"1,65",15356.0,United Kingdom
561917,JUMBO BAG RED RETROSPOT,1,01.08.2011 11:57,"2,08",16904.0,United Kingdom
565151,SWEETHEART WIRE FRUIT BOWL,1,01.09.2011 14:29,"8,5",16923.0,United Kingdom
555847,TRAVEL CARD WALLET RETROSPOT,24,07.06.2011 13:27,"0,42",14880.0,United Kingdom
558376,BLUE VINTAGE SPOT BEAKER,16,28.06.2011 16:03,"0,85",13418.0,United Kingdom
553045,SET/20 RED RETROSPOT PAPER NAPKINS,96,13.05.2011 09:33,"0,72",12770.0,Japan
560125,CHRISTMAS DECOUPAGE CANDLE,1,15.07.2011 10:44,"0,85",18118.0,United Kingdom
580490,3 RAFFIA RIBBONS 50'S CHRISTMAS,10,04.12.2011 12:48,"0,79",15773.0,United Kingdom
554861,RABBIT NIGHT LIGHT,6,27.05.2011 10:29,"2,08",12633.0,Germany
558614,SET OF TEA COFFEE SUGAR TINS PANTRY,1,30.06.2011 15:56,"10,79",,United Kingdom
580632,HAND WARMER UNION JACK,4,05.12.2011 12:16,"2,1",16360.0,United Kingdom
541495,LUNCH BAG SUKI  DESIGN,1,18.01.2011 14:59,"4,96",,United Kingdom
566238,ZINC BOX SIGN HOME,1,11.09.2011 11:24,"9,95",17377.0,United Kingdom
575477,BUTTERFLIES STICKERS,1,09.11.2011 16:14,"1,63",,United Kingdom
574069,SET OF 12 MINI LOAF BAKING CASES,8,02.11.2011 14:52,"0,83",17735.0,United Kingdom
572889,WOODEN CROQUET GARDEN SET,2,26.10.2011 13:56,"14,95",12748.0,United Kingdom
553942,WOODEN PICTURE FRAME WHITE FINISH,12,20.05.2011 10:37,"2,55",18055.0,United Kingdom
540681,TURQ STONE/CRYSTAL EARRINGS,1,10.01.2011 16:25,"2,96",,United Kingdom
561900,COWBOYS AND INDIANS BIRTHDAY CARD,12,31.07.2011 15:31,"0,42",16655.0,United Kingdom
543173,LUNCH BAG RED RETROSPOT,10,04.02.2011 09:30,"1,65",13871.0,United Kingdom
575176,PLASTERS IN TIN WOODLAND ANIMALS,1,08.11.2011 18:29,"3,29",,United Kingdom
580367,ANTIQUE GLASS DRESSING TABLE POT,1,02.12.2011 16:39,"5,79",,United Kingdom
553061,LUNCH BAG SPACEBOY DESIGN,2,13.05.2011 11:12,"1,65",17238.0,United Kingdom
555420,LARGE HEART MEASURING SPOONS,12,03.06.2011 10:29,"1,65",13458.0,United Kingdom
573406,HAND WARMER OWL DESIGN,12,30.10.2011 15:57,"2,1",14112.0,United Kingdom
575176,RETROSPOT WOODEN HEART DECORATION,2,08.11.2011 18:29,"1,63",,United Kingdom
544796,PHOTO FRAME 3 CLASSIC HANGING,4,23.02.2011 13:37,"9,95",16208.0,United Kingdom
558540,CREAM SWEETHEART EGG HOLDER,4,30.06.2011 12:15,"4,95",17706.0,United Kingdom
579154,60 CAKE CASES VINTAGE CHRISTMAS,1,28.11.2011 13:27,"0,55",17218.0,United Kingdom
550193,CERAMIC CAKE DESIGN SPOTTED PLATE,12,15.04.2011 09:27,"1,49",13952.0,United Kingdom
560098,TREASURE ISLAND BOOK BOX,1,14.07.2011 17:44,"2,25",16907.0,United Kingdom
576618,SET 12 COLOUR PENCILS DOLLY GIRL,1,15.11.2011 17:00,"1,25",,United Kingdom
578251,MONSTERS STENCIL CRAFT,2,23.11.2011 12:45,"1,25",15993.0,United Kingdom
570086,SET OF 6 SOLDIER SKITTLES,8,07.10.2011 11:22,"3,75",17086.0,United Kingdom
549100,HOT BATHS METAL SIGN,15,06.04.2011 11:14,"4,96",,United Kingdom
559542,SMALL WHITE HEART OF WICKER,6,10.07.2011 13:32,"1,65",17126.0,United Kingdom
541592,TOOL BOX SOFT TOY,7,19.01.2011 15:08,"7,46",,United Kingdom
578317,VINTAGE DOILY JUMBO BAG RED,10,23.11.2011 16:47,"2,08",15398.0,United Kingdom
559052,ROMANTIC IMAGES NOTEBOOK SET,1,05.07.2011 16:53,"2,46",,United Kingdom
564758,JUMBO STORAGE BAG SUKI,5,30.08.2011 10:39,"4,13",,United Kingdom
567307,60 TEATIME FAIRY CAKE CASES,24,19.09.2011 13:35,"0,55",15078.0,United Kingdom
581191,SWEETHEART RECIPE BOOK STAND,3,07.12.2011 16:56,"6,75",17449.0,United Kingdom
568316,SPOTTY BUNTING,1,26.09.2011 13:21,"4,95",16407.0,United Kingdom
549129,SKULLS  WATER TRANSFER TATTOOS,12,06.04.2011 14:53,"0,85",17042.0,United Kingdom
562104,BLUE POLKADOT BOWL,8,02.08.2011 14:31,"2,46",,United Kingdom
552978,BEWARE OF THE CAT METAL SIGN,48,12.05.2011 14:46,"1,45",12590.0,Germany
544681,BLUE POLKADOT CUP,2,22.02.2011 16:28,"1,63",,United Kingdom
557469,WOODEN PICTURE FRAME WHITE FINISH,2,20.06.2011 13:18,"2,55",12904.0,United Kingdom
579740,RED KITCHEN SCALES,1,30.11.2011 14:30,"8,5",,United Kingdom
577768,LAUNDRY 15C METAL SIGN,1,21.11.2011 15:18,"2,46",,United Kingdom
550499,HANGING WOOD AND FELT FLOWER,2,18.04.2011 15:16,"0,42",,United Kingdom
578676,ROUND SNACK BOXES SET OF 4 FRUITS,2,24.11.2011 19:07,"2,95",16016.0,United Kingdom
576071,JUMBO BAG SCANDINAVIAN BLUE PAISLEY,1,13.11.2011 16:03,"2,08",18069.0,United Kingdom
578344,GOLD M.O.P ORBIT DROP EARRINGS,2,24.11.2011 09:21,"4,15",,United Kingdom
550124,RETROSPOT TEA SET CERAMIC 11 PC,6,14.04.2011 12:41,"4,95",12853.0,United Kingdom
580501,RED SPOT PAPER GIFT BAG,2,04.12.2011 13:00,"0,82",14546.0,United Kingdom
576087,SPACEBOY CHILDRENS BOWL,8,14.11.2011 08:31,"1,25",12689.0,France
571918,ROLL WRAP VINTAGE SPOT,2,19.10.2011 16:05,"1,25",17350.0,United Kingdom
554104,PEG BAG APPLES DESIGN,6,22.05.2011 14:03,"2,55",12705.0,Germany
549993,PACK OF 12 LONDON TISSUES,96,14.04.2011 08:26,"0,29",14057.0,United Kingdom
559817,FRENCH BLUE METAL DOOR SIGN 8,1,12.07.2011 16:20,"2,46",,United Kingdom
543737,FELT EGG COSY BLUE RABBIT,12,11.02.2011 12:45,"0,85",12477.0,Germany
574310,SET OF 60 PANTRY DESIGN CAKE CASES,24,03.11.2011 16:56,"0,55",13467.0,United Kingdom
538810,HOME SMALL WOOD LETTERS,1,14.12.2010 12:18,"4,95",14871.0,United Kingdom
573406,JUMBO BAG RED RETROSPOT,10,30.10.2011 15:57,"2,08",14112.0,United Kingdom
570229,MOODY BOY  DOOR HANGER,1,09.10.2011 13:30,"0,39",15756.0,United Kingdom
561513,VINTAGE KEEPSAKE BOX TRAVELOGUE,1,27.07.2011 15:12,"4,13",,United Kingdom
576069,JAZZ HEARTS PURSE NOTEBOOK,3,13.11.2011 15:57,"0,39",13603.0,United Kingdom
537792,HERB MARKER PARSLEY,1,08.12.2010 12:56,"0,65",16385.0,United Kingdom
580695,DRAWER KNOB CERAMIC IVORY,6,05.12.2011 16:03,"1,45",13230.0,United Kingdom
544643,SWEETHEART CERAMIC TRINKET BOX,12,22.02.2011 11:43,"1,25",13038.0,United Kingdom
565286,DOORMAT HEARTS,1,02.09.2011 11:39,"14,13",,United Kingdom
543530,COOK WITH WINE METAL SIGN,1,09.02.2011 12:46,"4,13",,United Kingdom
557885,PLASTERS IN TIN WOODLAND ANIMALS,12,23.06.2011 13:37,"1,65",12465.0,Belgium
559321,GRASS HOPPER WOODEN WALL CLOCK,20,07.07.2011 14:30,"0,79",17069.0,United Kingdom
564530,OWL DOORSTOP,1,25.08.2011 14:57,0,,United Kingdom
574619,PAINTED METAL STAR WITH HOLLY BELLS,48,06.11.2011 11:18,"0,39",15952.0,United Kingdom
569524,VINTAGE DOILY TRAVEL SEWING KIT,1,04.10.2011 14:42,"1,95",14506.0,United Kingdom
580367,SET 10 CARDS DINKY TREE 17076,2,02.12.2011 16:39,"2,49",,United Kingdom
544434,FAIRY CAKE FLANNEL ASSORTED COLOUR,1,18.02.2011 16:12,"4,96",,United Kingdom
571940,SINGLE HEART ZINC T-LIGHT HOLDER,12,20.10.2011 09:57,"1,25",15301.0,United Kingdom
559693,DOORMAT RESPECTABLE HOUSE,1,11.07.2011 16:21,"15,79",,United Kingdom
551014,CIRCUS PARADE CHILDRENS EGG CUP,12,26.04.2011 11:04,"1,25",13209.0,United Kingdom
581439,60 CAKE CASES VINTAGE CHRISTMAS,3,08.12.2011 16:30,"1,25",,United Kingdom
564739,ALARM CLOCK BAKELIKE CHOCOLATE,2,28.08.2011 14:28,"3,75",16931.0,United Kingdom
562843,PINK VINTAGE PAISLEY PICNIC BAG,2,09.08.2011 17:37,"2,46",,United Kingdom
537265,BLUE POLKADOT WRAP,25,06.12.2010 11:26,"0,42",15919.0,United Kingdom
556571,DOORMAT KEEP CALM AND COME IN,2,13.06.2011 13:13,"7,95",13018.0,United Kingdom
538206,LILY BROOCH AMETHYST COLOUR,3,10.12.2010 11:31,"4,95",17827.0,United Kingdom
576688,SET OF 5 LUCKY CAT MAGNETS,12,16.11.2011 12:16,"2,08",16717.0,United Kingdom
549023,SKULLS  WATER TRANSFER TATTOOS,2,05.04.2011 16:27,"1,63",,United Kingdom
575972,IVORY WICKER HEART SMALL,3,13.11.2011 13:01,"0,63",14499.0,United Kingdom
544089,"ASSORTED FLOWER COLOUR ""LEIS""",1,15.02.2011 17:51,"4,96",,United Kingdom
542627,FELTCRAFT CUSHION OWL,4,31.01.2011 09:51,"3,75",14426.0,United Kingdom
581146,PAPER CHAIN KIT SKULLS,3,07.12.2011 13:53,"2,95",17602.0,United Kingdom
562955,SET OF 4 POLKADOT PLACEMATS,4,11.08.2011 10:14,"7,46",,United Kingdom
550389,60 TEATIME FAIRY CAKE CASES,3,18.04.2011 11:53,"0,55",17284.0,United Kingdom
568896,FRENCH WC SIGN BLUE METAL,5,29.09.2011 13:13,"1,25",16361.0,United Kingdom
574299,WOODEN ADVENT CALENDAR RED,6,03.11.2011 16:06,"7,95",16746.0,United Kingdom
565840,LOVEBIRD HANGING DECORATION WHITE,13,07.09.2011 12:02,"1,63",,United Kingdom
545665,IVORY HANGING DECORATION  EGG,12,04.03.2011 15:20,"0,85",17535.0,United Kingdom
555510,PARTY BUNTING,1,03.06.2011 17:09,"10,79",,United Kingdom
572767,BLUE DRAWER KNOB ACRYLIC EDWARDIAN,24,26.10.2011 10:11,"1,25",17865.0,United Kingdom
552045,SET OF 72 PINK HEART PAPER DOILIES,12,06.05.2011 09:22,"1,45",18241.0,United Kingdom
561584,FILIGREE HEART BIRD WHITE,24,28.07.2011 10:38,"1,25",13534.0,United Kingdom
572093,SET OF 6 SNACK LOAF BAKING CASES,8,20.10.2011 14:51,"0,83",15121.0,United Kingdom
575128,MEMO BOARD COTTAGE DESIGN,4,08.11.2011 14:27,"4,95",16837.0,United Kingdom
567673,JUMBO BAG DOLLY GIRL DESIGN,1,21.09.2011 15:43,"4,13",,United Kingdom
538662,LARGE CAKE TOWEL CHOCOLATE SPOTS,24,13.12.2010 15:44,"1,95",15159.0,United Kingdom
554079,PANTRY SCRUBBING BRUSH,1,22.05.2011 11:41,"1,65",14546.0,United Kingdom
569216,TRAVEL CARD WALLET KEEP CALM,10,02.10.2011 12:41,"0,42",15555.0,United Kingdom
541696,S/4 VALENTINE DECOUPAGE HEART BOX,2,20.01.2011 18:08,"3,29",,United Kingdom
543826,ALARM CLOCK BAKELIKE CHOCOLATE,1,14.02.2011 09:41,"7,46",,United Kingdom
567213,GLITTER HEART GARLAND WITH BELLS,1,19.09.2011 11:04,"3,75",14684.0,United Kingdom
565325,RED GINGHAM ROSE JEWELLERY BOX,16,02.09.2011 13:22,"1,95",16086.0,United Kingdom
580914,SPACEBOY MINI BACKPACK,1,06.12.2011 13:42,"4,15",14871.0,United Kingdom
551531,MINI LADLE LOVE HEART PINK,12,01.05.2011 13:45,"0,42",15376.0,United Kingdom
546993,SET/4 MODERN VINTAGE COTTON NAPKINS,2,18.03.2011 13:19,"0,79",17921.0,United Kingdom
561869,RELAX LARGE WOOD LETTERS,2,31.07.2011 11:38,"3,95",16764.0,United Kingdom
538040,PLASTERS IN TIN CIRCUS PARADE,2,09.12.2010 13:08,"1,65",16520.0,United Kingdom
550320,ROSE 1 WICK MORRIS BOXED CANDLE,1,17.04.2011 12:38,"4,25",12748.0,United Kingdom
576779,TRAVEL CARD WALLET UNION JACK,48,16.11.2011 13:25,"0,42",14554.0,United Kingdom
547250,RED HEART SHAPE LOVE BUCKET,1,22.03.2011 09:30,"5,79",,United Kingdom
564719,WRAP ALPHABET DESIGN,25,28.08.2011 11:55,"0,42",15325.0,United Kingdom
571257,MINI PLAYING CARDS FUN FAIR,1,14.10.2011 17:17,"0,83",,United Kingdom
571125,SKULLS PARTY BAG + STICKER SET,8,14.10.2011 09:48,"1,65",16394.0,United Kingdom
567372,CHARLOTTE BAG DOLLY GIRL DESIGN,10,20.09.2011 09:24,"0,85",14191.0,United Kingdom
573286,CHRISTMAS RETROSPOT STAR WOOD,8,28.10.2011 14:38,"0,85",,Switzerland
558533,WOODEN PICTURE FRAME WHITE FINISH,6,30.06.2011 11:49,"2,55",16717.0,United Kingdom
540482,PIGGY BANK RETROSPOT,4,07.01.2011 15:48,"2,55",14672.0,United Kingdom
566602,CHARLIE+LOLA PINK HOT WATER BOTTLE,1,13.09.2011 16:05,"3,29",,United Kingdom
562370,PACK OF 12 SPACEBOY TISSUES,24,04.08.2011 14:20,"0,29",12626.0,Germany
575491,HEART OF WICKER LARGE,3,09.11.2011 17:47,"2,95",15531.0,United Kingdom
577537,SET OF 12  VINTAGE POSTCARD SET,24,20.11.2011 14:17,"0,65",14860.0,United Kingdom
569705,60 CAKE CASES VINTAGE CHRISTMAS,24,05.10.2011 16:15,"0,55",15762.0,United Kingdom
580729,HOT WATER BOTTLE KEEP CALM,2,05.12.2011 17:24,"10,79",,United Kingdom
543118,"FANCY FONT BIRTHDAY CARD,",12,03.02.2011 13:31,"0,42",13842.0,United Kingdom
572283,SET OF 6 RIBBONS VINTAGE CHRISTMAS,2,23.10.2011 11:42,"2,89",15000.0,United Kingdom
570187,VINTAGE SNAP CARDS,1,07.10.2011 15:09,"1,63",,United Kingdom
581057,BATHROOM HOOK,12,07.12.2011 11:03,"0,39",16817.0,United Kingdom
543013,BLUE STRIPE CERAMIC DRAWER KNOB,1,02.02.2011 13:35,"2,46",,United Kingdom
564857,SET 10 NIGHT OWL LIGHTS,1,31.08.2011 09:23,"13,29",,United Kingdom
556042,BULL DOG BOTTLE OPENER,6,08.06.2011 12:44,"4,95",14367.0,United Kingdom
562046,PINK POLKADOT BOWL,16,02.08.2011 10:34,"1,25",12378.0,Switzerland
536813,CHRISTMAS CARD STACK OF PRESENTS,12,02.12.2010 16:59,"0,42",15646.0,United Kingdom
538641,BOX OF 24 COCKTAIL PARASOLS,50,13.12.2010 14:36,"0,42",15640.0,United Kingdom
551282,SET OF 36 TEATIME PAPER DOILIES,2,27.04.2011 13:44,"1,45",16919.0,United Kingdom
570818,STOOL HOME SWEET HOME,1,12.10.2011 12:47,"12,5",17841.0,United Kingdom
576605,WHITE WOOD GARDEN PLANT LADDER,1,15.11.2011 15:33,"9,95",14562.0,United Kingdom
578067,CARD PSYCHEDELIC APPLES,6,22.11.2011 15:43,"0,42",,United Kingdom
539044,ZINC METAL HEART DECORATION,36,15.12.2010 15:47,"1,25",15727.0,United Kingdom
574323,SET/6 PURPLE BUTTERFLY T-LIGHTS,5,03.11.2011 19:50,"2,1",16438.0,United Kingdom
579387,SET 6 SCHOOL MILK BOTTLES IN CRATE,1,29.11.2011 12:06,"3,75",14452.0,United Kingdom
539856,GLASS JAR DAISY FRESH COTTON WOOL,2,22.12.2010 14:41,0,,United Kingdom
537666,SCOTTIE DOG HOT WATER BOTTLE,2,07.12.2010 18:36,"11,02",,United Kingdom
580752,DOORMAT RED RETROSPOT,2,06.12.2011 09:56,"8,25",12478.0,Greece
575917,SET 36 COLOUR PENCILS SPACEBOY,16,11.11.2011 16:57,"1,25",13895.0,United Kingdom
537421,SET OF 6 T-LIGHTS SNOWMEN,2,06.12.2010 15:25,"2,95",17218.0,United Kingdom
541987,72 SWEETHEART FAIRY CAKE CASES,3,24.01.2011 16:05,"0,55",14130.0,United Kingdom
581237,MINI PLAYING CARDS FUN FAIR,2,08.12.2011 10:40,"0,42",15443.0,United Kingdom
546670,60 TEATIME FAIRY CAKE CASES,6,15.03.2011 15:37,"0,55",13451.0,United Kingdom
555524,SWEETHEART CAKESTAND 3 TIER,1,05.06.2011 11:37,"9,95",16923.0,United Kingdom
566740,SET 4 VALENTINE DECOUPAGE HEART BOX,6,14.09.2011 14:34,"2,95",17033.0,United Kingdom
542887,WOODLAND CHARLOTTE BAG,20,01.02.2011 13:10,"0,85",12373.0,Austria
565114,WOOD STAMP SET HAPPY BIRTHDAY,12,01.09.2011 11:15,"0,83",13588.0,United Kingdom
550137,PINK FEATHERS CURTAIN,20,14.04.2011 13:59,"1,25",12477.0,Germany
537053,GREEN GIANT GARDEN THERMOMETER,2,05.12.2010 11:38,"5,95",16168.0,United Kingdom
563549,SET/6 RED SPOTTY PAPER PLATES,4,17.08.2011 12:34,"2,46",,United Kingdom
569866,WOODEN TREE CHRISTMAS SCANDINAVIAN,6,06.10.2011 14:50,"0,29",12757.0,Portugal
564336,HAIRCLIPS FORTIES FABRIC ASSORTED,12,24.08.2011 14:28,"0,65",12748.0,United Kingdom
543116,SET OF 2 WOODEN MARKET CRATES,2,03.02.2011 13:29,"12,75",17672.0,United Kingdom
543802,RETROSPOT HEART HOT WATER BOTTLE,1,13.02.2011 12:03,"4,95",13742.0,United Kingdom
553768,SKULL DESIGN TV DINNER TRAY,1,19.05.2011 10:47,"10,79",,United Kingdom
556826,JUMBO BAG RED RETROSPOT,7,15.06.2011 10:25,"4,13",,United Kingdom
547221,TRADITIONAL MODELLING CLAY,24,21.03.2011 15:06,"1,25",13262.0,United Kingdom
580115,LUNCH BAG  BLACK SKULL.,2,01.12.2011 16:22,"4,13",,United Kingdom
555383,PACK OF 72 RETROSPOT CAKE CASES,6,02.06.2011 15:13,"0,55",12517.0,Germany
564840,RED  EGG  SPOON,2,30.08.2011 12:49,"0,42",,United Kingdom
574009,MIDNIGHT GLAMOUR SCARF KNITTING KIT,3,02.11.2011 11:49,"1,25",15750.0,United Kingdom
554104,MEDIUM CERAMIC TOP STORAGE JAR,12,22.05.2011 14:03,"1,25",12705.0,Germany
546218,DOORMAT UNION FLAG,4,10.03.2011 12:11,"7,95",14667.0,United Kingdom
577312,SMALL WHITE HEART OF WICKER,24,18.11.2011 13:18,"1,65",17049.0,United Kingdom
539434,FOLKART CLIP ON STARS,1,17.12.2010 14:41,"1,66",,United Kingdom
575070,36 PENCILS TUBE SKULLS,5,08.11.2011 12:58,"1,25",17841.0,United Kingdom
563024,PAPER LANTERN 5 POINT STUDDED STAR,2,11.08.2011 13:41,"5,75",14639.0,United Kingdom
577536,POSTE FRANCE CUSHION COVER,1,20.11.2011 14:14,"3,75",15850.0,United Kingdom
570214,WORLD WAR 2 GLIDERS ASSTD DESIGNS,96,09.10.2011 11:50,"0,29",12748.0,United Kingdom
543535,RECIPE BOX RETROSPOT,6,09.02.2011 13:37,"2,95",17537.0,United Kingdom
539309,HOME BUILDING BLOCK WORD,3,16.12.2010 17:49,"5,95",16945.0,United Kingdom
568222,ALPHABET STENCIL CRAFT,12,26.09.2011 10:06,"1,25",16603.0,United Kingdom
564167,RETROSPOT CIGAR BOX MATCHES,24,23.08.2011 13:50,"1,25",17735.0,United Kingdom
558540,RED RETROSPOT WRAP,25,30.06.2011 12:15,"0,42",17706.0,United Kingdom
560454,FELTCRAFT CUSHION OWL,4,19.07.2011 10:06,"3,75",12947.0,United Kingdom
552441,SET OF 6 SPICE TINS PANTRY DESIGN,4,09.05.2011 12:58,"3,95",16359.0,United Kingdom
559107,FOUR HOOK  WHITE LOVEBIRDS,1,06.07.2011 11:22,"2,1",15334.0,United Kingdom
564742,DECORATIVE WICKER HEART LARGE,1,28.08.2011 15:01,"1,65",17346.0,United Kingdom
545991,EASTER TREE YELLOW BIRDS,2,08.03.2011 13:12,"5,95",15311.0,United Kingdom
558774,CANDY SPOT HEART DECORATION,1,04.07.2011 10:17,"0,83",,United Kingdom
545333,FOLKART HEART NAPKIN RINGS,3,01.03.2011 16:22,"3,29",,United Kingdom
571441,PHOTO CUBE,2,17.10.2011 13:31,"3,29",14096.0,United Kingdom
540568,BLUE TV TRAY TABLE,2,10.01.2011 11:22,"4,25",15039.0,United Kingdom
561898,VINTAGE RED TRIM ENAMEL BOWL,12,31.07.2011 15:25,"1,25",12456.0,Switzerland
539659,ZINC METAL HEART DECORATION,72,21.12.2010 09:47,"1,25",15034.0,United Kingdom
540520,BOTANICAL LAVENDER BIRTHDAY CARD,12,09.01.2011 12:31,"0,42",17555.0,United Kingdom
577150,60 CAKE CASES VINTAGE CHRISTMAS,42,18.11.2011 09:48,"2,08",,United Kingdom
578817,MINIATURE ANTIQUE ROSE HOOK IVORY,1,25.11.2011 13:45,"0,83",16764.0,United Kingdom
551174,PARTY CONE CHRISTMAS DECORATION,2,26.04.2011 17:02,"8,29",,United Kingdom
547690,CHILDREN'S APRON DOLLY GIRL,6,24.03.2011 14:56,"2,1",16063.0,United Kingdom
567656,BISCUIT TIN 50'S CHRISTMAS,2,21.09.2011 14:40,"5,79",14096.0,United Kingdom
575947,SWEETHEART 3 TIER CAKE STAND,2,13.11.2011 11:50,"19,96",,United Kingdom
572553,SUNSET COLOUR CHUNKY KNITTED THROW,1,24.10.2011 17:09,"8,29",,United Kingdom
536544,RED RETROSPOT UMBRELLA,2,01.12.2010 14:32,"12,72",,United Kingdom
551517,WHITE HANGING HEART T-LIGHT HOLDER,2,01.05.2011 11:14,"2,95",16931.0,United Kingdom
540839,S/4 PINK FLOWER CANDLES IN BOWL,1,11.01.2011 15:42,"1,65",16791.0,United Kingdom
552234,HEN PARTY CORDON BARRIER TAPE,1,06.05.2011 16:01,"2,46",,United Kingdom
550469,COFFEE MUG DOG + BALL DESIGN,6,18.04.2011 13:46,"2,55",16399.0,United Kingdom
573585,TRAVEL CARD WALLET RETROSPOT,7,31.10.2011 14:41,"0,83",,United Kingdom
578400,FRENCH ENAMEL WATER BASIN,1,24.11.2011 11:52,"3,75",12748.0,United Kingdom
549543,LOVE HEART TRINKET POT,2,10.04.2011 11:14,"0,39",18118.0,United Kingdom
544165,WOODEN FRAME ANTIQUE WHITE,6,16.02.2011 13:11,"2,95",14210.0,United Kingdom
559338,WOOD STAMP SET BEST WISHES,3,07.07.2011 16:30,"0,83",,United Kingdom
578678,TRAVEL CARD WALLET KEEP CALM,1,24.11.2011 19:59,"0,42",17841.0,United Kingdom
575508,RED HEART SHAPE LOVE BUCKET,60,10.11.2011 10:32,"2,55",14646.0,Netherlands
571429,RIBBON REEL STRIPES DESIGN,5,17.10.2011 12:50,"1,65",15335.0,United Kingdom
565610,REVOLVER WOODEN RULER,12,05.09.2011 14:56,"1,95",14849.0,United Kingdom
550322,SCANDINAVIAN PAISLEY PICNIC BAG,1,17.04.2011 12:53,"2,95",14524.0,United Kingdom
559051,6PC WOOD PLATE SET DISPOSABLE,1,05.07.2011 16:47,"2,46",,United Kingdom
557480,STRAWBERRY LUNCH BOX WITH CUTLERY,1,20.06.2011 14:10,"4,96",,United Kingdom
560368,DOORMAT HEARTS,2,18.07.2011 12:25,"7,95",17841.0,United Kingdom
539437,BOX OF VINTAGE ALPHABET BLOCKS,1,17.12.2010 14:54,"21,23",,United Kingdom
542662,PACK OF 12 PINK POLKADOT TISSUES,24,31.01.2011 12:10,"0,29",18145.0,United Kingdom
576303,BOX OF 6 MINI 50'S CRACKERS,1,14.11.2011 14:51,"2,49",15532.0,United Kingdom
574846,SET OF 3 HANGING OWLS OLLIE BEAK,4,07.11.2011 11:59,"1,25",14702.0,United Kingdom
559106,SINGLE WIRE HOOK IVORY HEART,1,06.07.2011 11:10,"1,45",15889.0,United Kingdom
578995,WALL TIDY RETROSPOT,2,27.11.2011 15:59,"2,1",15861.0,United Kingdom
554113,LUNCH BAG DOILEY PATTERN,10,22.05.2011 14:53,"1,65",16700.0,United Kingdom
580677,LUNCH BAG RED VINTAGE DOILY,1,05.12.2011 14:40,"1,65",16200.0,United Kingdom
538661,ANTIQUE TALL SWIRLGLASS TRINKET POT,4,13.12.2010 15:42,"3,75",15194.0,United Kingdom
548894,JAM JAR WITH PINK LID,1,04.04.2011 16:01,"1,63",,United Kingdom
564476,WHITE HANGING HEART T-LIGHT HOLDER,12,25.08.2011 12:57,"2,95",12610.0,Italy
575063,MINIATURE ANTIQUE ROSE HOOK IVORY,3,08.11.2011 12:32,"0,83",16764.0,United Kingdom
547664,ASSTD MULTICOLOUR CIRCLES MUG,12,24.03.2011 13:16,"0,39",13069.0,United Kingdom
561116,JUMBO BAG APPLES,20,25.07.2011 12:22,"2,08",13520.0,Switzerland
581246,HAND WARMER OWL DESIGN,4,08.12.2011 10:59,"2,1",15453.0,United Kingdom
576246,A PRETTY THANK YOU CARD,12,14.11.2011 13:42,"0,42",17566.0,United Kingdom
580514,HAND WARMER BIRD DESIGN,6,04.12.2011 14:01,"2,1",16905.0,United Kingdom
568152,ALARM CLOCK BAKELIKE RED,1,25.09.2011 11:40,"3,75",16480.0,United Kingdom
581497,WHITE SPOT BLUE CERAMIC DRAWER KNOB,1,09.12.2011 10:23,"3,29",,United Kingdom
576686,JINGLE BELL HEART DECORATION,1,16.11.2011 12:08,"1,65",16916.0,United Kingdom
550303,HANGING HEART ZINC T-LIGHT HOLDER,12,17.04.2011 10:21,"0,85",18213.0,United Kingdom
544599,ENAMEL BREAD BIN CREAM,1,21.02.2011 18:15,"24,96",,United Kingdom
578926,WOOD STAMP SET BEST WISHES,1,27.11.2011 12:24,"0,83",18156.0,United Kingdom
568314,ALARM CLOCK BAKELIKE PINK,4,26.09.2011 12:58,"3,75",14387.0,United Kingdom
562264,CREAM SWEETHEART MINI CHEST,1,03.08.2011 16:14,"24,96",,United Kingdom
552824,HERB MARKER MINT,7,11.05.2011 13:16,"0,65",14056.0,United Kingdom
548373,CITRONELLA CANDLE GARDEN POT,3,30.03.2011 16:34,"2,46",,United Kingdom
578530,VINTAGE SNAP CARDS,12,24.11.2011 14:37,"0,85",14251.0,United Kingdom
559692,BALLOONS  WRITING SET,1,11.07.2011 15:52,"1,65",,United Kingdom
547860,WHITE JEWELLED HEART DECORATION,6,27.03.2011 12:21,"0,85",17625.0,United Kingdom
565118,DOORMAT NEIGHBOURHOOD WITCH,1,01.09.2011 11:33,"8,25",15039.0,United Kingdom
573116,HEART DECORATION RUSTIC HANGING,30,27.10.2011 15:49,"0,19",14525.0,United Kingdom
574281,HAND WARMER SCOTTY DOG DESIGN,12,03.11.2011 14:47,"2,1",14856.0,United Kingdom
553171,TUMBLER BAROQUE,6,13.05.2011 17:05,"0,39",,United Kingdom
560287,ENAMEL BREAD BIN CREAM,2,18.07.2011 09:49,"12,75",13821.0,United Kingdom
543713,BIRD HOUSE HOT WATER BOTTLE,1,11.02.2011 11:46,"7,46",,United Kingdom
549240,BUNNY DECORATION MAGIC GARDEN,2,07.04.2011 11:37,"0,85",15910.0,United Kingdom
570239,FELTCRAFT HAIRBAND PINK AND BLUE,12,09.10.2011 15:04,"0,85",16518.0,United Kingdom
548516,PINK  HEART SHAPE LOVE BUCKET,1,31.03.2011 16:28,"5,79",,United Kingdom
581474,SET OF 3 REGENCY CAKE TINS,1,08.12.2011 20:01,"4,95",12748.0,United Kingdom
550332,LARGE CAKE STAND HANGING HEARTS,1,17.04.2011 13:53,"3,95",13474.0,United Kingdom
571041,FRENCH BLUE METAL DOOR SIGN 8,1,13.10.2011 13:00,"1,25",14527.0,United Kingdom
539958,SMALL MARSHMALLOWS PINK BOWL,29,23.12.2010 13:26,"0,85",,United Kingdom
567182,JUMBO BAG PEARS,10,18.09.2011 15:21,"2,08",13334.0,United Kingdom
547967,2 PICTURE BOOK EGGS EASTER DUCKS,1,28.03.2011 15:49,"2,46",,United Kingdom
564144,ZINC HEART LATTICE T-LIGHT HOLDER,12,23.08.2011 11:53,"1,25",13939.0,United Kingdom
561036,LUNCH BAG VINTAGE LEAF DESIGN,3,24.07.2011 11:54,"1,65",13137.0,United Kingdom
573695,SET OF 2 TRAYS HOME SWEET HOME,2,31.10.2011 17:13,"9,95",15023.0,United Kingdom
561698,PINK REGENCY TEACUP AND SAUCER,24,29.07.2011 10:21,"2,55",15974.0,United Kingdom
539290,CERAMIC HEART FAIRY CAKE MONEY BANK,4,16.12.2010 16:36,"1,45",16271.0,United Kingdom
555397,SET OF 5 LUCKY CAT MAGNETS,1,02.06.2011 17:26,"4,13",,United Kingdom
577833,SET OF 3 HEART COOKIE CUTTERS,5,22.11.2011 10:20,"1,45",17315.0,United Kingdom
580727,GARDENERS KNEELING PAD KEEP CALM,22,05.12.2011 17:17,"3,29",14096.0,United Kingdom
572281,FELTCRAFT CHRISTMAS FAIRY,4,23.10.2011 11:10,"4,25",17211.0,United Kingdom
540994,SET/6 RED SPOTTY PAPER CUPS,12,13.01.2011 09:29,"0,65",13089.0,United Kingdom
581114,WICKER WREATH LARGE,1,07.12.2011 12:19,"1,95",14527.0,United Kingdom
576867,PARTY BUNTING,4,16.11.2011 16:18,"4,95",13012.0,United Kingdom
581217,PENS ASSORTED FUNKY JEWELED,19,08.12.2011 09:20,"0,42",,United Kingdom
550900,VINTAGE SNAP CARDS,48,21.04.2011 12:11,"0,85",16553.0,United Kingdom
568551,PAINTED METAL HEART WITH HOLLY BELL,24,27.09.2011 14:58,"0,39",14883.0,United Kingdom
579787,WASHROOM METAL SIGN,1,30.11.2011 15:33,"2,46",,United Kingdom
576508,HEART MINI PORTRAIT FRAME,2,15.11.2011 12:02,"1,95",17777.0,United Kingdom
539307,PENS ASSORTED FUNNY FACE,180,16.12.2010 17:43,"0,21",13694.0,United Kingdom
556062,SPOTTY BUNTING,30,08.06.2011 14:06,"4,95",15189.0,United Kingdom
572688,SCANDINAVIAN PAISLEY PICNIC BAG,10,25.10.2011 14:09,"1,65",13028.0,United Kingdom
540995,FOLK FELT HANGING MULTICOL GARLAND,4,13.01.2011 09:30,"2,46",,United Kingdom
575491,HAND WARMER RED LOVE HEART,1,09.11.2011 17:47,"2,1",15531.0,United Kingdom
544599,CHILLI LIGHTS,1,21.02.2011 18:15,"10,79",,United Kingdom
538107,PAPER CHAIN KIT VINTAGE CHRISTMAS,6,09.12.2010 15:21,"2,95",12826.0,United Kingdom
562607,ASSORTED COLOUR BIRD ORNAMENT,8,08.08.2011 11:45,"1,69",12885.0,United Kingdom
553102,"RECORD FRAME 7"" SINGLE SIZE",48,13.05.2011 11:58,"2,1",12980.0,United Kingdom
547385,PACK OF 6 BIRDY GIFT TAGS,1,22.03.2011 15:48,"2,46",,United Kingdom
555012,CLEAR DRAWER KNOB ACRYLIC EDWARDIAN,12,31.05.2011 10:43,"1,25",16814.0,United Kingdom
570795,TREASURE TIN GYMKHANA DESIGN,12,12.10.2011 12:16,"2,08",17193.0,United Kingdom
581492,60 CAKE CASES DOLLY GIRL DESIGN,2,09.12.2011 10:03,"1,25",,United Kingdom
580306,MONSTERS STENCIL CRAFT,12,02.12.2011 14:29,"1,25",14250.0,United Kingdom
576655,CHRISTMAS CRAFT TREE TOP ANGEL,6,16.11.2011 10:55,"2,1",15687.0,United Kingdom
578844,CHRISTMAS GINGHAM STAR,3,25.11.2011 16:14,"1,63",,United Kingdom
569563,SET OF 12 FAIRY CAKE BAKING CASES,16,05.10.2011 09:46,"0,83",12481.0,Germany
567456,LUNCH BAG PINK POLKADOT,50,20.09.2011 12:16,"1,45",16029.0,United Kingdom
574624,PANTRY MAGNETIC  SHOPPING LIST,4,06.11.2011 11:20,"1,45",17769.0,United Kingdom
551995,LOVE GARLAND PAINTED ZINC,3,05.05.2011 15:42,"3,29",,United Kingdom
579258,PINK FLORAL FELTCRAFT SHOULDER BAG,4,29.11.2011 08:21,"3,75",15148.0,United Kingdom
543040,TRADITIONAL WOODEN SKIPPING ROPE,2,02.02.2011 17:06,"1,25",17337.0,United Kingdom
540352,ASSORTED COLOURS SILK FAN,1,06.01.2011 14:27,"1,28",,United Kingdom
578790,SET OF 20 VINTAGE CHRISTMAS NAPKINS,2,25.11.2011 12:20,"0,85",14966.0,United Kingdom
553008,GREEN WIRE STANDING CANDLE HOLDER,1,12.05.2011 16:52,"3,75",17315.0,United Kingdom
575895,ROTATING SILVER ANGELS T-LIGHT HLDR,2,11.11.2011 14:50,"2,55",17052.0,United Kingdom
545544,SPACEBOY TV DINNER TRAY,3,03.03.2011 14:56,"4,95",14057.0,United Kingdom
564857,DOTCOM POSTAGE,1,31.08.2011 09:23,"877,04",,United Kingdom
543180,SET OF 72 PINK HEART PAPER DOILIES,12,04.02.2011 10:38,"1,45",12410.0,Switzerland
574559,RIBBON REEL MAKING SNOWMEN,2,04.11.2011 15:50,"1,65",14056.0,United Kingdom
577157,WOODLAND PARTY BAG + STICKER SET,16,18.11.2011 09:58,"1,65",12451.0,Switzerland
548163,ENAMEL BREAD BIN CREAM,1,29.03.2011 13:43,"24,96",,United Kingdom
554059,RED RETROSPOT SHOPPER BAG,10,20.05.2011 16:25,"1,25",14388.0,United Kingdom
539299,RED RETROSPOT TRADITIONAL TEAPOT,4,16.12.2010 17:30,"7,95",14180.0,United Kingdom
580055,JUMBO BAG ALPHABET,20,01.12.2011 13:12,"1,79",14298.0,United Kingdom
543371,HANGING METAL HEART LANTERN,1,07.02.2011 14:53,"1,65",14048.0,United Kingdom
560732,SET OF 6 SOLDIER SKITTLES,2,20.07.2011 14:55,"3,75",14056.0,United Kingdom
560772,PACK OF 72 RETROSPOT CAKE CASES,9,20.07.2011 16:12,"0,55",,United Kingdom
550470,BEADED CRYSTAL HEART PINK ON STICK,2,18.04.2011 13:49,"0,83",,United Kingdom
545166,BATHROOM METAL SIGN,1,28.02.2011 14:03,"0,55",17027.0,United Kingdom
557112,PARTY BUNTING,2,16.06.2011 16:31,"10,79",,United Kingdom
545045,LOVE BUILDING BLOCK WORD,2,27.02.2011 11:40,"5,95",15708.0,United Kingdom
548185,PINK BLUE FELT CRAFT TRINKET BOX,12,29.03.2011 14:58,"1,25",15628.0,United Kingdom
581352,SET 6 SCHOOL MILK BOTTLES IN CRATE,1,08.12.2011 12:26,"3,75",14698.0,United Kingdom
569671,LUNCH BAG CARS BLUE,10,05.10.2011 13:54,"1,65",16020.0,United Kingdom
581173,RIBBON REEL CHRISTMAS PRESENT,1,07.12.2011 15:07,"1,65",17870.0,United Kingdom
575760,SET 36 COLOUR PENCILS LOVE LONDON,2,11.11.2011 10:50,"1,25",15965.0,United Kingdom
576329,ROUND SNACK BOXES SET OF 4 FRUITS,1,14.11.2011 15:22,"5,79",,United Kingdom
554355,PARTY BUNTING,4,24.05.2011 09:20,"4,95",16992.0,United Kingdom
559542,LUNCH BAG SPACEBOY DESIGN,2,10.07.2011 13:32,"1,65",17126.0,United Kingdom
562031,DOORMAT HEARTS,1,01.08.2011 17:37,"7,95",16984.0,United Kingdom
560120,BUTTERFLY CROCHET FOOD COVER,6,15.07.2011 10:27,"3,75",14907.0,United Kingdom
558906,TRAVEL CARD WALLET UNION JACK,10,04.07.2011 16:35,"0,42",15555.0,United Kingdom
555537,WHITE WOOD GARDEN PLANT LADDER,1,05.06.2011 12:37,"9,95",15453.0,United Kingdom
575684,VICTORIAN GLASS HANGING T-LIGHT,30,10.11.2011 15:57,"1,95",14397.0,United Kingdom
576614,GYMKHANA TREASURE BOOK BOX,1,15.11.2011 16:38,"2,25",12933.0,United Kingdom
566726,JUMBO  BAG BAROQUE BLACK WHITE,2,14.09.2011 13:12,"2,08",15021.0,United Kingdom
545011,PARTY BUNTING,1,25.02.2011 13:05,"4,95",13666.0,United Kingdom
576521,CHOCOLATE HOT WATER BOTTLE,24,15.11.2011 12:34,"4,25",18259.0,United Kingdom
556685,GARDENERS KNEELING PAD KEEP CALM,12,14.06.2011 10:00,"1,65",14503.0,United Kingdom
571065,TOADSTOOL MONEY BOX,6,13.10.2011 14:59,"2,95",12613.0,Germany
545748,MINI PAINT SET VINTAGE,864,07.03.2011 11:52,"0,55",17381.0,United Kingdom
560125,BLACK PIRATE TREASURE CHEST,2,15.07.2011 10:44,"1,65",18118.0,United Kingdom
568152,VICTORIAN SEWING BOX MEDIUM,4,25.09.2011 11:40,"7,95",16480.0,United Kingdom
580908,EGG FRYING PAN IVORY,1,06.12.2011 13:20,"2,08",16495.0,United Kingdom
571716,WOODLAND CHARLOTTE BAG,2,18.10.2011 17:05,"1,63",,United Kingdom
578400,VINTAGE CHRISTMAS BUNTING,2,24.11.2011 11:52,"4,95",12748.0,United Kingdom
548166,SET/2 RED RETROSPOT TEA TOWELS,1,29.03.2011 13:45,"6,25",,United Kingdom
580997,KNEELING MAT HOUSEWORK  DESIGN,6,06.12.2011 17:23,"0,79",15023.0,United Kingdom
564559,FELTCRAFT PRINCESS CHARLOTTE DOLL,4,26.08.2011 09:37,"3,75",15811.0,United Kingdom
549964,BLUE PAPER PARASOL,6,13.04.2011 14:12,"2,95",13122.0,United Kingdom
554512,SCANDINAVIAN PAISLEY PICNIC BAG,5,24.05.2011 15:54,"2,46",,United Kingdom
547386,HANGING METAL HEART LANTERN,3,22.03.2011 15:52,"3,29",,United Kingdom
548373,VICTORIAN SEWING BOX MEDIUM,1,30.03.2011 16:34,"15,79",,United Kingdom
547940,HOME BUILDING BLOCK WORD,18,28.03.2011 14:43,"5,45",16814.0,United Kingdom
569374,SET 36 COLOUR PENCILS SPACEBOY,1,03.10.2011 16:14,"2,46",,United Kingdom
576593,PINK HANGING HEART T-LIGHT HOLDER,1,15.11.2011 14:48,"2,95",15720.0,United Kingdom
556108,PASTEL COLOUR HONEYCOMB FAN,5,08.06.2011 17:59,"3,29",,United Kingdom
544903,SET 3 PAPER VINTAGE CHICK PAPER EGG,6,24.02.2011 13:43,"2,95",18065.0,United Kingdom
564353,REVOLVER WOODEN RULER,12,24.08.2011 15:08,"1,95",15764.0,United Kingdom
571713,BUBBLEGUM RING ASSORTED,1,18.10.2011 16:58,"0,83",,United Kingdom
539653,BOX OF 24 COCKTAIL PARASOLS,10,20.12.2010 16:50,"0,42",13564.0,United Kingdom
579472,SET 6 SCHOOL MILK BOTTLES IN CRATE,2,29.11.2011 15:09,"3,75",13521.0,United Kingdom
571508,MIRROR MOSAIC VOTIVE HOLDER,20,17.10.2011 15:27,"2,1",,United Kingdom
575176,CARD CHRISTMAS VILLAGE,8,08.11.2011 18:29,"0,42",,United Kingdom
547098,FIVE HEART HANGING DECORATION,6,21.03.2011 10:13,"2,95",16384.0,United Kingdom
573585,SMALL GLASS HEART TRINKET POT,16,31.10.2011 14:41,"4,13",,United Kingdom
579091,COSMETIC BAG VINTAGE ROSE PAISLEY,6,28.11.2011 10:49,"2,1",14893.0,United Kingdom
578067,PLASTERS IN TIN WOODLAND ANIMALS,2,22.11.2011 15:43,"3,29",,United Kingdom
539483,SET 7 BABUSHKA NESTING BOXES,2,19.12.2010 15:31,"8,5",17218.0,United Kingdom
575027,ZINC  STAR T-LIGHT HOLDER,32,08.11.2011 11:29,"1,25",13199.0,United Kingdom
567168,CERAMIC STRAWBERRY DESIGN MUG,2,18.09.2011 12:24,"1,49",14878.0,United Kingdom
580403,TV DINNER TRAY DOLLY GIRL,1,04.12.2011 11:56,"1,95",17858.0,United Kingdom
541588,NATURAL SLATE HEART CHALKBOARD,6,19.01.2011 14:43,"2,95",14307.0,United Kingdom
553830,CHILDRENS CUTLERY POLKADOT GREEN,4,19.05.2011 11:32,"4,15",17871.0,United Kingdom
561695,SET OF 72 RETROSPOT PAPER  DOILIES,12,29.07.2011 10:00,"1,45",14005.0,United Kingdom
577793,CHOCOLATE HOT WATER BOTTLE,3,21.11.2011 16:40,"4,95",13468.0,United Kingdom
552702,BLUE EGG  SPOON,4,10.05.2011 16:00,"0,42",,United Kingdom
569671,VINTAGE CHRISTMAS GIFT SACK,4,05.10.2011 13:54,"4,15",16020.0,United Kingdom
561711,GYMKHANA TREASURE BOOK BOX,8,29.07.2011 11:45,"2,25",13414.0,United Kingdom
539442,ROSES REGENCY TEACUP AND SAUCER,6,17.12.2010 15:39,"2,95",16558.0,United Kingdom
574950,IF YOU CAN'T STAND THE HEAT MUG,1,08.11.2011 09:29,"3,29",,United Kingdom
539958,ENGLISH ROSE NOTEBOOK A7 SIZE,1,23.12.2010 13:26,"0,85",,United Kingdom
575875,ROUND CONTAINER SET OF 5 RETROSPOT,1,11.11.2011 13:06,"3,29",,United Kingdom
537666,PACK OF 12 HEARTS DESIGN TISSUES,4,07.12.2010 18:36,"0,85",,United Kingdom
580682,CERAMIC PLATE STRAWBERRY DESIGN,16,05.12.2011 15:02,"0,39",16968.0,United Kingdom
571305,GIN + TONIC DIET METAL SIGN,1,17.10.2011 09:55,"4,96",,United Kingdom
545333,CRYSTAL DIAMANTE STAR BROOCH,1,01.03.2011 16:22,"4,98",,United Kingdom
555740,PENS ASSORTED SPACEBALL,36,07.06.2011 09:51,"0,19",18226.0,United Kingdom
552469,CACTI T-LIGHT CANDLES,16,09.05.2011 15:34,"0,42",12867.0,United Kingdom
570498,REINDEER HEART DECORATION SILVER,12,11.10.2011 09:10,"0,83",16136.0,United Kingdom
576255,PARTY CHARMS 50 PIECES,3,14.11.2011 14:09,"0,83",15993.0,United Kingdom
543555,3 TIER CAKE TIN GREEN AND CREAM,2,10.02.2011 10:18,"14,95",17686.0,United Kingdom
549569,BOTANICAL LILY GIFT WRAP,25,10.04.2011 15:15,"0,42",15547.0,United Kingdom
538626,ANGEL DECORATION PAINTED ZINC,32,13.12.2010 12:57,"0,65",17338.0,United Kingdom
541592,SET OF 4 POLKADOT PLACEMATS,2,19.01.2011 15:08,"3,29",,United Kingdom
555260,POTTING SHED TEA MUG,3,01.06.2011 15:34,"1,25",13263.0,United Kingdom
576971,LIPSTICK PEN FUSCHIA,12,17.11.2011 11:51,"0,42",14032.0,United Kingdom
565844,JUMBO BAG VINTAGE DOILY,10,07.09.2011 12:19,"2,08",17442.0,United Kingdom
565431,BLUE POLKADOT WASHING UP GLOVES,4,04.09.2011 13:15,"2,1",14965.0,United Kingdom
568895,LUNCH BAG  BLACK SKULL.,3,29.09.2011 13:11,"1,65",15356.0,United Kingdom
562807,PACK OF 72 RETROSPOT CAKE CASES,120,09.08.2011 14:57,"0,42",16053.0,United Kingdom
566312,CHARLOTTE BAG VINTAGE ALPHABET,10,12.09.2011 09:43,"0,85",16150.0,United Kingdom
568938,MONSTERS STENCIL CRAFT,2,29.09.2011 14:46,"1,25",17220.0,United Kingdom
559134,WOODLAND CHARLOTTE BAG,10,06.07.2011 13:14,"0,85",12700.0,France
557938,ZINC FOLKART SLEIGH BELLS,1,23.06.2011 15:35,"4,13",,United Kingdom
579187,SET OF 3 HANGING OWLS OLLIE BEAK,1,28.11.2011 15:31,"2,46",,United Kingdom
568567,JINGLE BELLS TREE DECORATION,1,27.09.2011 18:41,"1,63",,United Kingdom
553537,FAIRY CAKE DESIGN UMBRELLA,4,17.05.2011 15:25,"3,75",14032.0,United Kingdom
572308,RIBBON REEL STRIPES DESIGN,1,23.10.2011 15:27,"1,65",12748.0,United Kingdom
552304,EDWARDIAN PARASOL RED,1,08.05.2011 15:15,"5,95",12748.0,United Kingdom
539407,FELT FARM ANIMAL WHITE BUNNY,192,17.12.2010 12:56,"0,19",12726.0,France
555691,LUNCH BAG CARS BLUE,10,06.06.2011 14:31,"1,65",12843.0,United Kingdom
559661,DOORMAT UNION FLAG,8,11.07.2011 13:22,"7,95",18061.0,United Kingdom
572194,SET OF 6 HALLOWEEN GHOST T-LIGHTS,14,21.10.2011 11:43,"0,42",17832.0,United Kingdom
563195,JUMBO BAG 50'S CHRISTMAS,1,12.08.2011 16:36,"4,13",,United Kingdom
577403,CARD HOLDER GINGHAM HEART,18,20.11.2011 10:15,"2,89",13988.0,United Kingdom
547485,POPPY'S PLAYHOUSE BATHROOM,1,23.03.2011 11:16,"2,1",17019.0,United Kingdom
554141,ZINC T-LIGHT HOLDER STARS SMALL,12,23.05.2011 10:34,"0,83",14189.0,United Kingdom
560996,CERAMIC STRAWBERRY MONEY BOX,2,22.07.2011 13:53,"2,55",17625.0,United Kingdom
575867,BAG 125g SWIRLY MARBLES,4,11.11.2011 12:44,"0,42",15034.0,United Kingdom
540821,ORIGAMI JASMINE INCENSE/CANDLE SET,2,11.01.2011 13:16,"2,51",,United Kingdom
576376,JUMBO BAG 50'S CHRISTMAS,30,15.11.2011 09:11,"2,08",16341.0,United Kingdom
536534,CHOCOLATE HOT WATER BOTTLE,3,01.12.2010 13:33,"4,95",15350.0,United Kingdom
570672,FELTCRAFT PRINCESS CHARLOTTE DOLL,4,11.10.2011 14:52,"3,75",12536.0,France
578844,PINK POT PLANT CANDLE,1,25.11.2011 16:14,"7,46",,United Kingdom
578344,3 HOOK PHOTO SHELF ANTIQUE WHITE,1,24.11.2011 09:21,"16,63",,United Kingdom
557278,RAINY LADIES BIRTHDAY CARD,12,19.06.2011 12:08,"0,42",13089.0,United Kingdom
549251,CHERRY BLOSSOM DECORATIVE FLASK,1,07.04.2011 12:16,"3,75",14449.0,United Kingdom
563706,FILIGREE HEART BIRD WHITE,24,18.08.2011 14:48,"1,25",14189.0,United Kingdom
557070,SINGLE ANTIQUE ROSE HOOK IVORY,12,16.06.2011 15:28,"1,45",14755.0,United Kingdom
569718,BLUE VINTAGE SPOT BEAKER,8,06.10.2011 09:01,"0,85",15837.0,United Kingdom
550775,CHARLOTTE BAG SUKI DESIGN,10,20.04.2011 13:18,"0,85",15805.0,United Kingdom
580612,GREEN CHRISTMAS TREE CARD HOLDER,5,05.12.2011 11:58,"8,29",,United Kingdom
551982,DOORMAT HEARTS,1,05.05.2011 13:56,"7,95",15023.0,United Kingdom
571912,DRAWER KNOB CRACKLE GLAZE IVORY,12,19.10.2011 15:26,"1,65",17512.0,United Kingdom
564050,Next Day Carriage,1,22.08.2011 13:32,15,17160.0,United Kingdom
545188,MAGIC DRAWING SLATE BUNNIES,1,28.02.2011 15:19,"0,42",14056.0,United Kingdom
575070,SET 2 TEA TOWELS I LOVE LONDON,2,08.11.2011 12:58,"3,25",17841.0,United Kingdom
579002,VICTORIAN SEWING BOX SMALL,2,27.11.2011 16:27,"5,95",14093.0,United Kingdom
579605,PLASTERS IN TIN VINTAGE PAISLEY,7,30.11.2011 12:01,"1,65",15024.0,United Kingdom
563732,FUNKY DIVA PEN,48,18.08.2011 17:50,"0,85",15125.0,United Kingdom
568515,PACK OF 60 DINOSAUR CAKE CASES,24,27.09.2011 12:44,"0,55",14466.0,United Kingdom
548408,RED RETROSPOT MUG,12,31.03.2011 10:26,"2,95",17438.0,United Kingdom
536378,JUMBO BAG CHARLIE AND LOLA TOYS,10,01.12.2010 09:37,"2,95",14688.0,United Kingdom
540122,GINGHAM BABUSHKA DOORSTOP,40,05.01.2011 10:39,"1,25",13694.0,United Kingdom
567183,AREA PATROLLED METAL SIGN,2,18.09.2011 15:32,"2,1",14769.0,United Kingdom
557770,FUSCHIA VOILE POINTY SHOE DEC,24,22.06.2011 14:41,"0,39",14643.0,United Kingdom
541604,PEG BAG APPLES DESIGN,3,19.01.2011 17:23,"2,55",14572.0,United Kingdom
537828,CHRISTMAS CRAFT WHITE FAIRY,12,08.12.2010 14:43,"1,45",15680.0,United Kingdom
574043,PENS ASSORTED FUNNY FACE,36,02.11.2011 13:13,"0,19",16367.0,United Kingdom
547385,VINTAGE HEADS AND TAILS CARD GAME,3,22.03.2011 15:48,"2,46",,United Kingdom
570672,PINK VINTAGE SPOT BEAKER,8,11.10.2011 14:52,"0,85",12536.0,France
574258,REINDEER HEART DECORATION SILVER,1,03.11.2011 13:50,"0,83",16891.0,United Kingdom
559506,ANT COPPER LIME BOUDICCA BRACELET,1,08.07.2011 15:17,"4,98",,United Kingdom
575516,TRADITIONAL NAUGHTS & CROSSES,12,10.11.2011 10:45,"1,65",17340.0,United Kingdom
561643,SINGLE HEART ZINC T-LIGHT HOLDER,12,28.07.2011 15:04,"0,95",15939.0,United Kingdom
551351,STANDING FAIRY POLE SUPPORT,24,28.04.2011 10:20,"0,72",14298.0,United Kingdom
570177,VINTAGE SNAP CARDS,12,07.10.2011 14:17,"0,85",17509.0,United Kingdom
568898,PICTURE DOMINOES,12,29.09.2011 13:17,"1,45",13354.0,United Kingdom
548522,ENGLISH ROSE SPIRIT LEVEL,1,31.03.2011 16:43,"7,46",,United Kingdom
581126,VINTAGE DOILY DELUXE SEWING KIT,3,07.12.2011 12:43,"5,95",18272.0,United Kingdom
561874,JUMBO BAG OWLS,1,31.07.2011 12:02,"2,08",16255.0,United Kingdom
550000,FINE WICKER HEART,12,14.04.2011 09:18,"1,25",17058.0,United Kingdom
540907,JAM MAKING SET PRINTED,12,12.01.2011 11:52,"1,45",13488.0,United Kingdom
556341,DOORMAT HEARTS,2,10.06.2011 11:36,"7,95",16614.0,United Kingdom
543507,DOORMAT WELCOME TO OUR HOME,2,09.02.2011 10:49,"7,95",15039.0,United Kingdom
575177,RED RETROSPOT CHARLOTTE BAG,2,08.11.2011 18:41,"1,63",,United Kingdom
569026,PARTY BUNTING,4,30.09.2011 10:18,"4,95",16101.0,United Kingdom
559174,BLUE PAISLEY TISSUE BOX,36,07.07.2011 10:04,"0,39",18263.0,United Kingdom
536488,VINTAGE UNION JACK BUNTING,1,01.12.2010 12:31,"8,5",17897.0,United Kingdom
546414,RED RETROSPOT TEA CUP AND SAUCER,1,13.03.2011 10:25,"3,75",16768.0,United Kingdom
552715,SET 10 LIGHTS NIGHT OWL,4,11.05.2011 09:35,"6,75",12921.0,United Kingdom
546896,MAGIC GARDEN FELT GARLAND,1,17.03.2011 18:24,"4,13",,United Kingdom
539742,KINGS CHOICE TEA CADDY,1,21.12.2010 15:20,"5,91",,United Kingdom
540821,ENAMEL BREAD BIN CREAM,1,11.01.2011 13:16,"25,49",,United Kingdom
540848,RED FLOCK LOVE HEART PHOTO FRAME,1,12.01.2011 09:26,"0,81",,United Kingdom
564168,LUNCH BAG CARS BLUE,2,23.08.2011 13:51,"1,65",16794.0,United Kingdom
568801,BEWARE OF THE CAT METAL SIGN,12,29.09.2011 10:46,"1,69",14475.0,United Kingdom
571184,CHOCOLATE HOT WATER BOTTLE,6,14.10.2011 11:09,"4,95",15478.0,United Kingdom
577700,WOOD STAMP SET HAPPY BIRTHDAY,1,21.11.2011 12:06,"0,83",14449.0,United Kingdom
564342,MAGNETS PACK OF 4 HOME SWEET HOME,1,24.08.2011 14:53,"0,39",16340.0,United Kingdom
573428,MINI LIGHTS WOODLAND MUSHROOMS,4,31.10.2011 10:19,"3,75",12571.0,France
575607,PAPER CHAIN KIT 50'S CHRISTMAS,14,10.11.2011 12:37,"5,79",14096.0,United Kingdom
571372,SET OF 20 VINTAGE CHRISTMAS NAPKINS,1,17.10.2011 11:55,"0,85",17201.0,United Kingdom
577506,SILVER RECORD COVER FRAME,3,20.11.2011 12:40,"3,75",13212.0,United Kingdom
575739,VINTAGE PAISLEY STATIONERY SET,2,11.11.2011 09:05,"2,46",,United Kingdom
545819,GIN + TONIC DIET METAL SIGN,2,07.03.2011 12:31,"2,55",16356.0,United Kingdom
537802,LARGE CAKE STAND  HANGING STRAWBERY,2,08.12.2010 13:11,"9,95",13455.0,United Kingdom
574509,HAND WARMER SCOTTY DOG DESIGN,2,04.11.2011 13:25,"2,1",16012.0,United Kingdom
578827,CHILDS GARDEN RAKE PINK,1,25.11.2011 14:25,"4,13",,United Kingdom
541684,JAM JAR WITH GREEN LID,6,20.01.2011 15:22,"0,85",15498.0,United Kingdom
551547,PINK  POLKADOT CUP,14,03.05.2011 09:44,"1,63",,United Kingdom
558200,LUNCH BAG PINK POLKADOT,1,27.06.2011 13:00,"1,65",15976.0,United Kingdom
573585,CALENDAR FAMILY FAVOURITES,4,31.10.2011 14:41,"2,46",,United Kingdom
566219,FELTCRAFT DOLL MOLLY,4,09.09.2011 15:51,"2,95",17426.0,United Kingdom
573248,SET 36 COLOUR PENCILS SPACEBOY,6,28.10.2011 12:09,"1,25",14498.0,United Kingdom
554938,STRAWBERRY CHARLOTTE BAG,20,27.05.2011 13:34,"0,85",12876.0,Belgium
578833,LARGE CAKE TOWEL PINK SPOTS,1,25.11.2011 15:23,"13,29",,United Kingdom
536539,CREAM SWEETHEART WALL CABINET,1,01.12.2010 14:03,"18,95",15165.0,United Kingdom
554421,REGENCY TEA STRAINER,8,24.05.2011 12:12,"3,75",18202.0,United Kingdom
571713,PAPERWEIGHT VINTAGE COLLAGE,1,18.10.2011 16:58,"4,96",,United Kingdom
574048,WIRE EGG BASKET,2,02.11.2011 13:37,"7,85",13769.0,United Kingdom
541219,MOUSEY LONG LEGS SOFT TOY,2,14.01.2011 14:06,"2,46",,United Kingdom
555637,SET/20 RED RETROSPOT PAPER NAPKINS,12,06.06.2011 12:47,"0,85",12535.0,France
566451,GARLAND WITH STARS AND BELLS,1,12.09.2011 16:14,"4,95",18069.0,United Kingdom
578067,HAND WARMER RED LOVE HEART,2,22.11.2011 15:43,"4,13",,United Kingdom
539317,KEY CABINET MA CAMPAGNE,1,16.12.2010 19:04,"9,95",17392.0,United Kingdom
573373,STAR DECORATION RUSTIC,1,30.10.2011 13:37,"0,42",14684.0,United Kingdom
575710,REX CASH+CARRY JUMBO SHOPPER,1,10.11.2011 17:29,"0,95",17901.0,United Kingdom
556948,,1,15.06.2011 16:56,0,,United Kingdom
569403,SET OF 10 LED DOLLY LIGHTS,4,04.10.2011 09:02,"6,25",13319.0,United Kingdom
567368,SWEETHEART WIRE FRUIT BOWL,2,20.09.2011 08:23,"8,5",17147.0,United Kingdom
545906,PANTRY WASHING UP BRUSH,12,08.03.2011 09:23,"1,45",15764.0,United Kingdom
552660,BALLOONS  WRITING SET,2,10.05.2011 15:03,"3,29",,United Kingdom
574624,HOT STUFF HOT WATER BOTTLE,3,06.11.2011 11:20,"3,75",17769.0,United Kingdom
544182,SET 3 PAPER VINTAGE CHICK PAPER EGG,6,16.02.2011 15:13,"2,95",18257.0,United Kingdom
560773,PAPER CHAIN KIT 50'S CHRISTMAS,1,20.07.2011 16:17,"5,79",,United Kingdom
575930,CHARLOTTE BAG DOLLY GIRL DESIGN,2,11.11.2011 17:58,"1,63",,United Kingdom
564573,TEA BAG PLATE RED RETROSPOT,2,26.08.2011 11:19,"0,85",14606.0,United Kingdom
574673,SET OF 2 CHRISTMAS DECOUPAGE CANDLE,12,06.11.2011 12:26,"0,79",15555.0,United Kingdom
538349,KINGS CHOICE TEA CADDY,1,10.12.2010 14:59,"5,91",,United Kingdom
553549,JUMBO BAG RED RETROSPOT,1,17.05.2011 16:09,"4,13",,United Kingdom
574076,RECYCLING BAG RETROSPOT,2,02.11.2011 15:38,"4,13",,United Kingdom
568712,BLUE/CREAM STRIPE CUSHION COVER,3,28.09.2011 15:50,"1,25",17841.0,United Kingdom
552285,SET OF 6 3D KIT CARDS FOR KIDS,1,08.05.2011 12:58,"0,85",14684.0,United Kingdom
580115,BOYS PARTY BAG,1,01.12.2011 16:22,"3,29",,United Kingdom
575176,LUNCH BAG RED RETROSPOT,1,08.11.2011 18:29,"4,13",,United Kingdom
560635,STAR WREATH DECORATION WITH BELL,12,20.07.2011 10:51,"1,25",12521.0,Germany
577768,BAG 500g SWIRLY MARBLES,2,21.11.2011 15:18,"3,29",,United Kingdom
538208,WHITE SKULL HOT WATER BOTTLE,2,10.12.2010 11:39,"3,75",14037.0,United Kingdom
581217,HOT WATER BOTTLE KEEP CALM,2,08.12.2011 09:20,"10,79",,United Kingdom
537193,LUNCH BOX I LOVE LONDON,2,05.12.2010 13:49,"1,95",15023.0,United Kingdom
573874,JUMBO BAG PAISLEY PARK,10,01.11.2011 12:45,"2,08",13868.0,United Kingdom
547389,RIBBON REEL LACE DESIGN,5,22.03.2011 16:08,"2,1",16721.0,United Kingdom
555835,ALARM CLOCK BAKELIKE RED,1,07.06.2011 12:34,"3,75",14525.0,United Kingdom
557310,SMALL TALL CAMPHOR WOOD TOADSTOOL,6,19.06.2011 15:33,"1,65",13240.0,United Kingdom
537193,LOVE HEART NAPKIN BOX,4,05.12.2010 13:49,"4,25",15023.0,United Kingdom
577524,VINTAGE JINGLE BELLS HEART,1,20.11.2011 13:33,"8,25",16905.0,United Kingdom
579187,WOODLAND SMALL PINK FELT HEART,2,28.11.2011 15:31,"1,63",,United Kingdom
548867,SET 3 PAPER VINTAGE CHICK PAPER EGG,1,04.04.2011 14:17,"2,95",14719.0,United Kingdom
578818,BASKET OF FLOWERS SEWING KIT,3,25.11.2011 13:47,"0,85",17920.0,United Kingdom
548309,LUNCH BOX I LOVE LONDON,1,30.03.2011 12:02,"1,95",16657.0,United Kingdom
542887,POSTAGE,1,01.02.2011 13:10,40,12373.0,Austria
544887,BAG 125g SWIRLY MARBLES,4,24.02.2011 11:54,"0,42",17364.0,United Kingdom
566315,ROBOT BIRTHDAY CARD,12,12.09.2011 10:01,"0,42",15392.0,United Kingdom
548698,HANGING METAL HEART LANTERN,3,03.04.2011 10:55,"1,65",18109.0,United Kingdom
561863,CHILLI LIGHTS,24,31.07.2011 10:40,"4,95",17695.0,United Kingdom
552280,JAM MAKING SET WITH JARS,1,08.05.2011 12:39,"4,25",13561.0,United Kingdom
556441,GARDENERS KNEELING PAD CUP OF TEA,4,10.06.2011 15:07,"1,65",14415.0,United Kingdom
565767,CHICK GREY HOT WATER BOTTLE,2,06.09.2011 14:28,"8,29",,United Kingdom
581125,LETTER SHAPE PENCIL SHARPENER,25,07.12.2011 12:41,"0,06",14087.0,United Kingdom
559816,SET OF 4 PANTRY JELLY MOULDS,8,12.07.2011 16:11,"1,25",,United Kingdom
538515,CHILDS BREAKFAST SET SPACEBOY,24,12.12.2010 14:43,"8,5",17937.0,United Kingdom
554494,FIRST AID TIN,1,24.05.2011 14:00,"3,25",16327.0,United Kingdom
561651,SET OF 3 NOTEBOOKS IN PARCEL,1,28.07.2011 15:36,"3,29",,United Kingdom
562789,SET OF 4 PANTRY JELLY MOULDS,72,09.08.2011 13:50,"1,06",14646.0,Netherlands
580612,RIBBON REEL CHRISTMAS SOCK BAUBLE,1,05.12.2011 11:58,"4,13",,United Kingdom
572854,IVORY SHELL HEART NECKLACE,9,26.10.2011 12:28,"3,13",14096.0,United Kingdom
568100,CHERUB HEART DECORATION GOLD,12,23.09.2011 15:20,"0,83",15475.0,United Kingdom
551846,ABC TREASURE BOOK BOX,8,04.05.2011 14:11,"2,25",13047.0,United Kingdom
543629,SET OF 3 HEART COOKIE CUTTERS,6,10.02.2011 15:55,"3,29",,United Kingdom
575930,CLASSIC CAFE SUGAR DISPENSER,1,11.11.2011 17:58,"2,46",,United Kingdom
565303,PACK OF 60 MUSHROOM CAKE CASES,2,02.09.2011 12:17,"0,55",,Unspecified
544684,DOORMAT AIRMAIL,1,22.02.2011 16:32,"15,79",,United Kingdom
547005,MOCK LOBSTER FRIDGE MAGNET,12,18.03.2011 14:20,"0,85",12474.0,Germany
547251,COOK WITH WINE METAL SIGN,12,22.03.2011 09:43,"2,08",17865.0,United Kingdom
574707,ALARM CLOCK BAKELIKE CHOCOLATE,2,06.11.2011 14:08,"3,75",17107.0,United Kingdom
539434,TOOTHPASTE TUBE PEN,1,17.12.2010 14:41,"1,28",,United Kingdom
574079,BOX OF 9 PEBBLE CANDLES,3,02.11.2011 16:19,"1,95",17595.0,United Kingdom
561858,JUMBO BAG VINTAGE LEAF,100,29.07.2011 16:39,"1,79",18064.0,United Kingdom
573633,AIRLINE BAG VINTAGE TOKYO 78,1,31.10.2011 15:48,"4,13",,United Kingdom
550638,PURPLE PAPER PARASOL,1,19.04.2011 15:44,"5,79",,United Kingdom
571828,LARGE WHITE HEART OF WICKER,4,19.10.2011 11:52,"2,95",16440.0,United Kingdom
579100,BICYCLE PUNCTURE REPAIR KIT,6,28.11.2011 11:27,"2,08",13004.0,United Kingdom
577396,PAPER CHAIN KIT 50'S CHRISTMAS,40,18.11.2011 17:11,"2,55",17621.0,United Kingdom
572913,SQUARECUSHION COVER PINK UNION JACK,1,26.10.2011 16:21,"6,75",15993.0,United Kingdom
567901,CLASSIC GLASS COOKIE JAR,1,22.09.2011 16:28,"8,29",,United Kingdom
547042,DOG BOWL VINTAGE CREAM,1,20.03.2011 11:00,"8,29",,United Kingdom
578344,JUMBO BAG SPACEBOY DESIGN,3,24.11.2011 09:21,"4,13",,United Kingdom
575176,CHRISTMAS LIGHTS 10 SANTAS,2,08.11.2011 18:29,"16,63",,United Kingdom
574690,GRAND CHOCOLATECANDLE,9,06.11.2011 13:11,"1,45",12638.0,Sweden
569579,GLITTER CHRISTMAS STAR,36,05.10.2011 11:06,"0,39",17666.0,United Kingdom
548150,WOOD 2 DRAWER CABINET WHITE FINISH,1,29.03.2011 12:55,"6,95",17315.0,United Kingdom
571797,SPACEBOY LUNCH BOX,2,19.10.2011 11:41,"2,46",,United Kingdom
570423,SPACEBOY MINI BACKPACK,1,10.10.2011 13:38,"4,15",14451.0,United Kingdom
557877,BLUE HAPPY BIRTHDAY BUNTING,3,23.06.2011 13:13,"5,45",15379.0,United Kingdom
578299,RED TOADSTOOL LED NIGHT LIGHT,12,23.11.2011 14:53,"1,65",16660.0,United Kingdom
578736,RED RETROSPOT MINI CASES,2,25.11.2011 11:33,"7,95",12681.0,France
545897,AREA PATROLLED METAL SIGN,1,07.03.2011 17:22,"4,13",,United Kingdom
578225,FELTCRAFT CUSHION OWL,4,23.11.2011 11:51,"3,75",17700.0,United Kingdom
567670,ANTIQUE GLASS DRESSING TABLE POT,2,21.09.2011 15:32,"2,95",,United Kingdom
557802,RETROSPOT WOODEN HEART DECORATION,12,23.06.2011 10:15,"0,85",15130.0,United Kingdom
569638,12 PENCIL SMALL TUBE WOODLAND,24,05.10.2011 12:15,"0,65",16140.0,United Kingdom
569870,LUNCH BAG PINK POLKADOT,3,06.10.2011 14:59,"1,65",12757.0,Portugal
564079,LUNCH BOX WITH CUTLERY RETROSPOT,6,22.08.2011 15:55,"2,55",12627.0,Germany
575140,GIRLS VINTAGE TIN SEASIDE BUCKET,8,08.11.2011 15:35,"2,55",18198.0,United Kingdom
580983,JUMBO BAG 50'S CHRISTMAS,7,06.12.2011 16:26,"4,13",,United Kingdom
551158,SET OF 6 FUNKY BEAKERS,1,26.04.2011 15:00,"2,95",16823.0,United Kingdom
539920,CINAMMON SET OF 9 T-LIGHTS,6,23.12.2010 11:06,"0,85",14085.0,United Kingdom
570258,PICNIC BASKET WICKER LARGE,1,10.10.2011 09:56,"20,79",,United Kingdom
576688,VINTAGE JINGLE BELLS HEART,2,16.11.2011 12:16,"8,25",16717.0,United Kingdom
579268,SMALL WHITE HEART OF WICKER,12,29.11.2011 09:47,"1,65",14321.0,United Kingdom
537794,JAM JAR WITH GREEN LID,2,08.12.2010 13:01,"0,85",16713.0,United Kingdom
577038,STORAGE TIN VINTAGE DOILY,1,17.11.2011 13:30,"2,89",14796.0,United Kingdom
568670,DOORMAT RED RETROSPOT,2,28.09.2011 13:07,"8,25",14978.0,United Kingdom
566816,WHITE SKULL HOT WATER BOTTLE,12,15.09.2011 10:53,"4,25",12731.0,France
562106,BALLOON WATER BOMB PACK OF 35,1,02.08.2011 15:19,"0,42",14076.0,United Kingdom
553411,LUNCH BAG DOLLY GIRL DESIGN,10,17.05.2011 09:28,"1,65",12714.0,France
578339,VINTAGE CHRISTMAS STOCKING,6,24.11.2011 09:07,"2,55",12421.0,Spain
576339,WHITE METAL LANTERN,1,14.11.2011 15:27,"8,29",14096.0,United Kingdom
550329,ANTIQUE SILVER T-LIGHT GLASS,12,17.04.2011 13:20,"1,25",13951.0,United Kingdom
540680,LARGE CIRCULAR MIRROR MOBILE,2,10.01.2011 16:24,"1,25",15311.0,United Kingdom
574663,WHITE WICKER STAR,3,06.11.2011 12:04,"2,1",13527.0,United Kingdom
552668,DOORMAT UNION FLAG,1,10.05.2011 15:05,"14,13",,United Kingdom
547089,TRAVEL CARD WALLET KEEP CALM,24,20.03.2011 16:10,"0,42",,United Kingdom
578804,LIPSTICK PEN RED,12,25.11.2011 12:57,"0,42",17557.0,United Kingdom
541592,RED HEART SHAPE LOVE BUCKET,1,19.01.2011 15:08,"5,79",,United Kingdom
571682,HOT WATER BOTTLE TEA AND SYMPATHY,1,18.10.2011 14:00,"4,25",14179.0,United Kingdom
568908,SET OF 3 REGENCY CAKE TINS,4,29.09.2011 13:38,"4,95",16653.0,United Kingdom
562807,SET OF 3 REGENCY CAKE TINS,4,09.08.2011 14:57,"4,95",16053.0,United Kingdom
544207,RED RETROSPOT ROUND CAKE TINS,1,17.02.2011 10:34,"20,79",,United Kingdom
557502,SPACEBOY CHILDRENS EGG CUP,1,20.06.2011 15:32,"2,46",,United Kingdom
580967,BOTANICAL GARDENS WALL CLOCK,1,06.12.2011 14:56,25,14216.0,United Kingdom
571046,DINOSAUR KEYRINGS ASSORTED,36,13.10.2011 13:35,"0,21",18096.0,United Kingdom
574298,ROSE COTTAGE KEEPSAKE BOX,1,03.11.2011 15:56,"19,96",,United Kingdom
559549,GUMBALL COAT RACK,2,10.07.2011 15:25,"2,55",13230.0,United Kingdom
550636,SET OF 6 T-LIGHTS TOADSTOOLS,1,19.04.2011 15:37,"5,79",,United Kingdom
542398,LAZER CUT NECKLACE W PASTEL BEADS,2,27.01.2011 15:36,"8,95",13174.0,United Kingdom
580727,PACK OF 12 SPACEBOY TISSUES,4,05.12.2011 17:17,"0,83",14096.0,United Kingdom
581478,RIBBON REEL LACE DESIGN,10,09.12.2011 08:59,"2,1",17364.0,United Kingdom
559909,MEMO BOARD COTTAGE DESIGN,4,13.07.2011 14:28,"4,95",18245.0,United Kingdom
546635,LUNCH BAG DOLLY GIRL DESIGN,1,15.03.2011 12:11,"1,65",16392.0,United Kingdom
538630,CACTI T-LIGHT CANDLES,16,13.12.2010 13:25,"0,42",14565.0,United Kingdom
557476,POPCORN HOLDER,12,20.06.2011 13:41,"0,85",18223.0,United Kingdom
557502,IVORY KNITTED MUG COSY,1,20.06.2011 15:32,"3,29",,United Kingdom
575895,60 CAKE CASES VINTAGE CHRISTMAS,6,11.11.2011 14:50,"0,55",17052.0,United Kingdom
575848,PACK OF 12 SUKI TISSUES,6,11.11.2011 12:10,"0,39",14178.0,United Kingdom
560892,NATURAL SLATE HEART CHALKBOARD,12,21.07.2011 17:08,"2,95",13089.0,United Kingdom
560125,SET OF 2 CERAMIC CHRISTMAS TREES,1,15.07.2011 10:44,"1,45",18118.0,United Kingdom
542065,NOVELTY BISCUITS CAKE STAND 3 TIER,1,25.01.2011 12:03,"9,95",14527.0,United Kingdom
580320,PACK OF 72 RETROSPOT CAKE CASES,24,02.12.2011 15:40,"0,55",15078.0,United Kingdom
561885,WALL MIRROR RECTANGLE DIAMANTE PINK,2,31.07.2011 13:13,"7,95",15532.0,United Kingdom
566018,CHILDRENS CUTLERY POLKADOT PINK,2,08.09.2011 12:42,"4,15",13137.0,United Kingdom
540848,ENVELOPE 50 BLOSSOM IMAGES,2,12.01.2011 09:26,"0,85",,United Kingdom
550464,SET/5 RED RETROSPOT LID GLASS BOWLS,2,18.04.2011 13:30,"2,95",16550.0,United Kingdom
552180,SET 12 KIDS COLOUR  CHALK STICKS,24,06.05.2011 13:35,"0,42",18235.0,United Kingdom
536976,PACK OF 12 SKULL TISSUES,3,03.12.2010 14:18,"0,29",14723.0,United Kingdom
544569,DOORMAT ENGLISH ROSE,2,21.02.2011 12:58,"7,95",16980.0,United Kingdom
578626,ALARM CLOCK BAKELIKE GREEN,8,24.11.2011 15:38,"3,75",12709.0,Germany
578688,RETROSPOT TEA SET CERAMIC 11 PC,1,25.11.2011 09:27,"4,95",16719.0,United Kingdom
569555,EGG FRYING PAN MINT,6,05.10.2011 08:17,"2,08",17728.0,United Kingdom
546846,SMALL LICORICE DES PINK BOWL,8,17.03.2011 12:47,"0,42",13533.0,United Kingdom
545105,LUNCH BOX I LOVE LONDON,24,28.02.2011 11:58,"1,95",12598.0,France
554694,SET OF 4 ENGLISH ROSE COASTERS,1,25.05.2011 17:06,"2,46",,United Kingdom
570293,WOODEN STAR CHRISTMAS SCANDINAVIAN,24,10.10.2011 12:00,"0,29",14128.0,United Kingdom
560710,20 DOLLY PEGS RETROSPOT,1,20.07.2011 12:51,"1,45",14646.0,Netherlands
573866,SILVER STARS TABLE DECORATION,12,01.11.2011 12:06,"0,83",17495.0,United Kingdom
552727,BUFFALO BILL TREASURE BOOK BOX,8,11.05.2011 10:32,"2,08",14920.0,United Kingdom
554628,JUMBO BAG ALPHABET,10,25.05.2011 11:26,"2,08",15039.0,United Kingdom
577052,MAGIC DRAWING SLATE PURDEY,1,17.11.2011 14:08,"0,42",17397.0,United Kingdom
561352,KITCHEN METAL SIGN,12,26.07.2011 14:41,"0,55",18094.0,United Kingdom
564729,WOOD STAMP SET BEST WISHES,3,28.08.2011 12:44,"0,83",13137.0,United Kingdom
557775,S/6 WOODEN SKITTLES IN COTTON BAG,96,22.06.2011 15:06,"3,25",16966.0,United Kingdom
544812,TRAVEL CARD WALLET TRANSPORT,1,23.02.2011 15:58,"0,83",,United Kingdom
574958,FUNKY MONKEY GIFT BAG MEDIUM,24,08.11.2011 10:00,"0,42",14050.0,United Kingdom
564962,POPPY'S PLAYHOUSE BATHROOM,1,31.08.2011 14:35,"2,1",17777.0,United Kingdom
565588,NO JUNK MAIL METAL SIGN,2,05.09.2011 13:50,"0,39",16918.0,United Kingdom
538637,HAPPY STENCIL CRAFT,2,13.12.2010 13:52,"1,25",17611.0,United Kingdom
566249,PINK CREAM FELT CRAFT TRINKET BOX,6,11.09.2011 12:09,"1,25",13527.0,United Kingdom
561040,GARDENERS KNEELING PAD CUP OF TEA,12,24.07.2011 12:05,"1,65",12431.0,Australia
568213,PAPER CHAIN KIT RETROSPOT,6,25.09.2011 16:06,"2,95",15214.0,United Kingdom
547194,PLASTERS IN TIN STRONGMAN,2,21.03.2011 12:42,"1,65",12637.0,France
539038,3 STRIPEY MICE FELTCRAFT,12,15.12.2010 14:45,"1,95",15641.0,United Kingdom
541593,SET OF 2 ROUND TINS CAMEMBERT,2,19.01.2011 15:20,"2,95",17611.0,United Kingdom
555855,LUNCH BAG WOODLAND,100,07.06.2011 13:56,"1,45",15311.0,United Kingdom
573909,SCOTTIE DOG HOT WATER BOTTLE,1,01.11.2011 15:26,"4,95",17813.0,United Kingdom
566599,CARD DOG AND BALL,12,13.09.2011 15:37,"0,42",15998.0,United Kingdom
544323,MINI CAKE STAND T-LIGHT HOLDER,3,17.02.2011 15:51,"0,83",,United Kingdom
578149,SET 12 RETRO WHITE CHALK STICKS,1,23.11.2011 11:11,"0,79",,United Kingdom
571548,CHRISTMAS PUDDING TRINKET POT,48,18.10.2011 07:56,"0,39",15505.0,United Kingdom
543985,MINI WOODEN HAPPY BIRTHDAY GARLAND,1,15.02.2011 09:44,"3,29",,United Kingdom
540551,FOUR HOOK  WHITE LOVEBIRDS,2,10.01.2011 09:43,"4,21",,United Kingdom
571714,PAINTED METAL STAR WITH HOLLY BELLS,3,18.10.2011 17:00,"0,83",,United Kingdom
561072,VINTAGE RED ENAMEL TRIM MUG,12,24.07.2011 15:39,"1,25",14019.0,United Kingdom
575176,GINGHAM HEART DECORATION,1,08.11.2011 18:29,"1,63",,United Kingdom
573137,GINGHAM HEART DECORATION,1,27.10.2011 17:15,"1,63",,United Kingdom
577524,RETROSPOT HEART HOT WATER BOTTLE,3,20.11.2011 13:33,"4,95",16905.0,United Kingdom
562540,WOODEN BOX OF DOMINOES,3,05.08.2011 15:38,"1,25",17400.0,United Kingdom
576593,3 RAFFIA RIBBONS 50'S CHRISTMAS,2,15.11.2011 14:48,"0,79",15720.0,United Kingdom
538524,ENVELOPE 50 BLOSSOM IMAGES,2,13.12.2010 09:35,"0,85",,United Kingdom
580490,GIN AND TONIC DIET METAL SIGN,12,04.12.2011 12:48,"2,55",15773.0,United Kingdom
579516,LETTER HOLDER HOME SWEET HOME,3,29.11.2011 17:52,"3,75",17841.0,United Kingdom
564199,LOVE BUILDING BLOCK WORD,1,23.08.2011 17:31,"5,95",13263.0,United Kingdom
565295,PINK FAIRY CAKE CUSHION COVER,4,02.09.2011 12:01,"3,75",12794.0,Portugal
578233,SPACEBOY BIRTHDAY CARD,12,23.11.2011 12:20,"0,42",14049.0,United Kingdom
554703,PARTY BUNTING,8,26.05.2011 10:03,"4,95",15281.0,United Kingdom
544694,DOORMAT NEW ENGLAND,2,23.02.2011 09:30,"7,95",17706.0,United Kingdom
572218,JUMBO BAG ALPHABET,10,21.10.2011 13:13,"2,08",16311.0,United Kingdom
571508,GARLAND WITH HEARTS AND BELLS,3,17.10.2011 15:27,"3,29",,United Kingdom
569234,LARGE IVORY HEART WALL ORGANISER,1,02.10.2011 15:33,"8,25",17841.0,United Kingdom
559693,36 PENCILS TUBE RED RETROSPOT,1,11.07.2011 16:21,"2,46",,United Kingdom
549241,CHILDS GARDEN SPADE PINK,2,07.04.2011 11:40,"2,1",15719.0,United Kingdom
536876,SET 7 BABUSHKA NESTING BOXES,2,03.12.2010 11:36,"16,98",,United Kingdom
580188,HEART MINI PORTRAIT FRAME,6,02.12.2011 12:02,"1,95",16440.0,United Kingdom
573665,CLASSIC CHROME BICYCLE BELL,2,31.10.2011 16:24,"1,45",13982.0,United Kingdom
575922,PAPER CHAIN KIT VINTAGE CHRISTMAS,18,11.11.2011 17:10,"2,95",15681.0,United Kingdom
560271,SET/5 RED RETROSPOT LID GLASS BOWLS,1,17.07.2011 14:51,"2,95",16474.0,United Kingdom
548388,12 PENCIL SMALL TUBE WOODLAND,4,30.03.2011 16:52,"0,65",13268.0,United Kingdom
539740,BATHROOM METAL SIGN,1,21.12.2010 15:20,"1,28",,United Kingdom
571257,SET OF 3 REGENCY CAKE TINS,1,14.10.2011 17:17,"10,79",,United Kingdom
564627,BUBBLEGUM RING ASSORTED,36,26.08.2011 11:47,"0,42",15132.0,United Kingdom
546684,SET/2 RED RETROSPOT TEA TOWELS,24,16.03.2011 09:47,"3,25",16152.0,United Kingdom
578065,URBAN BLACK RIBBONS,3,22.11.2011 15:41,"0,83",,United Kingdom
553390,VINTAGE CREAM CAT FOOD CONTAINER,1,16.05.2011 16:41,"6,35",17841.0,United Kingdom
580669,PINK REGENCY TEACUP AND SAUCER,18,05.12.2011 14:25,"2,95",15159.0,United Kingdom
536592,WOODEN SCHOOL COLOURING SET,1,01.12.2010 17:06,"3,36",,United Kingdom
548164,PAPER BUNTING RETROSPOT,1,29.03.2011 13:44,"6,63",,United Kingdom
545573,HANGING HEART ZINC T-LIGHT HOLDER,12,03.03.2011 16:58,"0,85",15393.0,United Kingdom
552232,LUNCH BAG VINTAGE LEAF DESIGN,1,06.05.2011 15:54,"4,13",,United Kingdom
578293,SOLDIERS EGG CUP,12,23.11.2011 14:36,"1,25",15640.0,United Kingdom
537901,ASSORTED COLOUR MINI CASES,12,09.12.2010 10:48,"6,35",13854.0,United Kingdom
536477,ROCKING HORSE RED CHRISTMAS,96,01.12.2010 12:27,"0,72",16210.0,United Kingdom
567873,LOVE HOT WATER BOTTLE,3,22.09.2011 14:25,"5,95",13055.0,United Kingdom
551398,POSTAGE,3,28.04.2011 13:09,28,12417.0,Spain
561900,FELTCRAFT GIRL NICOLE KIT,4,31.07.2011 15:31,"4,95",16655.0,United Kingdom
537638,HAND WARMER RED RETROSPOT,1,07.12.2010 15:28,"4,21",,United Kingdom
555344,SET OF 4 ENGLISH ROSE PLACEMATS,24,02.06.2011 11:45,"2,95",15311.0,United Kingdom
560256,EASTER DECORATION HANGING BUNNY,3,17.07.2011 13:24,"0,19",14462.0,United Kingdom
539444,SET OF 6 T-LIGHTS SNOWMEN,48,17.12.2010 15:52,"2,55",14146.0,United Kingdom
577300,GROOVY CACTUS INFLATABLE,4,18.11.2011 12:53,"0,39",16924.0,United Kingdom
562031,SILVER HANGING T-LIGHT HOLDER,6,01.08.2011 17:37,"1,65",16984.0,United Kingdom
563580,EDWARDIAN PARASOL RED,1,17.08.2011 15:53,"5,95",16706.0,United Kingdom
558761,CHILDREN'S APRON DOLLY GIRL,1,03.07.2011 12:52,"2,1",15033.0,United Kingdom
573553,HAND WARMER SCOTTY DOG DESIGN,1,31.10.2011 13:48,"4,13",,United Kingdom
555573,HEART OF WICKER SMALL,3,05.06.2011 15:46,"1,65",15349.0,United Kingdom
559145,BUNDLE OF 3 RETRO NOTE BOOKS,48,06.07.2011 14:17,"1,65",17404.0,Sweden
538170,CHRISTMAS LIGHTS 10 VINTAGE BAUBLES,1,09.12.2010 19:32,"4,95",13969.0,United Kingdom
555340,LUNCH BAG SUKI DESIGN,10,02.06.2011 11:33,"1,65",13334.0,United Kingdom
552229,JUMBO BAG PINK POLKADOT,1,06.05.2011 15:40,"4,13",,United Kingdom
553487,PINK BABY BUNTING,50,17.05.2011 12:38,"2,55",13246.0,United Kingdom
557009,NATURAL SLATE HEART CHALKBOARD,6,16.06.2011 11:38,"2,95",14321.0,United Kingdom
538071,HEN HOUSE W CHICK STANDING,1,09.12.2010 14:09,"0,84",,United Kingdom
552672,NO SINGING METAL SIGN,1,10.05.2011 15:06,"4,13",,United Kingdom
566446,ALARM CLOCK BAKELIKE PINK,1,12.09.2011 15:40,"7,46",,United Kingdom
568721,CHRISTMAS MUSICAL ZINC STAR,5,28.09.2011 16:24,"0,83",,United Kingdom
556812,CHARLOTTE BAG SUKI DESIGN,1,14.06.2011 17:25,"1,63",,United Kingdom
575875,WOODLAND CHARLOTTE BAG,3,11.11.2011 13:06,"1,63",,United Kingdom
541972,PAPER CHAIN KIT EMPIRE,6,24.01.2011 13:58,"2,95",12935.0,United Kingdom
579927,ALARM CLOCK BAKELIKE PINK,4,01.12.2011 09:20,"3,75",12572.0,Germany
565446,VINTAGE CHRISTMAS GIFT SACK,4,04.09.2011 15:19,"4,15",16057.0,United Kingdom
566605,RECIPE BOX RETROSPOT,1,13.09.2011 16:27,"2,95",13263.0,United Kingdom
562204,BLACK SWEETHEART BRACELET,1,03.08.2011 12:54,"4,25",16324.0,United Kingdom
552000,HANGING METAL HEART LANTERN,1,05.05.2011 15:56,"3,29",,United Kingdom
546117,PACK OF 12 HEARTS DESIGN TISSUES,12,09.03.2011 13:56,"0,29",16771.0,United Kingdom
581246,POTTERING MUG,2,08.12.2011 10:59,"1,65",15453.0,United Kingdom
575688,BATHROOM METAL SIGN,12,10.11.2011 16:15,"0,55",18230.0,United Kingdom
570410,MAGNETS PACK OF 4 VINTAGE COLLAGE,2,10.10.2011 13:04,"0,39",16776.0,United Kingdom
540410,SET/4 WHITE RETRO STORAGE CUBES,4,07.01.2011 10:04,"34,95",12530.0,Germany
572035,RED TOADSTOOL LED NIGHT LIGHT,288,20.10.2011 12:03,"1,45",14646.0,Netherlands
537868,MINI JIGSAW BAKE A CAKE,24,08.12.2010 16:49,"0,42",12433.0,Norway
570797,FRENCH BLUE METAL DOOR SIGN 2,2,12.10.2011 12:24,"1,25",15311.0,United Kingdom
574713,SET 2 PANTRY DESIGN TEA TOWELS,6,06.11.2011 14:26,"3,25",12628.0,Germany
573585,3 HOOK PHOTO SHELF ANTIQUE WHITE,1,31.10.2011 14:41,"16,63",,United Kingdom
537434,STRAWBERRIES  DESIGN FLANNEL,1,06.12.2010 16:57,"1,66",,United Kingdom
550000,FRENCH BLUE METAL DOOR SIGN 9,10,14.04.2011 09:18,"1,25",17058.0,United Kingdom
577517,ANTIQUE SILVER T-LIGHT GLASS,6,20.11.2011 13:16,"1,25",16710.0,United Kingdom
580883,WOOD BLACK BOARD ANT WHITE FINISH,2,06.12.2011 12:21,"7,95",16979.0,United Kingdom
550912,GINGERBREAD MAN COOKIE CUTTER,12,21.04.2011 13:17,"1,25",13267.0,United Kingdom
563096,CHILDRENS CUTLERY CIRCUS PARADE,4,12.08.2011 09:10,"4,15",15544.0,United Kingdom
537399,KNITTED UNION FLAG HOT WATER BOTTLE,2,06.12.2010 14:31,"3,75",13030.0,United Kingdom
553412,MUSICAL ZINC HEART DECORATION,12,17.05.2011 09:40,"0,85",14344.0,United Kingdom
549125,DECORATION WHITE CHICK MAGIC GARDEN,3,06.04.2011 14:13,"0,85",14964.0,United Kingdom
579508,RED ROCKING HORSE HAND PAINTED,3,29.11.2011 16:33,"2,46",,United Kingdom
575151,DOORSTOP RACING CAR DESIGN,4,08.11.2011 16:12,"3,75",12395.0,Belgium
539958,FELT EGG COSY CHICKEN,2,23.12.2010 13:26,"1,66",,United Kingdom
555577,RED RETROSPOT PURSE,6,05.06.2011 15:53,"2,95",15301.0,United Kingdom
577554,SWEETHEART CREAM STEEL TABLE RECT,1,20.11.2011 15:35,"19,95",15533.0,United Kingdom
570187,DOORMAT KEEP CALM AND COME IN,1,07.10.2011 15:09,"16,63",,United Kingdom
562566,IVORY PAPER CUP CAKE CASES,48,07.08.2011 10:55,"0,55",16954.0,United Kingdom
580636,RETROSPOT CANDLE  SMALL,12,05.12.2011 12:33,"0,39",16746.0,United Kingdom
553522,SCANDINAVIAN PAISLEY PICNIC BAG,2,17.05.2011 14:43,"1,65",15005.0,United Kingdom
572318,3D VINTAGE CHRISTMAS STICKERS,1,23.10.2011 16:19,"1,25",15436.0,United Kingdom
536408,PACK 3 BOXES CHRISTMAS PANNETONE,12,01.12.2010 11:41,"1,95",14307.0,United Kingdom
569383,RED CHARLIE+LOLA PERSONAL DOORSIGN,24,03.10.2011 16:46,"0,39",15159.0,United Kingdom
536742,PLASTERS IN TIN SKULLS,1,02.12.2010 13:14,"1,65",16916.0,United Kingdom
579187,RED ROCKING HORSE HAND PAINTED,1,28.11.2011 15:31,"2,46",,United Kingdom
547253,WHITE HANGING HEART T-LIGHT HOLDER,6,22.03.2011 10:44,"2,95",13869.0,United Kingdom
553545,JUMBO BAG PINK POLKADOT,1,17.05.2011 15:37,"4,13",,United Kingdom
575908,ICE CREAM BUBBLES,20,11.11.2011 15:54,"0,83",13091.0,United Kingdom
561911,DRAWER KNOB CRACKLE GLAZE BLUE,6,01.08.2011 10:26,"1,65",12534.0,Germany
552232,ROSES REGENCY TEACUP AND SAUCER,1,06.05.2011 15:54,"5,79",,United Kingdom
562537,SET OF 6 TEA TIME BAKING CASES,12,05.08.2011 15:02,"1,25",12517.0,Germany
540817,SET 3 WICKER OVAL BASKETS W LIDS,2,11.01.2011 12:56,"19,95",14209.0,United Kingdom
555856,SET/6 TURQUOISE BUTTERFLY T-LIGHTS,4,07.06.2011 14:02,"2,1",17124.0,United Kingdom
580958,IVORY WICKER HEART LARGE,1,06.12.2011 14:30,"1,65",17266.0,United Kingdom
575930,PING! MICROWAVE PLATE,2,11.11.2011 17:58,"3,29",,United Kingdom
536762,PINK DOUGHNUT TRINKET POT,12,02.12.2010 14:40,"1,65",16186.0,United Kingdom
564755,SINGLE HEART ZINC T-LIGHT HOLDER,2,30.08.2011 10:31,"2,08",,United Kingdom
568665,ENAMEL FLOWER JUG CREAM,3,28.09.2011 12:52,"5,95",13018.0,United Kingdom
540404,LUNCH BAG RED RETROSPOT,10,07.01.2011 09:40,"1,65",12947.0,United Kingdom
569374,BLUE DRAWER KNOB ACRYLIC EDWARDIAN,17,03.10.2011 16:14,"1,25",,United Kingdom
548516,RED DINER WALL CLOCK,1,31.03.2011 16:28,"16,63",,United Kingdom
565249,BLUE PAISLEY POCKET BOOK,1,02.09.2011 10:38,"0,85",18027.0,United Kingdom
570640,SPACEBOY CHILDRENS CUP,8,11.10.2011 12:38,"1,25",12474.0,Germany
550144,JUMBO BAG STRAWBERRY,2,14.04.2011 14:14,"2,08",16520.0,United Kingdom
575931,REGENCY TEAPOT ROSES,2,13.11.2011 10:35,"9,95",16560.0,United Kingdom
574074,CALENDAR PAPER CUT DESIGN,3,02.11.2011 15:33,"5,79",,United Kingdom
578149,GLASS APOTHECARY BOTTLE ELIXIR,1,23.11.2011 11:11,"8,29",,United Kingdom
540848,IVORY LOVE BIRD CANDLE,27,12.01.2011 09:26,"0,85",,United Kingdom
573564,VINTAGE UNION JACK CUSHION COVER,4,31.10.2011 13:58,"4,95",16127.0,United Kingdom
542006,ZINC FINISH 15CM PLANTER POTS,10,25.01.2011 11:20,"1,25",15218.0,United Kingdom
568908,GINGHAM HEART DECORATION,12,29.09.2011 13:38,"0,85",16653.0,United Kingdom
569695,ROUND SNACK BOXES SET OF4 WOODLAND,6,05.10.2011 15:35,"2,95",16843.0,United Kingdom
536801,GREY HEART HOT WATER BOTTLE,4,02.12.2010 16:12,"3,75",,United Kingdom
539492,4 IVORY DINNER CANDLES SILVER FLOCK,1,20.12.2010 10:14,"3,36",,United Kingdom
553523,CHARLOTTE BAG SUKI DESIGN,62,17.05.2011 14:46,"2,46",,United Kingdom
559536,POPCORN HOLDER,15,10.07.2011 12:17,"0,85",16283.0,United Kingdom
576252,SMALL FOLDING SCISSOR(POINTED EDGE),24,14.11.2011 13:55,"0,12",14418.0,United Kingdom
544666,PLEASE ONE PERSON METAL SIGN,4,22.02.2011 15:00,"2,1",16907.0,United Kingdom
544672,CHARLOTTE BAG PINK POLKADOT,100,22.02.2011 15:45,"0,72",14646.0,Netherlands
567299,CANDLEHOLDER PINK HANGING HEART,12,19.09.2011 12:29,"2,95",13524.0,United Kingdom
564837,WALL TIDY RETROSPOT,2,30.08.2011 12:40,"4,13",,United Kingdom
537239,SOLDIERS EGG CUP,12,06.12.2010 10:05,"1,25",18219.0,United Kingdom
576704,HOT WATER BOTTLE KEEP CALM,2,16.11.2011 12:29,"4,95",14527.0,United Kingdom
576618,MAGIC GARDEN FELT GARLAND,2,15.11.2011 17:00,"4,13",,United Kingdom
546911,PINK PADDED MOBILE,3,17.03.2011 19:47,"4,25",17725.0,United Kingdom
567183,PACK OF 12 PAISLEY PARK TISSUES,12,18.09.2011 15:32,"0,39",14769.0,United Kingdom
569844,SET OF 3 REGENCY CAKE TINS,4,06.10.2011 13:30,"4,95",12626.0,Germany
564757,SET 6 SCHOOL MILK BOTTLES IN CRATE,1,30.08.2011 10:36,"7,46",,United Kingdom
545996,SET OF 36 DINOSAUR PAPER DOILIES,1,08.03.2011 14:12,"1,45",14367.0,United Kingdom
558475,PINK DIAMANTE PEN IN GIFT BOX,4,29.06.2011 15:58,"2,46",,United Kingdom
578251,POPCORN HOLDER,4,23.11.2011 12:45,"0,85",15993.0,United Kingdom
564358,SOAP DISH BROCANTE,4,24.08.2011 16:00,"2,95",17869.0,United Kingdom
573330,GLASS JAR DAISY FRESH COTTON WOOL,1,30.10.2011 11:22,"2,95",16923.0,United Kingdom
555470,JUMBO BAG RED RETROSPOT,10,03.06.2011 11:33,"2,08",12455.0,Spain
554682,16 PIECE CUTLERY SET PANTRY DESIGN,1,25.05.2011 16:08,"15,95",14085.0,United Kingdom
578936,WOODEN PICTURE FRAME WHITE FINISH,2,27.11.2011 13:00,"2,95",16923.0,United Kingdom
543281,TRADITIONAL WOODEN SKIPPING ROPE,1,06.02.2011 15:34,"1,25",14606.0,United Kingdom
559024,PACK OF 6 SWEETIE GIFT BOXES,6,05.07.2011 13:38,"2,55",16616.0,United Kingdom
573379,HANGING HEART WITH BELL,48,30.10.2011 14:03,"0,39",15680.0,United Kingdom
545338,WOODEN PICTURE FRAME WHITE FINISH,2,01.03.2011 17:32,"2,55",17449.0,United Kingdom
542898,HERB MARKER PARSLEY,2,01.02.2011 14:01,"0,65",16110.0,United Kingdom
560934,FELTCRAFT CUSHION OWL,24,22.07.2011 10:48,"3,39",16722.0,United Kingdom
564660,RED ROCKING HORSE HAND PAINTED,24,26.08.2011 14:45,"1,25",15074.0,United Kingdom
562214,FLORAL FOLK STATIONERY SET,12,03.08.2011 13:39,"1,25",17731.0,United Kingdom
549694,RECYCLED ACAPULCO MAT GREEN,1,11.04.2011 13:45,"8,25",15414.0,United Kingdom
566451,EMPIRE TISSUE BOX,1,12.09.2011 16:14,"0,39",18069.0,United Kingdom
578067,JUMBO BAG PAISLEY PARK,2,22.11.2011 15:43,"4,13",,United Kingdom
563189,EASTER TIN BUNNY BOUQUET,6,12.08.2011 15:22,"1,65",12682.0,France
571705,ROUND SNACK BOXES SET OF4 WOODLAND,12,18.10.2011 15:22,"2,95",12360.0,Austria
558614,CABIN BAG VINTAGE PAISLEY,1,30.06.2011 15:56,"16,63",,United Kingdom
580692,GARLAND WITH HEARTS AND BELLS,1,05.12.2011 15:51,"4,95",13173.0,United Kingdom
549188,HOT BATHS SOAP HOLDER,12,07.04.2011 10:10,"1,69",13731.0,United Kingdom
561600,PARTY PIZZA DISH PINK POLKADOT,3,28.07.2011 11:29,"0,85",15861.0,United Kingdom
569687,HAND WARMER OWL DESIGN,12,05.10.2011 14:53,"2,1",13709.0,United Kingdom
575628,WALL ART STOP FOR TEA,3,10.11.2011 13:31,"5,95",12844.0,United Kingdom
572550,REGENCY TEA STRAINER,1,24.10.2011 17:06,"7,46",,United Kingdom
552652,BREAD BIN DINER STYLE IVORY,1,10.05.2011 14:09,"16,95",14591.0,United Kingdom
561473,LUNCH BAG ALPHABET DESIGN,10,27.07.2011 13:17,"1,65",15078.0,United Kingdom
541421,HAND OPEN SHAPE GOLD,11,17.01.2011 17:44,"4,25",,United Kingdom
551345,ROUND SNACK BOXES SET OF 4 FRUITS,48,28.04.2011 09:03,"2,55",14646.0,Netherlands
577152,SMALL RED BABUSHKA NOTEBOOK,12,18.11.2011 09:53,"0,85",14277.0,France
545701,HEART IVORY TRELLIS SMALL,16,06.03.2011 15:17,"1,25",17107.0,United Kingdom
556114,WOODLAND DESIGN  COTTON TOTE BAG,6,09.06.2011 09:36,"2,25",12569.0,Germany
557621,REGENCY TEA PLATE GREEN,12,21.06.2011 14:00,"1,65",12444.0,Norway
555549,SET/3 RED GINGHAM ROSE STORAGE BOX,3,05.06.2011 13:24,"3,75",13637.0,United Kingdom
549241,PHOTO FRAME CORNICE,2,07.04.2011 11:40,"2,95",15719.0,United Kingdom
552508,TRAVEL CARD WALLET KEEP CALM,2,09.05.2011 16:27,"0,83",,United Kingdom
574511,SMALL WHITE HEART OF WICKER,12,04.11.2011 13:26,"1,65",15597.0,United Kingdom
561209,SEASIDE FLYING DISC,1,25.07.2011 16:57,"0,83",,United Kingdom
560697,DECORATION WOBBLY RABBIT METAL,24,20.07.2011 12:16,"0,39",14401.0,United Kingdom
575318,ROLL WRAP VINTAGE SPOT,12,09.11.2011 13:17,"1,25",14921.0,United Kingdom
578347,LARGE IVORY HEART WALL ORGANISER,1,24.11.2011 09:26,"16,63",,United Kingdom
576618,CREAM SLICE FLANNEL PINK SPOT,2,15.11.2011 17:00,"5,79",,United Kingdom
546438,CLOTHES PEGS RETROSPOT PACK 24,48,14.03.2011 09:59,"1,25",15125.0,United Kingdom
570258,SPACEBOY LUNCH BOX,3,10.10.2011 09:56,"2,46",,United Kingdom
536409,PAINTED METAL HEART WITH HOLLY BELL,3,01.12.2010 11:45,"1,45",17908.0,United Kingdom
581454,VINTAGE HEADS AND TAILS CARD GAME,12,08.12.2011 18:22,"1,25",15156.0,United Kingdom
542241,FANNY'S REST STOPMETAL SIGN,1,26.01.2011 14:51,"2,1",16409.0,United Kingdom
577696,RETROSPOT PARTY BAG + STICKER SET,1,21.11.2011 11:57,"1,65",16406.0,United Kingdom
579280,HOME SWEET HOME BLACKBOARD,6,29.11.2011 10:33,"4,95",13928.0,United Kingdom
581219,CRYSTAL CZECH CROSS PHONE CHARM,1,08.12.2011 09:28,"1,63",,United Kingdom
567096,PRETTY HANGING QUILTED HEARTS,96,16.09.2011 13:13,"0,83",15099.0,United Kingdom
569702,DRAWER KNOB CERAMIC BLACK,6,05.10.2011 16:09,"1,45",14396.0,United Kingdom
572082,15CM CHRISTMAS GLASS BALL 20 LIGHTS,12,20.10.2011 14:18,"6,95",17672.0,United Kingdom
574741,RAIN PONCHO RETROSPOT,1,06.11.2011 16:13,"0,85",15993.0,United Kingdom
561884,CITRONELLA CANDLE GARDEN POT,3,31.07.2011 13:07,"1,25",15453.0,United Kingdom
575491,GARDENERS KNEELING PAD KEEP CALM,2,09.11.2011 17:47,"1,65",15531.0,United Kingdom
576688,ENGLISH ROSE HOT WATER BOTTLE,4,16.11.2011 12:16,"4,25",16717.0,United Kingdom
543737,SET OF 6 SPICE TINS PANTRY DESIGN,12,11.02.2011 12:45,"3,95",12477.0,Germany
570218,STOP FOR TEA WALL ART,3,09.10.2011 12:20,"5,95",16873.0,United Kingdom
550327,RED STRIPE CERAMIC DRAWER KNOB,24,17.04.2011 13:07,"1,25",12878.0,United Kingdom
548497,ASSORTED COLOUR BIRD ORNAMENT,36,31.03.2011 13:43,"1,69",13089.0,United Kingdom
561226,VINTAGE CREAM 3 BASKET CAKE STAND,2,26.07.2011 10:13,"9,95",15618.0,United Kingdom
546922,FANNY'S REST STOPMETAL SIGN,12,18.03.2011 09:59,"2,1",14110.0,United Kingdom
556784,TRADITIONAL WOODEN SKIPPING ROPE,2,14.06.2011 13:15,"1,45",14461.0,United Kingdom
549842,CHOCOLATE HOT WATER BOTTLE,3,12.04.2011 13:55,"4,95",14738.0,United Kingdom
562108,REX CASH+CARRY JUMBO SHOPPER,1,02.08.2011 15:40,"0,95",17809.0,United Kingdom
569369,VINTAGE LEAF MAGNETIC NOTEPAD,12,03.10.2011 15:32,"1,45",15105.0,United Kingdom
559676,WOOD S/3 CABINET ANT WHITE FINISH,12,11.07.2011 14:40,"8,15",17340.0,United Kingdom
543306,HAPPY STENCIL CRAFT,2,07.02.2011 11:56,"1,25",16686.0,United Kingdom
580638,REGENCY CAKESTAND 3 TIER,1,05.12.2011 12:44,"12,75",12381.0,Norway
549915,FRENCH BLUE METAL DOOR SIGN 3,10,13.04.2011 09:32,"1,25",18231.0,United Kingdom
536592,ASSORTED TUTTI FRUTTI SMALL PURSE,3,01.12.2010 17:06,"2,51",,United Kingdom
580115,VINTAGE DOILY TRAVEL SEWING KIT,10,01.12.2011 16:22,"3,29",,United Kingdom
565198,LUNCH BAG VINTAGE DOILY,18,01.09.2011 16:18,"1,65",16729.0,United Kingdom
566860,VINTAGE  2 METER FOLDING RULER,12,15.09.2011 12:40,"1,65",17002.0,United Kingdom
544434,SKULLS PARTY BAG + STICKER SET,3,18.02.2011 16:12,"3,29",,United Kingdom
553385,FOLDING BUTTERFLY MIRROR RED,2,16.05.2011 15:53,"0,83",16710.0,United Kingdom
554950,WHITE SPOT RED CERAMIC DRAWER KNOB,12,27.05.2011 14:48,"1,25",14227.0,United Kingdom
558475,AIRLINE BAG VINTAGE JET SET RED,1,29.06.2011 15:58,"8,29",,United Kingdom
578020,JUMBO STORAGE BAG SUKI,3,22.11.2011 13:20,"2,08",16979.0,United Kingdom
556781,SET OF 4 PANTRY JELLY MOULDS,12,14.06.2011 12:47,"1,25",13384.0,United Kingdom
570479,3D VINTAGE CHRISTMAS STICKERS,3,10.10.2011 16:58,"1,25",17589.0,United Kingdom
542932,PAPER CHAIN KIT EMPIRE,12,02.02.2011 10:54,"2,95",13089.0,United Kingdom
544304,BLUE HARMONICA IN BOX,2,17.02.2011 13:47,"1,25",18125.0,United Kingdom
536544,SET OF 72 RETROSPOT PAPER  DOILIES,1,01.12.2010 14:32,"2,98",,United Kingdom
578065,SWALLOWS GREETING CARD,1,22.11.2011 15:41,"0,83",,United Kingdom
550836,RED RETROSPOT ROUND CAKE TINS,1,21.04.2011 10:55,"9,95",14759.0,United Kingdom
549910,ABC TREASURE BOOK BOX,1,12.04.2011 17:12,"2,25",16697.0,United Kingdom
554380,UNION STRIPE WITH FRINGE  HAMMOCK,6,24.05.2011 11:45,"7,95",16709.0,United Kingdom
561295,GUMBALL COAT RACK,36,26.07.2011 12:28,"2,1",15311.0,United Kingdom
561685,LUNCH BAG APPLE DESIGN,10,28.07.2011 19:46,"1,65",14315.0,United Kingdom
579268,CARD BILLBOARD FONT,12,29.11.2011 09:47,"0,42",14321.0,United Kingdom
538880,DOTCOM POSTAGE,1,14.12.2010 15:52,"113,45",,United Kingdom
575507,BAKING SET SPACEBOY DESIGN,3,10.11.2011 10:32,"4,95",17197.0,United Kingdom
573102,WOODEN ADVENT CALENDAR RED,6,27.10.2011 14:52,"7,95",13266.0,United Kingdom
562101,JUMBO BAG PINK POLKADOT,10,02.08.2011 14:04,"2,08",13850.0,United Kingdom
543006,LOVE BUILDING BLOCK WORD,10,02.02.2011 12:53,"5,95",17975.0,United Kingdom
542881,ANT WHITE WIRE HEART SPIRAL,2,01.02.2011 12:54,"3,95",14587.0,United Kingdom
564187,WOODEN PICTURE FRAME WHITE FINISH,4,23.08.2011 15:24,"2,55",15005.0,United Kingdom
553553,WRAP ALPHABET DESIGN,25,17.05.2011 16:32,"0,42",16156.0,United Kingdom
572903,SCANDINAVIAN REDS RIBBONS,1,26.10.2011 15:17,"1,25",17974.0,United Kingdom
544214,3D VINTAGE CHRISTMAS STICKERS,4,17.02.2011 11:19,"1,63",,United Kingdom
563246,NATURAL SLATE CHALKBOARD LARGE,6,15.08.2011 10:57,"4,95",13089.0,United Kingdom
566482,DOG BOWL VINTAGE CREAM,4,13.09.2011 09:43,"4,25",16609.0,United Kingdom
540977,MIDNIGHT BLUE VINTAGE EARRINGS,1,12.01.2011 15:01,"3,81",,United Kingdom
557312,COLOUR GLASS T-LIGHT HOLDER HANGING,16,19.06.2011 15:47,"0,65",17001.0,United Kingdom
573314,12 PENCILS SMALL TUBE RED RETROSPOT,3,28.10.2011 17:26,"0,65",16987.0,United Kingdom
573035,YOU'RE CONFUSING ME METAL SIGN,12,27.10.2011 13:43,"1,69",12433.0,Norway
562420,CHILDREN'S CIRCUS PARADE MUG,1,04.08.2011 16:38,"3,29",,United Kingdom
537237,RECYCLING BAG RETROSPOT,4,06.12.2010 09:58,"4,21",,United Kingdom
565231,SKULL SHOULDER BAG,2,02.09.2011 09:26,"1,63",,United Kingdom
551158,SET/6 FRUIT SALAD PAPER CUPS,6,26.04.2011 15:00,"0,19",16823.0,United Kingdom
564712,RED RETROSPOT CAKE STAND,1,28.08.2011 10:40,"10,95",15611.0,United Kingdom
549568,SET/20 STRAWBERRY PAPER NAPKINS,12,10.04.2011 15:09,"0,85",15665.0,United Kingdom
555648,DAIRY MAID LARGE MILK JUG,1,06.06.2011 13:46,"4,95",14623.0,United Kingdom
570410,LOVEBIRD HANGING DECORATION WHITE,4,10.10.2011 13:04,"0,85",16776.0,United Kingdom
578373,WOOD STAMP SET HAPPY BIRTHDAY,12,24.11.2011 11:19,"0,83",17451.0,United Kingdom
553220,CHILLI LIGHTS,4,16.05.2011 09:57,"5,75",13319.0,United Kingdom
552551,SAVE THE PLANET MUG,12,10.05.2011 10:45,"1,25",15433.0,United Kingdom
542398,HANGING JAM JAR T-LIGHT HOLDER,12,27.01.2011 15:36,"0,85",13174.0,United Kingdom
537666,CARD BILLBOARD FONT,1,07.12.2010 18:36,"0,85",,United Kingdom
545036,RECIPE BOX BLUE SKETCHBOOK DESIGN,1,25.02.2011 17:25,"2,95",14573.0,United Kingdom
577058,PINK VINTAGE PAISLEY PICNIC BAG,1,17.11.2011 14:29,"1,65",18122.0,United Kingdom
574561,JUMBO SHOPPER VINTAGE RED PAISLEY,3,04.11.2011 15:52,"4,13",,United Kingdom
577506,TOMATO CHARLIE+LOLA COASTER SET,1,20.11.2011 12:40,"1,25",13212.0,United Kingdom
560298,JUMBO BAG WOODLAND ANIMALS,2,18.07.2011 10:26,"4,13",,United Kingdom
580525,RIDGED GLASS T-LIGHT HOLDER,12,04.12.2011 15:16,"0,65",13630.0,United Kingdom
546384,WOOD 2 DRAWER CABINET WHITE FINISH,2,11.03.2011 13:03,"6,95",15311.0,United Kingdom
575127,JINGLE BELL HEART DECORATION,24,08.11.2011 14:26,"1,65",13695.0,United Kingdom
581134,PAINTED PINK RABBIT,6,07.12.2011 13:12,"0,85",16368.0,United Kingdom
571883,SET OF 6 SPICE TINS PANTRY DESIGN,1,19.10.2011 13:58,"3,95",14704.0,United Kingdom
571463,PAINT YOUR OWN CANVAS SET,12,17.10.2011 14:23,"1,65",16463.0,United Kingdom
560731,WOODEN TREE CHRISTMAS SCANDINAVIAN,12,20.07.2011 14:54,"0,85",16149.0,United Kingdom
557233,TREASURE TIN BUFFALO BILL,2,17.06.2011 14:44,"2,08",15356.0,United Kingdom
536615,CHILDRENS APRON SPACEBOY DESIGN,8,02.12.2010 10:09,"1,95",14047.0,United Kingdom
547002,WHITE SPOT RED CERAMIC DRAWER KNOB,12,18.03.2011 14:02,"1,25",12878.0,United Kingdom
571035,Manual,1,13.10.2011 12:50,0,12446.0,RSA
557484,SET OF 4 KNICK KNACK TINS LONDON,2,20.06.2011 14:36,"4,15",14796.0,United Kingdom
574710,SKETCHBOOK MAGNETIC SHOPPING LIST,4,06.11.2011 14:17,"1,45",15427.0,United Kingdom
547252,POTTERING IN THE SHED METAL SIGN,12,22.03.2011 10:13,"2,08",13900.0,United Kingdom
581435,SET/6 TURQUOISE BUTTERFLY T-LIGHTS,1,08.12.2011 16:14,"2,1",,United Kingdom
555397,HELLO SAILOR BLUE SOAP HOLDER,1,02.06.2011 17:26,"3,29",,United Kingdom
574714,SKETCHBOOK MAGNETIC SHOPPING LIST,1,06.11.2011 14:29,"1,45",15427.0,United Kingdom
540477,"SWISS ROLL TOWEL, CHOCOLATE  SPOTS",24,07.01.2011 14:49,"1,25",13233.0,United Kingdom
571065,SET OF 3 REGENCY CAKE TINS,4,13.10.2011 14:59,"4,95",12613.0,Germany
570209,LUNCH BAG SUKI DESIGN,2,09.10.2011 10:29,"1,65",16326.0,United Kingdom
550265,GRAND CHOCOLATECANDLE,18,15.04.2011 12:10,"1,45",17572.0,United Kingdom
557878,MEMO BOARD RETROSPOT  DESIGN,4,23.06.2011 13:13,"4,95",16940.0,United Kingdom
569220,3 DRAWER ANTIQUE WHITE WOOD CABINET,2,02.10.2011 13:26,"8,95",16007.0,United Kingdom
561369,ROMANTIC IMAGES GIFT WRAP SET,1,26.07.2011 16:22,"1,63",,United Kingdom
550822,JUMBO BAG RED RETROSPOT,100,21.04.2011 09:26,"1,79",14001.0,United Kingdom
562120,"FANCY FONT BIRTHDAY CARD,",36,02.08.2011 17:04,"0,42",13756.0,United Kingdom
556237,LUNCH BAG SUKI DESIGN,2,09.06.2011 15:34,"4,13",,United Kingdom
575959,ROCOCO WALL MIRROR WHITE,2,13.11.2011 12:27,"19,95",14547.0,United Kingdom
554098,FAMILY ALBUM WHITE PICTURE FRAME,1,22.05.2011 13:01,"8,5",14769.0,United Kingdom
550775,BLUE POLKADOT BOWL,8,20.04.2011 13:18,"1,25",15805.0,United Kingdom
550964,PINK HEART SHAPE EGG FRYING PAN,72,21.04.2011 16:48,"1,25",15856.0,United Kingdom
571913,BAG 250g SWIRLY MARBLES,12,19.10.2011 15:29,"0,85",18210.0,United Kingdom
536612,WOODEN PICTURE FRAME WHITE FINISH,6,02.12.2010 09:44,"2,1",17850.0,United Kingdom
550334,DOORMAT HOME SWEET HOME BLUE,1,17.04.2011 14:09,"7,95",17320.0,United Kingdom
568472,WOODLAND MINI BACKPACK,4,27.09.2011 11:50,"4,15",12517.0,Germany
544462,ROUND CAKE TIN VINTAGE RED,1,20.02.2011 14:21,"7,95",17050.0,United Kingdom
559163,SMALL CHOCOLATES PINK BOWL,1,06.07.2011 16:33,"0,83",,United Kingdom
551055,GIN & TONIC DIET GREETING CARD,24,26.04.2011 11:51,"0,42",15903.0,United Kingdom
550986,LUNCH BAG RED RETROSPOT,50,21.04.2011 18:06,"3,3",,United Kingdom
552967,HANGING ENGRAVED METAL HEART,8,12.05.2011 13:12,"4,15",16006.0,United Kingdom
575856,PACK OF 12 RED APPLE TISSUES,1,11.11.2011 12:28,"0,39",16386.0,United Kingdom
571304,LUNCH BAG CARS BLUE,10,17.10.2011 09:37,"1,65",12526.0,Germany
570602,WALL ART WORK REST AND PLAY,3,11.10.2011 12:17,"4,95",14141.0,United Kingdom
579741,MAGNETS PACK OF 4 HOME SWEET HOME,1,30.11.2011 14:33,"0,39",16910.0,United Kingdom
572517,LIPSTICK PEN BABY PINK,2,24.10.2011 14:47,"0,42",15068.0,United Kingdom
558614,FIRST CLASS LUGGAGE TAG,2,30.06.2011 15:56,"0,83",,United Kingdom
560601,MAGIC DRAWING SLATE DOLLY GIRL,2,19.07.2011 17:17,"0,42",16764.0,United Kingdom
545644,4 TRADITIONAL SPINNING TOPS,320,04.03.2011 12:37,"1,06",16333.0,United Kingdom
575868,GUMBALL MAGAZINE RACK,2,11.11.2011 12:44,"7,65",12985.0,United Kingdom
560584,BIRDS MOBILE VINTAGE DESIGN,1,19.07.2011 15:38,"5,95",13827.0,United Kingdom
550214,LUNCH BOX I LOVE LONDON,3,15.04.2011 10:43,"2,46",,United Kingdom
565541,CHARLOTTE BAG PINK POLKADOT,2,05.09.2011 12:00,"0,85",14159.0,United Kingdom
575128,HOME SWEET HOME 3 PEG HANGER,8,08.11.2011 14:27,"3,75",16837.0,United Kingdom
536947,"RECORD FRAME 7"" SINGLE SIZE",12,03.12.2010 12:29,"2,55",13013.0,United Kingdom
543660,PHOTO CUBE,2,11.02.2011 10:40,"3,29",,United Kingdom
559020,JINGLE BELL HEART ANTIQUE SILVER,3,05.07.2011 13:15,"2,08",14034.0,United Kingdom
550906,BLUE POLKADOT BEAKER,48,21.04.2011 12:34,"0,39",14298.0,United Kingdom
544694,TEA BAG PLATE RED RETROSPOT,12,23.02.2011 09:30,"0,85",17706.0,United Kingdom
546652,RETROSPOT TEA SET CERAMIC 11 PC,1,15.03.2011 14:18,"10,79",,United Kingdom
571746,WOODEN SCHOOL COLOURING SET,12,19.10.2011 10:56,"1,65",17043.0,United Kingdom
561868,JUMBO BAG PINK VINTAGE PAISLEY,2,31.07.2011 11:26,"2,08",16813.0,United Kingdom
556740,TRAVEL CARD WALLET UNION JACK,12,14.06.2011 12:06,"0,42",17346.0,United Kingdom
577058,PAPER CHAIN KIT 50'S CHRISTMAS,1,17.11.2011 14:29,"2,95",18122.0,United Kingdom
547098,MAKE YOUR OWN MONSOON CARD KIT,6,21.03.2011 10:13,"2,95",16384.0,United Kingdom
569409,LUNCH BAG VINTAGE LEAF DESIGN,10,04.10.2011 09:38,"1,65",14110.0,United Kingdom
580727,WOODEN CROQUET GARDEN SET,1,05.12.2011 17:17,"24,96",14096.0,United Kingdom
566558,JUMBO BAG SCANDINAVIAN BLUE PAISLEY,4,13.09.2011 11:51,"2,08",15311.0,United Kingdom
549306,HANGING HEART ZINC T-LIGHT HOLDER,12,08.04.2011 08:48,"0,85",16837.0,United Kingdom
544571,SET OF 6 SPICE TINS PANTRY DESIGN,4,21.02.2011 13:07,"3,95",15146.0,United Kingdom
568583,JUMBO STORAGE BAG SUKI,3,28.09.2011 10:09,"2,08",15584.0,United Kingdom
574029,PAPER CHAIN KIT 50'S CHRISTMAS,18,02.11.2011 12:34,"2,95",12955.0,United Kingdom
536987,WOODEN STAR CHRISTMAS SCANDINAVIAN,1,03.12.2010 14:54,"0,85",17198.0,United Kingdom
568896,NUMBER TILE VINTAGE FONT 0,2,29.09.2011 13:13,"1,95",16361.0,United Kingdom
539437,METAL SIGN HER DINNER IS SERVED,1,17.12.2010 14:54,"5,91",,United Kingdom
540468,FOLDING UMBRELLA CHOCOLATE POLKADOT,2,07.01.2011 13:55,"3,36",,United Kingdom
559042,KINGS CHOICE BISCUIT TIN,1,05.07.2011 15:34,"8,29",,United Kingdom
580298,6 RIBBONS ELEGANT CHRISTMAS,24,02.12.2011 13:54,"0,39",17086.0,United Kingdom
580468,ORIGAMI ROSE INCENSE/CANDLE SET,1,04.12.2011 12:31,"0,85",12748.0,United Kingdom
566975,JUMBO BAG SPACEBOY DESIGN,10,16.09.2011 09:24,"2,08",13599.0,United Kingdom
562002,SMALL RED RETROSPOT MUG IN BOX,24,01.08.2011 13:48,"3,39",14567.0,United Kingdom
542228,CERAMIC CAKE DESIGN SPOTTED MUG,6,26.01.2011 13:37,"1,49",13113.0,United Kingdom
575410,RED RETROSPOT SHOPPER BAG,10,09.11.2011 15:50,"1,25",17705.0,United Kingdom
559418,SET OF 5 LUCKY CAT MAGNETS,12,08.07.2011 11:36,"2,08",12681.0,France
574670,SPACEBOY MINI BACKPACK,1,06.11.2011 12:20,"4,15",12838.0,United Kingdom
555934,RED RETROSPOT WRAP,100,08.06.2011 08:51,"0,42",15061.0,United Kingdom
550206,RED TOADSTOOL LED NIGHT LIGHT,5,15.04.2011 10:38,"4,13",,United Kingdom
559641,WHITE HEART CONFETTI IN TUBE,2,11.07.2011 12:31,"1,65",13184.0,United Kingdom
561042,JUMBO BAG VINTAGE LEAF,10,24.07.2011 12:18,"2,08",16305.0,United Kingdom
563213,ALARM CLOCK BAKELIKE GREEN,1,14.08.2011 12:55,"3,75",16115.0,United Kingdom
565234,SMALL DOLLY MIX DESIGN ORANGE BOWL,2,02.09.2011 09:38,"0,83",,United Kingdom
564974,WICKER STAR,2,31.08.2011 15:32,"4,13",,United Kingdom
564840,50'S CHRISTMAS GIFT BAG LARGE,2,30.08.2011 12:49,"2,46",,United Kingdom
550331,DECORATION WHITE CHICK MAGIC GARDEN,1,17.04.2011 13:43,"0,85",15555.0,United Kingdom
547401,SCANDINAVIAN 3 HEARTS NAPKIN RING,5,22.03.2011 17:00,"0,19",17576.0,United Kingdom
550804,WOODEN UNION JACK BUNTING,3,20.04.2011 15:32,"5,95",16676.0,United Kingdom
570672,PENCIL CASE LIFE IS BEAUTIFUL,6,11.10.2011 14:52,"2,95",12536.0,France
575049,SET OF 6 RIBBONS VINTAGE CHRISTMAS,6,08.11.2011 12:13,"2,89",12721.0,France
536856,HAND WARMER OWL DESIGN,12,03.12.2010 10:26,"2,1",13370.0,United Kingdom
577303,SPACEBOY MINI BACKPACK,4,18.11.2011 13:02,"4,15",14390.0,United Kingdom
562031,BLACK/BLUE POLKADOT UMBRELLA,2,01.08.2011 17:37,"5,95",16984.0,United Kingdom
539453,CHRISTMAS HANGING HEART WITH BELL,1,17.12.2010 17:08,"2,51",,United Kingdom
578074,ROTATING SILVER ANGELS T-LIGHT HLDR,2,22.11.2011 16:06,"2,55",17590.0,United Kingdom
565841,JAM JAR WITH PINK LID,1,07.09.2011 12:04,"1,63",,United Kingdom
570672,SET 12 RETRO WHITE CHALK STICKS,24,11.10.2011 14:52,"0,42",12536.0,France
542619,IVORY GIANT GARDEN THERMOMETER,4,30.01.2011 15:54,"5,95",13869.0,United Kingdom
541516,SPACE CADET RED,1,18.01.2011 17:34,"0,83",,United Kingdom
576836,SET OF 3 WOODEN HEART DECORATIONS,60,16.11.2011 15:14,"1,25",16191.0,United Kingdom
548373,FANNY'S REST STOPMETAL SIGN,1,30.03.2011 16:34,"4,13",,United Kingdom
550203,FANNY'S REST STOPMETAL SIGN,1,15.04.2011 10:37,"4,13",,United Kingdom
550496,CHARLOTTE BAG PINK POLKADOT,1,18.04.2011 15:05,"1,63",,United Kingdom
570672,WOODEN SCHOOL COLOURING SET,12,11.10.2011 14:52,"1,65",12536.0,France
563662,WOODLAND DESIGN  COTTON TOTE BAG,6,18.08.2011 11:40,"2,25",12729.0,France
574308,CHRISTMAS RETROSPOT TREE WOOD,14,03.11.2011 16:45,"0,85",16409.0,United Kingdom
549881,COWBOYS AND INDIANS BIRTHDAY CARD,12,12.04.2011 15:30,"0,42",14032.0,United Kingdom
560299,LARGE ANTIQUE WHITE PHOTO FRAME,12,18.07.2011 10:28,"6,65",17593.0,United Kingdom
548739,RED RETROSPOT MINI CASES,1,04.04.2011 11:28,"7,95",15493.0,United Kingdom
540992,PORCELAIN BUTTERFLY OIL BURNER,3,12.01.2011 16:57,"2,95",17364.0,United Kingdom
571938,BLUE HARMONICA IN BOX,24,20.10.2011 09:32,"1,25",13669.0,United Kingdom
561910,RED RETROSPOT BUTTER DISH,12,01.08.2011 10:23,"4,25",17053.0,United Kingdom
540953,HEART OF WICKER SMALL,2,12.01.2011 13:16,"1,65",14587.0,United Kingdom
556455,CHILLI LIGHTS,24,10.06.2011 16:46,"4,95",15856.0,United Kingdom
574354,COFFEE MUG PINK PAISLEY DESIGN,18,04.11.2011 10:47,"2,55",17203.0,United Kingdom
559124,RIDGED BONNE JAM JAR T-LIGHT HOLDER,6,06.07.2011 12:31,"1,65",14621.0,United Kingdom
567663,LA PALMIERA TILE COASTER,48,21.09.2011 15:15,"0,29",14951.0,United Kingdom
573585,SET OF 36 PAISLEY FLOWER DOILIES,1,31.10.2011 14:41,"2,92",,United Kingdom
566232,KNEELING MAT HOUSEWORK  DESIGN,12,11.09.2011 10:58,"1,65",15159.0,United Kingdom
580301,TRADITIONAL NAUGHTS & CROSSES,12,02.12.2011 14:11,"1,65",15271.0,United Kingdom
543171,PINK BABY BUNTING,1,04.02.2011 09:11,"5,79",,United Kingdom
569671,6 GIFT TAGS VINTAGE CHRISTMAS,12,05.10.2011 13:54,"0,83",16020.0,United Kingdom
542908,DOORMAT MULTICOLOUR STRIPE,1,01.02.2011 15:24,"7,95",13110.0,United Kingdom
551775,BULL DOG BOTTLE OPENER,4,04.05.2011 11:21,"4,95",12886.0,United Kingdom
551171,VINTAGE BILLBOARD MUG,2,26.04.2011 16:45,"1,25",13263.0,United Kingdom
561330,BLACK/BLUE POLKADOT UMBRELLA,3,26.07.2011 14:03,"5,95",16019.0,United Kingdom
554157,LUNCH BAG RED RETROSPOT,2,23.05.2011 11:33,"1,65",18283.0,United Kingdom
571061,SET/6 PURPLE BUTTERFLY T-LIGHTS,2,13.10.2011 14:33,"4,13",,United Kingdom
551462,WORLD WAR 2 GLIDERS ASSTD DESIGNS,48,28.04.2011 16:11,"0,29",15210.0,United Kingdom
549120,CHILDRENS GARDEN GLOVES PINK,2,06.04.2011 13:28,"1,25",14587.0,United Kingdom
561923,CHILDRENS CUTLERY POLKADOT PINK,8,01.08.2011 12:16,"4,15",14112.0,United Kingdom
538371,TRADITIONAL MODELLING CLAY,5,12.12.2010 11:07,"1,25",15570.0,United Kingdom
574667,TRADITIONAL PICK UP STICKS GAME,6,06.11.2011 12:12,"1,25",15514.0,United Kingdom
538166,20 DOLLY PEGS RETROSPOT,6,09.12.2010 18:09,"1,25",17965.0,United Kingdom
567148,JUMBO BAG SCANDINAVIAN BLUE PAISLEY,10,16.09.2011 15:23,"2,08",18225.0,United Kingdom
567665,BLOSSOM IMAGES GIFT WRAP SET,1,21.09.2011 15:22,"1,63",,United Kingdom
558371,BLUE SPOT CERAMIC DRAWER KNOB,2,28.06.2011 15:44,"3,29",,United Kingdom
547399,SAVE THE PLANET MUG,1,22.03.2011 16:55,"3,29",,United Kingdom
545078,PENCIL CASE LIFE IS BEAUTIFUL,1,28.02.2011 10:15,"5,79",,United Kingdom
552542,SMALL CHOCOLATES PINK BOWL,16,10.05.2011 10:20,"0,42",16841.0,United Kingdom
568791,TRADITIONAL MODELLING CLAY,24,29.09.2011 09:51,"1,25",16650.0,United Kingdom
559807,PACK OF 12 RED RETROSPOT TISSUES,12,12.07.2011 14:48,"0,29",17841.0,United Kingdom
555979,WHITE METAL LANTERN,2,08.06.2011 11:18,"3,75",15039.0,United Kingdom
576212,ZINC METAL HEART DECORATION,12,14.11.2011 12:45,"1,25",18082.0,United Kingdom
538171,HAND OVER THE CHOCOLATE   SIGN,3,09.12.2010 20:01,"2,1",17530.0,United Kingdom
575324,STAR WREATH DECORATION WITH BELL,12,09.11.2011 13:45,"1,25",14240.0,United Kingdom
561534,CAMOUFLAGE LED TORCH,12,28.07.2011 09:45,"1,69",14307.0,United Kingdom
563614,SPACEBOY BEAKER,200,18.08.2011 08:51,"1,08",12415.0,Australia
555855,CHERRY CROCHET FOOD COVER,1,07.06.2011 13:56,"3,75",15311.0,United Kingdom
570872,ROCKING HORSE RED CHRISTMAS,2,12.10.2011 16:40,"1,63",,United Kingdom
550346,RECIPE BOX PANTRY YELLOW DESIGN,6,18.04.2011 09:31,"2,95",16639.0,United Kingdom
560282,COFFEE MUG APPLES DESIGN,6,18.07.2011 08:21,"2,55",14758.0,United Kingdom
545447,RED KITCHEN SCALES,2,02.03.2011 16:34,"8,5",17426.0,United Kingdom
576927,MIRRORED DISCO BALL,2,17.11.2011 11:02,"5,95",12567.0,France
548314,ASSORTED TUTTI FRUTTI MIRROR,12,30.03.2011 12:24,"1,25",16949.0,United Kingdom
566221,JUMBO STORAGE BAG SUKI,2,09.09.2011 16:13,"4,13",,United Kingdom
544480,BAKING MOULD ROSE MILK CHOCOLATE,72,21.02.2011 10:32,"2,75",14646.0,Netherlands
576830,ALARM CLOCK BAKELIKE GREEN,3,16.11.2011 14:54,"3,75",14898.0,United Kingdom
574673,SPACEBOY MINI BACKPACK,2,06.11.2011 12:26,"4,15",15555.0,United Kingdom
581334,HERB MARKER PARSLEY,2,08.12.2011 12:07,"0,65",17841.0,United Kingdom
551884,SMALL DOLLY MIX DESIGN ORANGE BOWL,144,05.05.2011 09:17,"0,42",16109.0,United Kingdom
545215,36 PENCILS TUBE RED RETROSPOT,2,28.02.2011 16:47,"2,46",,United Kingdom
560415,SET OF TEA COFFEE SUGAR TINS PANTRY,4,18.07.2011 14:36,"4,95",15152.0,United Kingdom
579255,RABBIT NIGHT LIGHT,8,28.11.2011 17:09,"2,08",14901.0,United Kingdom
549520,HERB MARKER MINT,12,08.04.2011 15:19,"0,65",13265.0,United Kingdom
537369,HOT WATER BOTTLE I AM SO POORLY,1,06.12.2010 12:41,"4,65",17860.0,United Kingdom
536520,HERB MARKER THYME,1,01.12.2010 12:43,"0,65",14729.0,United Kingdom
579144,WOODLAND SMALL RED FELT HEART,12,28.11.2011 13:11,"0,83",13269.0,United Kingdom
562980,BISCUIT TIN 50'S CHRISTMAS,6,11.08.2011 11:44,"2,89",17686.0,United Kingdom
537889,HAND WARMER BIRD DESIGN,24,09.12.2010 10:04,"2,1",13319.0,United Kingdom
567959,JUMBO BAG STRAWBERRY,50,23.09.2011 09:13,"2,08",12516.0,Germany
550802,TRADITIONAL KNITTING NANCY,12,20.04.2011 15:21,"1,65",17120.0,United Kingdom
559366,SPACEBOY CHILDRENS CUP,8,08.07.2011 09:03,"1,25",13102.0,United Kingdom
580091,4 VANILLA BOTANICAL CANDLES,4,01.12.2011 14:37,"3,75",17293.0,United Kingdom
561382,ALARM CLOCK BAKELIKE ORANGE,1,26.07.2011 17:27,"3,75",16750.0,United Kingdom
566561,DOUGHNUT LIP GLOSS,20,13.09.2011 12:13,"1,25",18145.0,United Kingdom
578068,VINTAGE GLASS T-LIGHT HOLDER,8,22.11.2011 15:45,"0,83",14505.0,United Kingdom
556204,IVORY KITCHEN SCALES,2,09.06.2011 13:16,"8,5",17169.0,United Kingdom
569677,CHRISTMAS TREE HANGING SILVER,12,05.10.2011 14:14,"0,83",15106.0,United Kingdom
559693,SILK PURSE BABUSHKA PINK,2,11.07.2011 16:21,"2,46",,United Kingdom
577029,LOVE HEART TRINKET POT,8,17.11.2011 12:59,"0,39",15563.0,United Kingdom
543359,SWEETHEART WIRE MAGAZINE RACK,1,07.02.2011 14:16,"7,95",16332.0,United Kingdom
538566,JADE DROP EARRINGS W FILIGREE,1,13.12.2010 11:21,"5,09",,United Kingdom
551277,HEART DECORATION WITH PEARLS,3,27.04.2011 13:06,"0,85",13637.0,United Kingdom
550297,"ELEPHANT, BIRTHDAY CARD,",12,15.04.2011 15:58,"0,42",14056.0,United Kingdom
543467,3 HOOK PHOTO SHELF ANTIQUE WHITE,1,08.02.2011 14:35,"16,63",,United Kingdom
568877,JUMBO STORAGE BAG SKULLS,100,29.09.2011 12:31,"1,79",14680.0,United Kingdom
558461,WOODEN PICTURE FRAME WHITE FINISH,2,29.06.2011 15:03,"2,55",13263.0,United Kingdom
545398,TOILET SIGN OCCUPIED OR VACANT,24,02.03.2011 11:43,"0,83",13722.0,United Kingdom
559123,CHARLIE & LOLA WASTEPAPER BIN FLORA,1,06.07.2011 12:26,"1,25",17341.0,United Kingdom
567671,PINK GLASS CANDLEHOLDER,1,21.09.2011 15:34,"5,79",,United Kingdom
569650,VILLAGE SHOW WALL ART,180,05.10.2011 12:44,"5,35",12415.0,Australia
563858,IVORY WICKER HEART LARGE,12,19.08.2011 16:04,"1,65",18170.0,United Kingdom
575475,WOODEN TREE CHRISTMAS SCANDINAVIAN,24,09.11.2011 16:03,"0,29",17702.0,United Kingdom
581218,LARGE CAKE TOWEL CHOCOLATE SPOTS,12,08.12.2011 09:23,"1,95",14191.0,United Kingdom
540500,REGENCY CAKESTAND 3 TIER,16,09.01.2011 10:26,"10,95",15465.0,United Kingdom
560872,COLOUR GLASS. STAR T-LIGHT HOLDER,4,21.07.2011 14:41,"3,25",14745.0,United Kingdom
577554,4 IVORY DINNER CANDLES SILVER FLOCK,1,20.11.2011 15:35,"2,55",15533.0,United Kingdom
569943,72 SWEETHEART FAIRY CAKE CASES,4,06.10.2011 18:08,"0,55",14592.0,United Kingdom
544460,PACK OF 20 SPACEBOY NAPKINS,3,20.02.2011 14:01,"0,85",16931.0,United Kingdom
578344,SET OF 6 SPICE TINS PANTRY DESIGN,12,24.11.2011 09:21,"4,13",,United Kingdom
557782,CARD BILLBOARD FONT,12,22.06.2011 15:41,"0,42",14640.0,United Kingdom
564089,JUMBO STORAGE BAG SUKI,50,23.08.2011 09:53,"2,08",15971.0,United Kingdom
549099,BULL DOG BOTTLE OPENER,1,06.04.2011 11:07,"4,95",16241.0,United Kingdom
576840,PEG BAG APPLES DESIGN,1,16.11.2011 15:23,"4,96",,United Kingdom
571205,WALL ART STOP FOR TEA,3,14.10.2011 12:41,"5,95",15620.0,United Kingdom
558614,JIGSAW TREE WITH BIRDHOUSE,5,30.06.2011 15:56,"1,25",,United Kingdom
567077,PLASTERS IN TIN SPACEBOY,1,16.09.2011 12:34,"1,65",18122.0,United Kingdom
560271,DO NOT TOUCH MY STUFF DOOR HANGER,2,17.07.2011 14:51,"0,39",16474.0,United Kingdom
578824,ROLL WRAP 50'S RED CHRISTMAS,2,25.11.2011 14:02,"1,25",17883.0,United Kingdom
569474,4 TRADITIONAL SPINNING TOPS,1,04.10.2011 12:39,"1,45",14178.0,United Kingdom
538171,ANGEL DECORATION 3 BUTTONS,48,09.12.2010 20:01,"0,42",17530.0,United Kingdom
553556,CHOCOLATE HOT WATER BOTTLE,2,17.05.2011 16:49,"4,95",17530.0,United Kingdom
564346,MIRRORED WALL ART LADIES,1,24.08.2011 14:54,"0,75",15727.0,United Kingdom
579885,HEART MINI PORTRAIT FRAME,4,30.11.2011 17:37,"1,95",15444.0,United Kingdom
547551,SMALL POPCORN HOLDER,1,23.03.2011 15:55,"1,63",,United Kingdom
554054,SET/6 RED SPOTTY PAPER PLATES,6,20.05.2011 15:29,"0,83",,United Kingdom
571117,SCOTTIE DOG HOT WATER BOTTLE,3,13.10.2011 17:51,"4,95",16224.0,United Kingdom
540014,FAIRY SOAP SOAP HOLDER,2,04.01.2011 11:34,"1,69",14606.0,United Kingdom
565455,GLASS APOTHECARY BOTTLE PERFUME,1,04.09.2011 16:09,"3,95",,United Kingdom
579300,IVORY WICKER HEART SMALL,46,29.11.2011 11:30,"0,63",14667.0,United Kingdom
545054,HEN HOUSE DECORATION,2,27.02.2011 12:41,"1,65",14472.0,United Kingdom
554514,JUMBO BAG SCANDINAVIAN BLUE PAISLEY,3,24.05.2011 15:58,"4,13",,United Kingdom
540562,FELT FARM ANIMAL WHITE BUNNY,48,10.01.2011 10:35,"0,19",12524.0,Germany
545688,WOODEN PICTURE FRAME WHITE FINISH,1,06.03.2011 12:42,"2,55",16033.0,United Kingdom
563074,RED TOADSTOOL LED NIGHT LIGHT,150,11.08.2011 15:58,"1,45",12931.0,United Kingdom
580519,RIBBON REEL SOCKS AND MITTENS,1,04.12.2011 14:51,"4,13",,United Kingdom
581439,HEARTS  STICKERS,3,08.12.2011 16:30,"1,63",,United Kingdom
573868,WOODLAND MINI BACKPACK,8,01.11.2011 12:18,"4,15",12491.0,France
562113,GARAGE KEY FOB,1,02.08.2011 16:11,"1,63",,United Kingdom
580262,TRADITIONAL PICK UP STICKS GAME,12,02.12.2011 12:42,"1,25",16759.0,United Kingdom
540468,AIRLINE BAG VINTAGE TOKYO 78,1,07.01.2011 13:55,"4,21",,United Kingdom
554835,APRON MODERN VINTAGE COTTON,12,26.05.2011 16:11,"1,95",15241.0,United Kingdom
551995,JUMBO BAG SPACEBOY DESIGN,5,05.05.2011 15:42,"2,08",,United Kingdom
551718,WOOD S/3 CABINET ANT WHITE FINISH,1,03.05.2011 16:06,"16,63",,United Kingdom
562688,PEARL CRYSTAL PUMPKIN T-LIGHT HLDR,12,08.08.2011 13:53,"1,65",13869.0,United Kingdom
536876,FELTCRAFT CUSHION BUTTERFLY,1,03.12.2010 11:36,"7,62",,United Kingdom
538346,FANNY'S REST STOPMETAL SIGN,12,10.12.2010 14:53,"2,1",17865.0,United Kingdom
559506,SET/6 RED SPOTTY PAPER PLATES,8,08.07.2011 15:17,"0,83",,United Kingdom
541798,PAPER BUNTING COLOURED LACE,3,21.01.2011 14:17,"2,95",15311.0,United Kingdom
561917,GARDENERS KNEELING PAD CUP OF TEA,5,01.08.2011 11:57,"1,65",16904.0,United Kingdom
581219,PLASTERS IN TIN STRONGMAN,1,08.12.2011 09:28,"3,29",,United Kingdom
537823,LARGE RED RETROSPOT WINDMILL,2,08.12.2010 14:25,"4,21",,United Kingdom
575624,SET OF 6 SPICE TINS PANTRY DESIGN,8,10.11.2011 13:18,"3,95",18217.0,United Kingdom
570488,RIBBON REEL CHRISTMAS SOCK BAUBLE,1,10.10.2011 17:12,"3,29",14096.0,United Kingdom
554981,SCANDINAVIAN PAISLEY PICNIC BAG,10,29.05.2011 12:06,"1,65",17613.0,United Kingdom
565141,KITCHEN METAL SIGN,1,01.09.2011 13:40,"0,55",17841.0,United Kingdom
561217,SET OF 60 VINTAGE LEAF CAKE CASES,2,25.07.2011 17:09,"1,25",,United Kingdom
537767,VICTORIAN SEWING BOX LARGE,32,08.12.2010 12:09,"10,95",15100.0,United Kingdom
580652,CHRISTMAS STAR WISH LIST CHALKBOARD,144,05.12.2011 13:33,"0,39",17511.0,United Kingdom
577438,RED HANGING HEART T-LIGHT HOLDER,1,20.11.2011 11:09,"2,95",18118.0,United Kingdom
561607,CREAM SWEETHEART MINI CHEST,6,28.07.2011 12:15,"12,75",17389.0,United Kingdom
561881,FELTCRAFT 6 FLOWER FRIENDS,6,31.07.2011 12:47,"2,1",16477.0,United Kingdom
571289,NATURAL SLATE HEART CHALKBOARD,12,16.10.2011 15:27,"2,95",15113.0,United Kingdom
580956,HERB MARKER ROSEMARY,2,06.12.2011 14:23,"0,65",17841.0,United Kingdom
552872,DOORMAT RED RETROSPOT,10,12.05.2011 09:09,"6,75",16985.0,United Kingdom
547708,WASHROOM METAL SIGN,288,24.03.2011 18:34,"1,7",17450.0,United Kingdom
579510,CHILDRENS CUTLERY DOLLY GIRL,4,29.11.2011 16:44,"4,15",14554.0,United Kingdom
565457,MORE BUTTER METAL SIGN,12,05.09.2011 09:07,"0,79",14565.0,United Kingdom
575070,JUMBO  BAG BAROQUE BLACK WHITE,3,08.11.2011 12:58,"2,08",17841.0,United Kingdom
559256,ASSORTED BOTTLE TOP  MAGNETS,24,07.07.2011 12:10,"0,42",15249.0,United Kingdom
553201,BLUE GIANT GARDEN THERMOMETER,1,15.05.2011 15:31,"5,95",17758.0,United Kingdom
557502,ROSES REGENCY TEACUP AND SAUCER,11,20.06.2011 15:32,"5,79",,United Kingdom
574672,FELTCRAFT PRINCESS LOLA DOLL,1,06.11.2011 12:25,"3,75",13532.0,United Kingdom
558641,MAN FLU METAL SIGN,12,01.07.2011 09:19,"2,1",17865.0,United Kingdom
537462,LUNCH BAG CARS BLUE,6,07.12.2010 10:06,"1,65",17228.0,United Kingdom
576339,HAND TOWEL PINK FLOWER AND DAISY,1,14.11.2011 15:27,"4,13",14096.0,United Kingdom
577748,ANTIQUE SILVER T-LIGHT GLASS,12,21.11.2011 14:24,"1,25",15159.0,United Kingdom
554076,ALUMINIUM STAMPED HEART,8,22.05.2011 11:30,"2,49",16556.0,United Kingdom
577347,GINGHAM HEART DECORATION,12,18.11.2011 15:27,"0,85",13960.0,United Kingdom
553549,SET OF 6 SOLDIER SKITTLES,1,17.05.2011 16:09,"7,46",,United Kingdom
561206,DOORMAT RED RETROSPOT,1,25.07.2011 16:18,"7,95",13110.0,United Kingdom
575969,CHARLIE & LOLA WASTEPAPER BIN BLUE,4,13.11.2011 12:47,"1,25",13571.0,United Kingdom
575739,HAND WARMER SCOTTY DOG DESIGN,2,11.11.2011 09:05,"4,13",,United Kingdom
552004,COLOUR GLASS T-LIGHT HOLDER HANGING,16,05.05.2011 16:31,"0,65",17522.0,United Kingdom
562843,POPCORN HOLDER,3,09.08.2011 17:37,"1,63",,United Kingdom
569693,LONDON BUS COFFEE MUG,6,05.10.2011 15:18,"2,55",17837.0,United Kingdom
575138,SKULL LUNCH BOX WITH CUTLERY,1,08.11.2011 15:24,"4,96",,United Kingdom
573666,COLOURING PENCILS BROWN TUBE,2,31.10.2011 16:24,"1,25",15977.0,United Kingdom
574884,CHOCOLATE HOT WATER BOTTLE,48,07.11.2011 13:57,"4,25",15291.0,United Kingdom
576329,BOX OF 6 MINI 50'S CRACKERS,1,14.11.2011 15:22,"4,96",,United Kingdom
562711,LUNCH BAG SPACEBOY DESIGN,1,08.08.2011 14:53,"1,65",16788.0,United Kingdom
559816,GREEN CAT FLORAL CUSHION COVER,1,12.07.2011 16:11,"4,13",,United Kingdom
578921,GINGERBREAD MAN COOKIE CUTTER,1,27.11.2011 11:57,"1,25",13596.0,United Kingdom
581439,LADIES & GENTLEMEN METAL SIGN,3,08.12.2011 16:30,"4,96",,United Kingdom
567507,FOUR HOOK  WHITE LOVEBIRDS,1,20.09.2011 14:46,"4,13",,United Kingdom
574915,JUMBO STORAGE BAG SUKI,10,07.11.2011 16:17,"2,08",16779.0,United Kingdom
540359,SET OF 72 RETROSPOT PAPER  DOILIES,2,06.01.2011 15:29,"1,45",18041.0,United Kingdom
566258,SCOTTIE DOG HOT WATER BOTTLE,3,11.09.2011 12:45,"4,95",13124.0,United Kingdom
563253,LARGE CIRCULAR MIRROR MOBILE,96,15.08.2011 12:04,"0,85",15218.0,United Kingdom
559521,TRADITIONAL WOODEN SKIPPING ROPE,9,08.07.2011 16:26,"1,45",,Unspecified
541789,PIGGY BANK RETROSPOT,30,21.01.2011 13:07,"2,1",14088.0,United Kingdom
571247,ROLL WRAP 50'S RED CHRISTMAS,12,14.10.2011 16:04,"1,25",15826.0,United Kingdom
546951,SKULLS TAPE,4,18.03.2011 11:30,"0,65",17673.0,United Kingdom
560716,36 PENCILS TUBE RED RETROSPOT,16,20.07.2011 13:26,"1,25",17675.0,United Kingdom
569790,PARISIENNE SEWING BOX,1,06.10.2011 11:42,"12,5",15910.0,United Kingdom
578149,SET 12 COLOURING PENCILS DOILY,3,23.11.2011 11:11,"1,25",,United Kingdom
579885,SET OF 3 HANGING OWLS OLLIE BEAK,12,30.11.2011 17:37,"1,25",15444.0,United Kingdom
559510,REGENCY TEA PLATE GREEN,12,08.07.2011 15:29,"1,65",14961.0,United Kingdom
564483,BAKING SET 9 PIECE RETROSPOT,3,25.08.2011 13:46,"4,95",14050.0,United Kingdom
574096,WICKER STAR,12,03.11.2011 09:55,"2,1",13599.0,United Kingdom
567066,ALARM CLOCK BAKELIKE PINK,4,16.09.2011 12:17,"3,75",13418.0,United Kingdom
556237,"LETTER ""S"" BLING KEY RING",1,09.06.2011 15:34,"0,83",,United Kingdom
538071,12 PENCILS SMALL TUBE SKULL,4,09.12.2010 14:09,"1,28",,United Kingdom
568346,BOHEMIAN COLLAGE STATIONERY SET,2,26.09.2011 15:28,"2,46",14096.0,United Kingdom
543300,RED RETROSPOT BOWL,12,07.02.2011 11:42,"1,25",13334.0,United Kingdom
551686,SET OF 5 PANCAKE DAY MAGNETS,12,03.05.2011 12:53,"2,08",13668.0,United Kingdom
575481,PURPLE PAPER PARASOL,2,09.11.2011 16:28,"2,95",15679.0,United Kingdom
565378,CHARLIE+LOLA RED HOT WATER BOTTLE,2,02.09.2011 15:16,"4,96",,United Kingdom
581376,BICYCLE PUNCTURE REPAIR KIT,1,08.12.2011 12:43,"2,08",14719.0,United Kingdom
568413,GLASS JAR ENGLISH CONFECTIONERY,3,27.09.2011 11:01,"2,95",14818.0,United Kingdom
555245,RABBIT NIGHT LIGHT,3,01.06.2011 14:12,"2,08",14800.0,United Kingdom
564190,WRAP ENGLISH ROSE,25,23.08.2011 16:01,"0,42",16143.0,United Kingdom
553935,SET/6 RED SPOTTY PAPER CUPS,5,20.05.2011 10:32,"0,65",15856.0,United Kingdom
543300,SET OF 3 HEART COOKIE CUTTERS,12,07.02.2011 11:42,"1,25",13334.0,United Kingdom
580667,VINTAGE SNAP CARDS,2,05.12.2011 14:19,"0,85",15031.0,United Kingdom
564837,REGENCY TEA STRAINER,1,30.08.2011 12:40,"7,46",,United Kingdom
558028,PIGGY BANK RETROSPOT,4,24.06.2011 11:39,"2,55",15128.0,United Kingdom
569673,IVY HEART WREATH,2,05.10.2011 13:58,"6,75",17222.0,United Kingdom
557123,12 PENCIL SMALL TUBE WOODLAND,3,16.06.2011 17:56,"0,65",15555.0,United Kingdom
537434,CHARLOTTE BAG SUKI DESIGN,2,06.12.2010 16:57,"1,66",,United Kingdom
550521,CREAM SWEETHEART EGG HOLDER,4,19.04.2011 09:49,"4,95",13647.0,United Kingdom
575895,WOODEN HEART CHRISTMAS SCANDINAVIAN,3,11.11.2011 14:50,"0,29",17052.0,United Kingdom
553159,CHILDRENS CUTLERY CIRCUS PARADE,4,13.05.2011 15:25,"4,15",14194.0,United Kingdom
578322,PAPER CHAIN KIT 50'S CHRISTMAS,6,23.11.2011 17:10,"2,95",12948.0,United Kingdom
541971,FELTCRAFT CUSHION BUTTERFLY,2,24.01.2011 13:48,"7,46",,United Kingdom
548704,HAPPY STENCIL CRAFT,96,03.04.2011 11:45,"1,06",17381.0,United Kingdom
546306,REGENCY CAKESTAND 3 TIER,2,10.03.2011 16:16,"12,75",,United Kingdom
546315,VINTAGE UNION JACK PENNANT,12,11.03.2011 08:31,"1,95",16558.0,United Kingdom
569037,GIN + TONIC DIET METAL SIGN,2,30.09.2011 10:45,"2,55",13263.0,United Kingdom
566233,GUMBALL COAT RACK,6,11.09.2011 11:04,"2,55",12635.0,Germany
546927,GIRLS VINTAGE TIN SEASIDE BUCKET,24,18.03.2011 10:15,"2,55",16672.0,United Kingdom
564324,BAG 125g SWIRLY MARBLES,96,24.08.2011 13:26,"0,36",13694.0,United Kingdom
566163,LUNCH BOX WITH CUTLERY RETROSPOT,6,09.09.2011 11:48,"2,55",12637.0,France
572295,MINI PLAYING CARDS SPACEBOY,5,23.10.2011 13:49,"0,42",16686.0,United Kingdom
544601,RED RETROSPOT MINI CASES,2,22.02.2011 09:00,"7,95",16638.0,United Kingdom
573139,UNION STRIPE CUSHION COVER,4,27.10.2011 17:29,"1,25",14716.0,United Kingdom
579900,CHERUB HEART DECORATION GOLD,12,01.12.2011 08:34,"0,83",15951.0,United Kingdom
579938,HAND WARMER SCOTTY DOG DESIGN,12,01.12.2011 10:18,"2,1",14146.0,United Kingdom
561911,POSTAGE,6,01.08.2011 10:26,18,12534.0,Germany
572563,JUMBO BAG VINTAGE DOILY,10,25.10.2011 09:31,"2,08",12928.0,United Kingdom
570841,ROLL WRAP VINTAGE SPOT,12,12.10.2011 14:18,"1,25",12553.0,France
555704,GINGHAM HEART DECORATION,24,06.06.2011 15:06,"0,85",14944.0,United Kingdom
550627,PINK BLUE FELT CRAFT TRINKET BOX,12,19.04.2011 14:36,"1,25",16633.0,United Kingdom
549983,SET 3 PAPER VINTAGE CHICK PAPER EGG,1,13.04.2011 15:55,"2,95",16348.0,United Kingdom
559693,SET OF 4 POLKADOT PLACEMATS,2,11.07.2011 16:21,"3,29",,United Kingdom
574682,ROCKING HORSE GREEN CHRISTMAS,1,06.11.2011 12:44,"0,85",14963.0,United Kingdom
559529,LARGE YELLOW BABUSHKA NOTEBOOK,5,10.07.2011 12:03,"1,25",14808.0,United Kingdom
547199,VINTAGE BILLBOARD LOVE/HATE MUG,2,21.03.2011 12:53,"1,25",14606.0,United Kingdom
554698,TRAVEL SEWING KIT,20,26.05.2011 08:38,"1,65",16678.0,United Kingdom
565420,DOORMAT 3 SMILEY CATS,1,04.09.2011 12:09,"8,25",16326.0,United Kingdom
571328,3D CHRISTMAS STAMPS STICKERS,18,17.10.2011 11:27,"1,25",12473.0,Germany
540543,SET 20 NAPKINS FAIRY CAKES DESIGN,6,09.01.2011 15:23,"0,85",14395.0,United Kingdom
554512,CONDIMENT TRAY 4 BOWLS AND 4 SPOONS,1,24.05.2011 15:54,"8,29",,United Kingdom
560723,VINTAGE SNAP CARDS,2,20.07.2011 13:53,"0,85",16464.0,United Kingdom
573264,JUMBO STORAGE BAG SUKI,10,28.10.2011 12:36,"2,08",14415.0,United Kingdom
559520,PINK CRYSTAL+GLASS BRACELET,1,08.07.2011 16:26,"4,95",,United Kingdom
560777,SMALL HEART MEASURING SPOONS,2,21.07.2011 09:30,"1,63",,United Kingdom
543732,SET OF 36 PAISLEY FLOWER DOILIES,1,11.02.2011 12:02,"3,75",,United Kingdom
565432,CHRISTMAS CRAFT TREE TOP ANGEL,2,04.09.2011 13:16,"2,1",16241.0,United Kingdom
561147,MIRRORED WALL ART SKULLS,24,25.07.2011 13:06,"1,25",16841.0,United Kingdom
538177,RED RETROSPOT PEG BAG,1,10.12.2010 09:51,"4,21",,United Kingdom
560791,RED METAL BOX TOP SECRET,2,21.07.2011 10:30,"8,25",14688.0,United Kingdom
553199,JUMBO BAG DOILEY PATTERNS,3,15.05.2011 15:14,"2,08",17758.0,United Kingdom
580115,SET OF 12 FAIRY CAKE BAKING CASES,1,01.12.2011 16:22,"2,46",,United Kingdom
573380,SET OF 3 HANGING OWLS OLLIE BEAK,1,30.10.2011 14:04,"1,25",14572.0,United Kingdom
559669,WOODEN FRAME ANTIQUE WHITE,6,11.07.2011 13:47,"2,95",16332.0,United Kingdom
568070,SET 8 CANDLES VINTAGE DOILEY,12,23.09.2011 14:17,"1,95",16128.0,United Kingdom
563246,RED HANGING HEART T-LIGHT HOLDER,12,15.08.2011 10:57,"2,95",13089.0,United Kingdom
551250,RED RETROSPOT CHARLOTTE BAG,1,27.04.2011 12:00,"0,85",17841.0,United Kingdom
549832,PARTY BUNTING,4,12.04.2011 13:10,"4,95",17278.0,United Kingdom
563288,SET/4 COLOURFUL MIXING BOWLS,1,15.08.2011 12:53,"9,95",12656.0,France
565401,SMALL CAMPHOR WOOD FIELD  MUSHROOM,2,02.09.2011 17:38,"1,65",16686.0,United Kingdom
576617,"GREETING CARD, OVERCROWDED POOL.",1,15.11.2011 16:57,"0,83",,United Kingdom
538866,CABIN BAG VINTAGE RETROSPOT,3,14.12.2010 14:40,"12,75",17841.0,United Kingdom
572295,MINI PLAYING CARDS FUN FAIR,3,23.10.2011 13:49,"0,42",16686.0,United Kingdom
570448,RIBBON REEL LACE DESIGN,5,10.10.2011 14:55,"2,1",13224.0,United Kingdom
566290,JUMBO BAG PINK VINTAGE PAISLEY,2,11.09.2011 15:24,"2,08",14456.0,United Kingdom
577756,SQUARE MINI PORTRAIT FRAME,6,21.11.2011 14:59,"1,95",15115.0,United Kingdom
544598,CHICK GREY HOT WATER BOTTLE,1,21.02.2011 18:10,"7,46",,United Kingdom
536865,PINK LOVE HEART SHAPE CUP,2,03.12.2010 11:28,"1,66",,United Kingdom
577048,BAKING SET 9 PIECE RETROSPOT,6,17.11.2011 13:50,"4,95",13247.0,United Kingdom
552247,BLUE/CREAM STRIPE CUSHION COVER,2,06.05.2011 19:48,"1,25",12748.0,United Kingdom
574560,SET 12 COLOUR PENCILS DOLLY GIRL,16,04.11.2011 15:51,"0,65",17703.0,United Kingdom
549583,PARTY BUNTING,4,11.04.2011 09:46,"4,95",15214.0,United Kingdom
558484,WHITE HANGING HEART T-LIGHT HOLDER,6,30.06.2011 10:09,"2,95",14267.0,United Kingdom
568553,JUMBO STORAGE BAG SUKI,10,27.09.2011 15:17,"2,08",15674.0,United Kingdom
568670,"AIRLINE LOUNGE,METAL SIGN",2,28.09.2011 13:07,"2,1",14978.0,United Kingdom
566988,ILLUSTRATED CAT BOWL,18,16.09.2011 10:56,"2,55",16709.0,United Kingdom
560209,BULL DOG BOTTLE OPENER,1,15.07.2011 14:05,"4,95",15004.0,United Kingdom
580660,HANGING METAL HEART LANTERN,12,05.12.2011 13:49,"1,65",16592.0,United Kingdom
541405,SPACEBOY LUNCH BOX,12,17.01.2011 15:17,"1,95",12683.0,France
536522,FELTCRAFT HAIRBAND PINK AND PURPLE,1,01.12.2010 12:49,"0,85",15012.0,United Kingdom
541652,VANILLA SCENT CANDLE JEWELLED BOX,1,20.01.2011 11:49,"4,25",,United Kingdom
576826,TRADITIONAL PICK UP STICKS GAME,12,16.11.2011 14:28,"1,25",12910.0,United Kingdom
554997,DOVE DECORATION PAINTED ZINC,48,29.05.2011 15:35,"0,65",16746.0,United Kingdom
574837,WIRE EGG BASKET,12,07.11.2011 11:33,"6,95",15785.0,United Kingdom
567142,ALARM CLOCK BAKELIKE IVORY,4,16.09.2011 14:55,"3,75",14262.0,United Kingdom
576617,SET 10 XMAS CARDS & BADGES 17070,1,15.11.2011 16:57,"2,49",,United Kingdom
540154,FELT FARM ANIMAL HEN,2,05.01.2011 11:30,"0,85",,United Kingdom
554933,SWEETHEART WIRE FRUIT BOWL,1,27.05.2011 13:26,"8,5",13232.0,United Kingdom
545716,SWEETHEART CAKESTAND 3 TIER,1,07.03.2011 10:15,"19,96",,United Kingdom
572772,SET OF 4 KNICK KNACK TINS DOILY,48,26.10.2011 10:29,"3,75",17511.0,United Kingdom
564639,RED HANGING HEART T-LIGHT HOLDER,4,26.08.2011 12:55,"2,95",18036.0,United Kingdom
559526,ENCHANTED BIRD COATHANGER 5 HOOK,1,10.07.2011 11:19,"4,65",15756.0,United Kingdom
554286,REGENCY TEA STRAINER,4,23.05.2011 14:16,"3,75",17686.0,United Kingdom
579541,FLORAL FOLK STATIONERY SET,3,30.11.2011 10:12,"1,25",14653.0,United Kingdom
552265,REGENCY CAKESTAND 3 TIER,2,08.05.2011 11:41,"12,75",14161.0,United Kingdom
579516,CHRISTMAS LIGHTS 10 VINTAGE BAUBLES,3,29.11.2011 17:52,"4,95",17841.0,United Kingdom
573585,SET 10 CARDS XMAS CHOIR 17068,1,31.10.2011 14:41,"2,91",,United Kingdom
568947,CHRISTMAS TREE HEART DECORATION,36,29.09.2011 15:04,"0,42",14696.0,United Kingdom
561020,VICTORIAN GLASS HANGING T-LIGHT,6,22.07.2011 17:21,"1,25",13563.0,United Kingdom
573876,ASSORTED COLOUR BIRD ORNAMENT,8,01.11.2011 12:48,"1,69",16360.0,United Kingdom
556579,SET OF 3 REGENCY CAKE TINS,4,13.06.2011 14:16,"4,95",15069.0,United Kingdom
547386,METAL SIGN EMPIRE TEA,1,22.03.2011 15:52,"5,79",,United Kingdom
554514,LARGE CERAMIC TOP STORAGE JAR,9,24.05.2011 15:58,"1,65",,United Kingdom
572513,FAIRY CAKES NOTEBOOK A7 SIZE,16,24.10.2011 14:36,"0,42",16728.0,United Kingdom
540821,BEADED CRYSTAL HEART BLUE ON STICK,1,11.01.2011 13:16,"0,85",,United Kingdom
544323,PHOTO CUBE,1,17.02.2011 15:51,"3,29",,United Kingdom
574477,IVORY WICKER HEART LARGE,6,04.11.2011 12:21,"1,65",15453.0,United Kingdom
579187,EMBROIDERED RIBBON REEL REBECCA,1,28.11.2011 15:31,"5,79",,United Kingdom
552802,RECIPE BOX PANTRY YELLOW DESIGN,2,11.05.2011 12:23,"2,95",16115.0,United Kingdom
549262,TRADITIONAL KNITTING NANCY,9,07.04.2011 12:38,"1,65",14465.0,United Kingdom
578081,CHOCOLATE HOT WATER BOTTLE,24,22.11.2011 16:31,"4,25",14051.0,United Kingdom
541946,BROCANTE COAT RACK,2,24.01.2011 11:50,"9,95",17591.0,United Kingdom
581197,PING MICROWAVE APRON,1,07.12.2011 17:56,"0,79",,United Kingdom
562024,S/4 IVORY MINI ROSE CANDLE IN BOWL,3,01.08.2011 16:07,"1,63",,United Kingdom
564838,"FEATHER PEN,COAL BLACK",12,30.08.2011 12:43,"0,83",,United Kingdom
560433,GIFT BAG PSYCHEDELIC APPLES,1,18.07.2011 15:49,"0,42",,United Kingdom
544684,RETRO PLASTIC 70'S TRAY,2,22.02.2011 16:32,"0,83",,United Kingdom
573393,WOODEN TREE CHRISTMAS SCANDINAVIAN,24,30.10.2011 15:08,"0,29",14158.0,United Kingdom
541827,BLUE POLKADOT PASSPORT COVER,2,21.01.2011 17:05,"1,63",,United Kingdom
555924,RED RETROSPOT SUGAR JAM BOWL,1,07.06.2011 17:12,"4,96",,United Kingdom
559162,BUNNY DECORATION MAGIC GARDEN,2,06.07.2011 16:29,"0,83",,United Kingdom
563022,PACK OF 12 HEARTS DESIGN TISSUES,3,11.08.2011 13:34,"0,29",17248.0,United Kingdom
576555,SET OF 12 FAIRY CAKE BAKING CASES,32,15.11.2011 13:01,"0,83",17861.0,United Kingdom
537395,CANDLEHOLDER PINK HANGING HEART,1,06.12.2010 14:05,"2,95",15356.0,United Kingdom
575298,TRAVEL CARD WALLET SUKI,2,09.11.2011 12:29,"0,42",17841.0,United Kingdom
541946,WOODEN UNION JACK BUNTING,6,24.01.2011 11:50,"5,95",17591.0,United Kingdom
564162,ROLL WRAP 50'S CHRISTMAS,12,23.08.2011 13:27,"1,25",13481.0,United Kingdom
579196,COWBOYS AND INDIANS BIRTHDAY CARD,4,28.11.2011 15:54,"0,83",14096.0,United Kingdom
579470,MINI JIGSAW GO TO THE FAIR,2,29.11.2011 15:06,"0,42",16549.0,United Kingdom
572035,REGENCY TEAPOT ROSES,24,20.10.2011 12:03,"8,15",14646.0,Netherlands
577358,S/4 BLACK MINI ROSE CANDLE IN BOWL,1,18.11.2011 15:59,"1,63",,United Kingdom
581238,DOORMAT KEEP CALM AND COME IN,2,08.12.2011 10:53,"15,79",,United Kingdom
575176,RED GINGHAM ROSE JEWELLERY BOX,1,08.11.2011 18:29,"4,13",,United Kingdom
573291,3 DRAWER ANTIQUE WHITE WOOD CABINET,4,28.10.2011 14:51,"8,95",16554.0,United Kingdom
570807,SET OF 4 PANTRY JELLY MOULDS,12,12.10.2011 12:44,"1,25",13704.0,United Kingdom
575867,ROUND SNACK BOXES SET OF 4 FRUITS,2,11.11.2011 12:44,"2,95",15034.0,United Kingdom
578702,FOLDING BUTTERFLY MIRROR RED,12,25.11.2011 10:58,"0,83",15382.0,United Kingdom
570500,RED RETROSPOT SHOPPER BAG,1,11.10.2011 09:19,"1,25",15858.0,United Kingdom
566694,LUNCH BAG  BLACK SKULL.,10,14.09.2011 11:50,"1,65",16401.0,United Kingdom
574734,GREY HEART HOT WATER BOTTLE,2,06.11.2011 15:20,"4,25",15025.0,United Kingdom
573576,"KEY FOB , BACK DOOR",1,31.10.2011 14:09,"1,63",14096.0,United Kingdom
567692,WHITE SKULL HOT WATER BOTTLE,2,21.09.2011 17:05,"4,25",17997.0,United Kingdom
544405,BLUE SPOT CERAMIC DRAWER KNOB,12,18.02.2011 13:10,"1,25",16814.0,United Kingdom
539437,CERAMIC CAKE DESIGN SPOTTED PLATE,1,17.12.2010 14:54,"3,36",,United Kingdom
580983,FELT EGG COSY WHITE RABBIT,2,06.12.2011 16:26,"1,63",,United Kingdom
579512,2 DAISIES HAIR COMB,1,29.11.2011 16:47,"2,9",,United Kingdom
575661,SWEETHEART 3 TIER CAKE STAND,1,10.11.2011 14:39,"9,95",12617.0,France
570027,DRAWER KNOB CERAMIC BLACK,6,07.10.2011 10:41,"1,45",14844.0,United Kingdom
568919,LUNCH BAG RED RETROSPOT,10,29.09.2011 14:38,"1,65",12937.0,United Kingdom
580311,RETROSPOT TEA SET CERAMIC 11 PC,3,02.12.2011 14:48,"4,95",18245.0,United Kingdom
573492,GINGHAM HEART  DOORSTOP RED,1,31.10.2011 11:57,"4,25",13544.0,United Kingdom
543306,PACK 3 IRON ON DOG PATCHES,2,07.02.2011 11:56,"1,25",16686.0,United Kingdom
564840,FRENCH BLUE METAL DOOR SIGN No,2,30.08.2011 12:49,"2,46",,United Kingdom
551549,RECYCLED ACAPULCO MAT PINK,2,03.05.2011 09:46,"8,25",17501.0,United Kingdom
580278,PAPER CHAIN KIT 50'S CHRISTMAS,2,02.12.2011 13:11,"2,95",13560.0,United Kingdom
537823,RED RETROSPOT UMBRELLA,3,08.12.2010 14:25,"12,72",,United Kingdom
564843,PINK HORSE SOCK PUPPET,1,30.08.2011 14:09,"2,95",15866.0,United Kingdom
569372,IVORY REFECTORY CLOCK,1,03.10.2011 16:04,"19,96",,United Kingdom
573130,EMPIRE TISSUE BOX,36,27.10.2011 16:41,"0,39",13969.0,United Kingdom
558963,FRENCH BLUE METAL DOOR SIGN 2,10,05.07.2011 10:57,"1,25",14235.0,United Kingdom
565201,LUNCH BAG SUKI DESIGN,10,01.09.2011 16:41,"1,65",14907.0,United Kingdom
549185,BLUE POLKADOT BEAKER,48,07.04.2011 09:35,"0,39",18272.0,United Kingdom
558116,BIG DOUGHNUT FRIDGE MAGNETS,6,27.06.2011 09:11,"1,38",,United Kingdom
542246,HOT BATHS METAL SIGN,12,26.01.2011 15:31,"2,1",15227.0,United Kingdom
538349,CERAMIC STRAWBERRY MONEY BOX,1,10.12.2010 14:59,"5,06",,United Kingdom
566442,HOME SWEET HOME HANGING HEART,12,12.09.2011 15:29,"0,85",14732.0,United Kingdom
552514,60 TEATIME FAIRY CAKE CASES,1,09.05.2011 16:30,"1,25",,United Kingdom
541289,CLAM SHELL SMALL,2,17.01.2011 13:23,"2,1",14606.0,United Kingdom
575868,MIRRORED DISCO BALL,2,11.11.2011 12:44,"5,95",12985.0,United Kingdom
571039,PACK OF 20 NAPKINS PANTRY DESIGN,1,13.10.2011 12:59,"0,85",16121.0,United Kingdom
571046,DOLLY GIRL LUNCH BOX,1,13.10.2011 13:35,"1,95",18096.0,United Kingdom
536797,HAND WARMER RED RETROSPOT,12,02.12.2010 15:49,"2,1",16770.0,United Kingdom
556199,RED PUDDING SPOON,24,09.06.2011 12:40,"0,12",16170.0,United Kingdom
569414,PACK OF 72 SKULL CAKE CASES,18,04.10.2011 10:11,"2,08",,United Kingdom
573508,DOORMAT RED RETROSPOT,2,31.10.2011 12:11,"8,25",12552.0,Italy
550631,FRENCH WC SIGN BLUE METAL,12,19.04.2011 14:51,"1,25",15225.0,United Kingdom
572517,VINTAGE SNAP CARDS,3,24.10.2011 14:47,"0,85",15068.0,United Kingdom
544282,METAL DECORATION NAUGHTY CHILDREN,24,17.02.2011 12:24,"0,85",17865.0,United Kingdom
573138,WOODEN FRAME ANTIQUE WHITE,6,27.10.2011 17:22,"2,95",15023.0,United Kingdom
543358,ZINC METAL HEART DECORATION,1,07.02.2011 14:04,"2,46",,United Kingdom
578707,PHOTO FRAME CORNICE,5,25.11.2011 11:20,"2,95",17870.0,United Kingdom
571549,PLAYING CARDS KEEP CALM & CARRY ON,12,18.10.2011 08:12,"1,25",13536.0,United Kingdom
544894,WRAP ENGLISH ROSE,25,24.02.2011 12:09,"0,42",15805.0,United Kingdom
554098,SET OF 6 SOLDIER SKITTLES,1,22.05.2011 13:01,"3,75",14769.0,United Kingdom
554512,12 IVORY ROSE PEG PLACE SETTINGS,2,24.05.2011 15:54,"2,46",,United Kingdom
560433,HANGING JAM JAR T-LIGHT HOLDER,4,18.07.2011 15:49,"1,66",,United Kingdom
564187,LUNCH BAG VINTAGE LEAF DESIGN,2,23.08.2011 15:24,"1,65",15005.0,United Kingdom
575969,POPCORN HOLDER,19,13.11.2011 12:47,"0,85",13571.0,United Kingdom
562688,SOLDIERS EGG CUP,12,08.08.2011 13:53,"1,25",13869.0,United Kingdom
560115,RED FLORAL FELTCRAFT SHOULDER BAG,2,15.07.2011 10:05,"3,75",17841.0,United Kingdom
568947,DRAGONS BLOOD INCENSE,25,29.09.2011 15:04,"0,21",14696.0,United Kingdom
564221,BUNDLE OF 3 ALPHABET EXERCISE BOOKS,1,24.08.2011 09:36,"3,29",,United Kingdom
552839,ROUND CAKE TIN VINTAGE GREEN,1,11.05.2011 14:25,"7,95",14367.0,United Kingdom
570685,SET/12 TAPER CANDLES,6,11.10.2011 16:25,"0,85",13208.0,United Kingdom
571065,SET OF 4 KNICK KNACK TINS DOILY,6,13.10.2011 14:59,"4,15",12613.0,Germany
570448,3 HEARTS HANGING DECORATION RUSTIC,8,10.10.2011 14:55,"2,95",13224.0,United Kingdom
574076,NOEL GARLAND PAINTED ZINC,15,02.11.2011 15:38,"0,83",,United Kingdom
536783,VICTORIAN SEWING KIT,18,02.12.2010 15:19,"1,25",15061.0,United Kingdom
544822,FELTCRAFT DOLL ROSIE,12,24.02.2011 09:08,"2,95",18231.0,United Kingdom
567667,SKULL SHOULDER BAG,2,21.09.2011 15:24,"1,63",,United Kingdom
577783,HOT WATER BOTTLE I AM SO POORLY,24,21.11.2011 16:20,"4,25",18139.0,United Kingdom
571748,ALARM CLOCK BAKELIKE IVORY,4,19.10.2011 11:13,"3,75",18077.0,United Kingdom
568567,GLASS SPHERE CANDLE STAND MEDIUM,2,27.09.2011 18:41,"10,79",,United Kingdom
566571,CHRISTMAS LIGHTS 10 REINDEER,2,13.09.2011 12:49,"8,5",17037.0,United Kingdom
576062,SMALL HANGING IVORY/RED WOOD BIRD,72,13.11.2011 15:30,"0,42",12867.0,United Kingdom
540458,STRAWBERRY LUNCH BOX WITH CUTLERY,6,07.01.2011 12:28,"2,55",12501.0,Germany
576329,SPACEBOY ROCKET LOLLY MAKERS,2,14.11.2011 15:22,"4,13",,United Kingdom
538630,CREAM SLICE FLANNEL CHOCOLATE SPOT,6,13.12.2010 13:25,"2,95",14565.0,United Kingdom
571103,ZINC T-LIGHT HOLDER STARS SMALL,12,13.10.2011 15:50,"0,83",18160.0,United Kingdom
577034,DOORMAT VINTAGE LEAF,1,17.11.2011 13:16,"8,25",12847.0,United Kingdom
554421,REGENCY SUGAR TONGS,8,24.05.2011 12:12,"2,49",18202.0,United Kingdom
573576,HEART IVORY TRELLIS SMALL,1,31.10.2011 14:09,"2,46",14096.0,United Kingdom
576339,DINOSAUR LUNCH BOX WITH CUTLERY,1,14.11.2011 15:27,"4,96",14096.0,United Kingdom
560601,DOLLY GIRL LUNCH BOX,1,19.07.2011 17:17,"1,95",16764.0,United Kingdom
543597,POTTING SHED TEA MUG,12,10.02.2011 12:32,"1,25",12857.0,United Kingdom
580520,EDWARDIAN PARASOL RED,1,04.12.2011 14:55,"5,95",13521.0,United Kingdom
575602,ROLL WRAP 50'S RED CHRISTMAS,3,10.11.2011 12:27,"1,25",17059.0,United Kingdom
538636,RED RETROSPOT CAKE STAND,1,13.12.2010 13:50,"10,95",14639.0,United Kingdom
547971,EASTER TIN BUNNY BOUQUET,2,28.03.2011 16:37,"1,65",17917.0,United Kingdom
561695,PACK OF 60 PINK PAISLEY CAKE CASES,48,29.07.2011 10:00,"0,55",14005.0,United Kingdom
545060,FAIRY CAKE DESIGN UMBRELLA,1,27.02.2011 13:47,"3,75",15547.0,United Kingdom
578344,EGG FRYING PAN IVORY,1,24.11.2011 09:21,"4,13",,United Kingdom
547881,WHITE/PINK CHICK EASTER DECORATION,4,27.03.2011 16:08,"0,85",13110.0,United Kingdom
571673,WOODEN TREE CHRISTMAS SCANDINAVIAN,24,18.10.2011 13:19,"0,29",13991.0,United Kingdom
539262,HAND WARMER BABUSHKA DESIGN,24,16.12.2010 14:35,"0,85",15789.0,United Kingdom
561043,TRIPLE HOOK ANTIQUE IVORY ROSE,2,24.07.2011 12:20,"3,29",15708.0,United Kingdom
570103,HEART MIRROR ANTIQUE WHITE,1,07.10.2011 12:18,"7,5",15719.0,United Kingdom
568066,PACK 3 BOXES CHRISTMAS PANNETONE,3,23.09.2011 13:48,"1,95",14529.0,United Kingdom
573904,FRIDGE MAGNETS LES ENFANTS ASSORTED,6,01.11.2011 14:54,"0,85",14505.0,United Kingdom
561869,PINK VINTAGE PAISLEY PICNIC BAG,2,31.07.2011 11:38,"1,65",16764.0,United Kingdom
568405,,-42,27.09.2011 10:36,0,,United Kingdom
550496,FAIRY CAKE BIRTHDAY CANDLE SET,1,18.04.2011 15:05,"7,46",,United Kingdom
570455,BLUE HARMONICA IN BOX,1,10.10.2011 15:27,"1,25",14529.0,United Kingdom
565920,LOVE HEART TRINKET POT,48,08.09.2011 08:56,"0,39",15298.0,United Kingdom
581217,SMALL YELLOW BABUSHKA NOTEBOOK,1,08.12.2011 09:20,"1,63",,United Kingdom
541574,SKULLS TAPE,24,19.01.2011 12:52,"0,19",12826.0,United Kingdom
567662,CARD MOTORBIKE SANTA,12,21.09.2011 15:12,"0,42",17758.0,United Kingdom
552460,ROUND SNACK BOXES SET OF 4 FRUITS,12,09.05.2011 14:44,"2,95",13178.0,United Kingdom
564974,GREEN ROSE WASHBAG,1,31.08.2011 15:32,"3,29",,United Kingdom
571690,GINGHAM HEART DECORATION,12,18.10.2011 14:32,"0,85",14191.0,United Kingdom
541947,CUPCAKE LACE PAPER SET 6,12,24.01.2011 11:56,"1,95",18161.0,United Kingdom
566396,ROSES REGENCY TEACUP AND SAUCER,24,12.09.2011 12:51,"2,55",14292.0,United Kingdom
565152,WOOD STAMP SET BEST WISHES,1,01.09.2011 14:42,"0,83",17799.0,United Kingdom
557937,VINTAGE KEEPSAKE BOX TRAVELOGUE,1,23.06.2011 15:30,"4,13",,United Kingdom
570983,RED RETROSPOT CHARLOTTE BAG,2,13.10.2011 11:57,"0,85",14963.0,United Kingdom
579777,MINI PAINT SET VINTAGE,7,30.11.2011 15:13,"1,63",,United Kingdom
576927,ASSORTED COLOUR BIRD ORNAMENT,16,17.11.2011 11:02,"1,69",12567.0,France
536846,ENAMEL BREAD BIN CREAM,1,02.12.2010 19:59,"12,75",14573.0,United Kingdom
560274,SET OF 6 TEA TIME BAKING CASES,12,17.07.2011 15:00,"1,25",14895.0,United Kingdom
579512,TOADSTOOL MONEY BOX,1,29.11.2011 16:47,"5,79",,United Kingdom
573544,GUMBALL COAT RACK,5,31.10.2011 13:11,"2,55",12856.0,United Kingdom
571653,WALL ART DOG LICENCE,4,18.10.2011 12:17,"5,35",14298.0,United Kingdom
579267,REGENCY MILK JUG PINK,4,29.11.2011 09:42,"3,25",14961.0,United Kingdom
550987,DOORMAT WELCOME TO OUR HOME,1,21.04.2011 18:10,"15,79",,United Kingdom
551959,SET OF 3 CAKE TINS SKETCHBOOK,3,05.05.2011 12:38,"4,95",13883.0,United Kingdom
540953,SET OF 20 KIDS COOKIE CUTTERS,1,12.01.2011 13:16,"2,1",14587.0,United Kingdom
537051,S/4 CACTI CANDLES,1,05.12.2010 11:12,"4,95",15708.0,United Kingdom
563855,JUMBO STORAGE BAG SKULLS,10,19.08.2011 15:29,"2,08",14709.0,United Kingdom
537126,12 PENCILS SMALL TUBE SKULL,1,05.12.2010 12:13,"0,65",18118.0,United Kingdom
572552,PACK OF 72 RETROSPOT CAKE CASES,4,24.10.2011 17:07,"1,25",14096.0,United Kingdom
570428,SET 36 COLOUR PENCILS SPACEBOY,4,10.10.2011 14:02,"1,25",15553.0,United Kingdom
569896,3D DOG PICTURE PLAYING CARDS,4,06.10.2011 15:58,"2,95",,United Kingdom
554160,ANT WHITE WIRE HEART SPIRAL,1,23.05.2011 11:49,"3,95",17841.0,United Kingdom
577504,SET OF 3 WOODEN SLEIGH DECORATIONS,1,20.11.2011 12:36,"1,25",14159.0,United Kingdom
571837,SPACEBOY BEAKER,3,19.10.2011 12:11,"1,25",16470.0,United Kingdom
565434,CACTI T-LIGHT CANDLES,16,04.09.2011 13:35,"0,42",12867.0,United Kingdom
536876,VINTAGE BILLBOARD DRINK ME MUG,1,03.12.2010 11:36,"2,51",,United Kingdom
543190,3 STRIPEY MICE FELTCRAFT,1,04.02.2011 11:52,"1,95",17226.0,United Kingdom
573182,ROMANTIC IMAGES GIFT WRAP SET,12,28.10.2011 11:09,"0,65",14232.0,United Kingdom
573083,SET OF 3 REGENCY CAKE TINS,2,27.10.2011 14:22,"4,95",13735.0,United Kingdom
559330,4 IVORY DINNER CANDLES SILVER FLOCK,6,07.07.2011 15:44,"2,55",17696.0,United Kingdom
574258,PACK OF 12 WOODLAND TISSUES,1,03.11.2011 13:50,"0,39",16891.0,United Kingdom
574328,WHITE HANGING HEART T-LIGHT HOLDER,32,04.11.2011 09:05,"2,55",13081.0,United Kingdom
563614,TREASURE TIN GYMKHANA DESIGN,144,18.08.2011 08:51,"1,85",12415.0,Australia
573585,VICTORIAN SEWING BOX MEDIUM,1,31.10.2011 14:41,"15,79",,United Kingdom
556257,50CM METAL STRING WITH  7 CLIPS,4,09.06.2011 17:47,"0,85",17576.0,United Kingdom
560383,JAM MAKING SET WITH JARS,12,18.07.2011 12:52,"3,75",16762.0,United Kingdom
540848,FRENCH ENAMEL POT W LID,1,12.01.2011 09:26,"5,91",,United Kingdom
580960,DAISY JOURNAL,1,06.12.2011 14:35,"2,55",16016.0,United Kingdom
549991,BISCUIT TIN VINTAGE RED,12,14.04.2011 08:13,"5,95",18229.0,United Kingdom
538514,EDWARDIAN PARASOL NATURAL,1,12.12.2010 14:27,"5,95",15044.0,United Kingdom
559499,PARTY BUNTING,59,08.07.2011 14:22,"10,79",,United Kingdom
581494,CARD CIRCUS PARADE,12,09.12.2011 10:13,"0,42",12518.0,Germany
564065,HAND WARMER SCOTTY DOG DESIGN,12,22.08.2011 15:05,"2,1",15150.0,United Kingdom
555114,SMALL POPCORN HOLDER,10,31.05.2011 14:55,"0,85",13571.0,United Kingdom
577358,36 PENCILS TUBE RED RETROSPOT,2,18.11.2011 15:59,"2,46",,United Kingdom
547547,BLUE PAISLEY SKETCHBOOK,1,23.03.2011 15:30,"7,46",,United Kingdom
557125,GREEN VINTAGE SPOT BEAKER,612,16.06.2011 18:40,"0,72",17450.0,United Kingdom
549023,CANDY SPOT EGG WARMER RABBIT,3,05.04.2011 16:27,"0,83",,United Kingdom
549576,LUNCH BAG RED RETROSPOT,10,11.04.2011 08:14,"1,65",17069.0,United Kingdom
558475,LILY BROOCH OLIVE COLOUR,1,29.06.2011 15:58,"4,98",,United Kingdom
579505,DISCO BALL ROTATOR BATTERY OPERATED,2,29.11.2011 16:31,"4,25",13078.0,United Kingdom
553013,JUMBO BAG TOYS,1,12.05.2011 18:19,"4,13",,United Kingdom
554986,CHILDS GARDEN SPADE BLUE,4,29.05.2011 12:35,"2,1",14451.0,United Kingdom
538349,CARD CIRCUS PARADE,2,10.12.2010 14:59,"0,85",,United Kingdom
550522,PLASTERS IN TIN SKULLS,12,19.04.2011 10:04,"1,65",12947.0,United Kingdom
547227,ASSORTED BOTTLE TOP  MAGNETS,30,21.03.2011 15:40,"0,42",12748.0,United Kingdom
556517,PARISIENNE JEWELLERY DRAWER,4,13.06.2011 10:52,"7,5",12481.0,Germany
572653,CHILDRENS APRON SPACEBOY DESIGN,2,25.10.2011 12:12,"1,95",15861.0,United Kingdom
575754,CHILDS BREAKFAST SET DOLLY GIRL,2,11.11.2011 10:43,"9,95",17295.0,United Kingdom
574074,CHRISTMAS PUDDING TRINKET POT,4,02.11.2011 15:33,"1,63",,United Kingdom
536674,REX CASH+CARRY JUMBO SHOPPER,5,02.12.2010 12:16,"0,95",15923.0,United Kingdom
546542,BLUE POLKADOT COFFEE MUG,6,14.03.2011 15:13,"0,39",13263.0,United Kingdom
547223,LUNCH BAG DOLLY GIRL DESIGN,2,21.03.2011 15:10,"1,65",12867.0,United Kingdom
571653,ANTIQUE GLASS DRESSING TABLE POT,8,18.10.2011 12:17,"2,55",14298.0,United Kingdom
567614,PORCELAIN T-LIGHT HOLDERS ASSORTED,24,21.09.2011 11:55,"1,25",16103.0,United Kingdom
543546,SET/20 RED RETROSPOT PAPER NAPKINS,1,09.02.2011 16:52,"1,63",,United Kingdom
539317,SWALLOWS GREETING CARD,24,16.12.2010 19:04,"0,42",17392.0,United Kingdom
558086,ENGLISH ROSE NOTEBOOK A7 SIZE,2,26.06.2011 11:59,"0,42",16728.0,United Kingdom
575177,MIRROR MOSAIC VOTIVE HOLDER,10,08.11.2011 18:41,"2,46",,United Kingdom
576384,DOORMAT KEEP CALM AND COME IN,2,15.11.2011 09:32,"8,25",12883.0,United Kingdom
549012,BAKING SET 9 PIECE RETROSPOT,3,05.04.2011 14:51,"4,95",16394.0,United Kingdom
564756,EGG CUP NATURAL CHICKEN,1,30.08.2011 10:33,"0,83",,United Kingdom
573903,WALL ART BICYCLE SAFETY,6,01.11.2011 14:51,"5,95",14667.0,United Kingdom
578809,LUNCH BAG PINK POLKADOT,10,25.11.2011 13:23,"1,65",13048.0,United Kingdom
575176,GLITTER CHRISTMAS TREE WITH BELLS,2,08.11.2011 18:29,"1,63",,United Kingdom
560119,LARGE CHINESE STYLE SCISSOR,30,15.07.2011 10:21,"0,85",12815.0,Poland
540646,FRENCH BLUE METAL DOOR SIGN 5,1,10.01.2011 14:32,"2,51",,United Kingdom
546116,FINE WICKER HEART,12,09.03.2011 13:53,"1,25",15367.0,United Kingdom
539436,RED RETROSPOT OVEN GLOVE DOUBLE,2,17.12.2010 14:49,"5,91",,United Kingdom
572662,HOT WATER BOTTLE TEA AND SYMPATHY,2,25.10.2011 12:54,"4,25",15443.0,United Kingdom
552279,SMALL CHINESE STYLE SCISSOR,600,08.05.2011 12:38,"0,32",15117.0,United Kingdom
578067,FLORAL FOLK STATIONERY SET,5,22.11.2011 15:43,"2,46",,United Kingdom
541669,FILIGRIS HEART WITH BUTTERFLY,24,20.01.2011 12:29,"1,25",17315.0,United Kingdom
569491,PLASTERS IN TIN CIRCUS PARADE,1,04.10.2011 13:25,"1,65",14056.0,United Kingdom
557267,PINK/BLUE DISC/MIRROR STRING,4,19.06.2011 11:23,"0,39",16805.0,United Kingdom
566213,BOX OF 6 MINI VINTAGE CRACKERS,6,09.09.2011 15:09,"2,49",14895.0,United Kingdom
561056,MAGIC DRAWING SLATE LEAP FROG,24,24.07.2011 13:17,"0,42",13477.0,United Kingdom
551269,CHILDS GARDEN FORK BLUE,12,27.04.2011 12:21,"0,85",12840.0,United Kingdom
567184,3D CHRISTMAS STAMPS STICKERS,18,18.09.2011 15:41,"1,25",16033.0,United Kingdom
541371,BLACK KITCHEN SCALES,2,17.01.2011 14:51,"8,5",13983.0,United Kingdom
548516,FOLDING UMBRELLA CHOCOLATE POLKADOT,1,31.03.2011 16:28,"9,96",,United Kingdom
562926,TOILET SIGN OCCUPIED OR VACANT,24,10.08.2011 14:55,"0,83",17512.0,United Kingdom
580367,HAND WARMER OWL DESIGN,3,02.12.2011 16:39,"4,13",,United Kingdom
573585,MINI JIGSAW DOLLY GIRL,12,31.10.2011 14:41,"0,83",,United Kingdom
539458,GLITTER CHRISTMAS TREE,1,17.12.2010 17:30,"0,85",,United Kingdom
555554,WOOD BLACK BOARD ANT WHITE FINISH,4,05.06.2011 13:46,"7,95",13742.0,United Kingdom
556058,LUNCH BAG  BLACK SKULL.,10,08.06.2011 13:54,"1,65",13985.0,United Kingdom
545523,ROSE COTTAGE KEEPSAKE BOX,1,03.03.2011 12:41,"9,95",14524.0,United Kingdom
552234,PANTRY WASHING UP BRUSH,1,06.05.2011 16:01,"3,29",,United Kingdom
575892,SET OF 5 PANCAKE DAY MAGNETS,6,11.11.2011 14:22,"2,08",16332.0,United Kingdom
576176,LOVE HEART TRINKET POT,2,14.11.2011 11:04,"0,39",16936.0,United Kingdom
579508,LANTERN CREAM GAZEBO,2,29.11.2011 16:33,"10,79",,United Kingdom
571046,COTTON APRON PANTRY DESIGN,1,13.10.2011 13:35,"4,95",18096.0,United Kingdom
546389,MAN FLU METAL SIGN,12,11.03.2011 13:56,"2,1",16801.0,United Kingdom
569132,CARDHOLDER HOLLY WREATH METAL,2,30.09.2011 13:54,"3,75",17757.0,United Kingdom
558479,BAKING SET 9 PIECE RETROSPOT,2,29.06.2011 16:44,"4,95",17837.0,United Kingdom
560434,PAIR OF ENAMEL BUTTERFLY HAIRCLIP,1,18.07.2011 15:56,"3,32",,United Kingdom
565847,REGENCY TEA PLATE ROSES,1,07.09.2011 12:44,"3,29",,United Kingdom
578707,GUMBALL MAGAZINE RACK,1,25.11.2011 11:20,"7,65",17870.0,United Kingdom
574950,HEART DECORATION WITH PEARLS,1,08.11.2011 09:29,"1,63",,United Kingdom
555590,WHITE SPOT RED CERAMIC DRAWER KNOB,24,06.06.2011 09:39,"1,25",17690.0,United Kingdom
546411,FELTCRAFT CUSHION BUTTERFLY,144,11.03.2011 16:43,"3,39",12939.0,United Kingdom
577540,SET OF 4 SANTA PLACE SETTINGS,2,20.11.2011 14:28,"1,25",14984.0,United Kingdom
555336,WRAP GREEN PEARS,5,02.06.2011 11:13,"0,42",,United Kingdom
577057,SWEETIES  STICKERS,1,17.11.2011 14:26,"0,85",12748.0,United Kingdom
546388,POPPY'S PLAYHOUSE BATHROOM,1,11.03.2011 13:42,"3,29",,United Kingdom
576927,ADVENT CALENDAR GINGHAM SACK,3,17.11.2011 11:02,"5,95",12567.0,France
580939,VINTAGE HEADS AND TAILS CARD GAME,12,06.12.2011 14:14,"1,25",14907.0,United Kingdom
549187,REGENCY CAKESTAND 3 TIER,16,07.04.2011 10:09,"10,95",16144.0,United Kingdom
580062,WHITE SKULL HOT WATER BOTTLE,1,01.12.2011 13:28,"4,25",15862.0,United Kingdom
558390,JUMBO BAG WOODLAND ANIMALS,20,29.06.2011 10:23,"2,08",13461.0,United Kingdom
540276,JUMBO  BAG BAROQUE BLACK WHITE,30,06.01.2011 12:16,"1,95",14680.0,United Kingdom
549294,ROSES REGENCY TEACUP AND SAUCER,1,07.04.2011 19:27,"2,95",13230.0,United Kingdom
563434,CHILDS GARDEN FORK PINK,6,16.08.2011 12:21,"0,85",14057.0,United Kingdom
545334,CARD BILLBOARD FONT,12,01.03.2011 16:34,"0,42",15750.0,United Kingdom
556280,METAL 4 HOOK HANGER FRENCH CHATEAU,4,09.06.2011 20:03,"2,95",14584.0,United Kingdom
581232,CERAMIC STRAWBERRY DESIGN MUG,24,08.12.2011 10:26,"0,39",12358.0,Austria
544942,LUNCH BAG SUKI DESIGN,10,25.02.2011 10:29,"1,65",15544.0,United Kingdom
571926,LUNCH BAG VINTAGE DOILY,20,19.10.2011 16:41,"1,65",16722.0,United Kingdom
573195,POPPY'S PLAYHOUSE LIVINGROOM,6,28.10.2011 11:40,"2,1",12432.0,Norway
547063,LUNCH BAG PINK POLKADOT,4,20.03.2011 13:33,"1,65",14769.0,United Kingdom
542664,SET/4 RED MINI ROSE CANDLE IN BOWL,1,31.01.2011 12:14,"1,63",,United Kingdom
559254,SET 12 LAVENDER  BOTANICAL T-LIGHTS,12,07.07.2011 11:56,"2,95",16814.0,United Kingdom
558066,LARGE PURPLE BABUSHKA NOTEBOOK,1,24.06.2011 15:45,"2,46",,United Kingdom
550636,SET/3 ROSE CANDLE IN JEWELLED BOX,1,19.04.2011 15:37,"8,29",,United Kingdom
573373,SET OF 20 KIDS COOKIE CUTTERS,2,30.10.2011 13:37,"2,1",14684.0,United Kingdom
568189,RUSTIC MIRROR WITH LACE HEART,4,25.09.2011 14:36,"6,25",14757.0,United Kingdom
545317,PINK REGENCY TEACUP AND SAUCER,1,01.03.2011 14:14,"5,79",,United Kingdom
547990,CERAMIC PLATE STRAWBERRY DESIGN,12,29.03.2011 09:53,"1,49",15589.0,United Kingdom
573311,JUMBO BAG PINK VINTAGE PAISLEY,1,28.10.2011 16:45,"2,08",14071.0,United Kingdom
544186,PORCELAIN ROSE SMALL,3,16.02.2011 15:56,"1,63",,United Kingdom
567665,RABBIT NIGHT LIGHT,1,21.09.2011 15:22,"4,13",,United Kingdom
560841,BLUE STRIPE CERAMIC DRAWER KNOB,12,21.07.2011 12:25,"1,06",14298.0,United Kingdom
580520,GLITTER CHRISTMAS STAR,10,04.12.2011 14:55,"0,39",13521.0,United Kingdom
552514,SOFT PINK ROSE TOWEL,2,09.05.2011 16:30,"3,29",,United Kingdom
562345,STRAWBERRY CERAMIC TRINKET BOX,72,04.08.2011 12:14,"1,06",13694.0,United Kingdom
567370,RED RETROSPOT MINI CASES,24,20.09.2011 09:13,"6,35",14236.0,United Kingdom
562587,ENGLISH ROSE NOTEBOOK A7 SIZE,32,07.08.2011 14:34,"0,42",15640.0,United Kingdom
572910,LOVE BUILDING BLOCK WORD,1,26.10.2011 15:58,"6,25",15990.0,United Kingdom
556916,3D DOG PICTURE PLAYING CARDS,1,15.06.2011 13:35,"2,95",16898.0,United Kingdom
578100,PACK OF 60 DINOSAUR CAKE CASES,24,23.11.2011 08:17,"0,55",15814.0,United Kingdom
561004,REGENCY TEA STRAINER,4,22.07.2011 14:47,"3,75",15189.0,United Kingdom
555602,PACK OF 20 NAPKINS PANTRY DESIGN,12,06.06.2011 11:26,"0,85",16235.0,United Kingdom
549577,FELTCRAFT GIRL NICOLE KIT,4,11.04.2011 08:16,"4,95",14286.0,United Kingdom
546414,TEA TIME TEAPOT IN GIFT BOX,2,13.03.2011 10:25,"4,95",16768.0,United Kingdom
550914,DOORMAT FAIRY CAKE,10,21.04.2011 13:29,"6,75",17061.0,United Kingdom
550636,S/4 IVORY MINI ROSE CANDLE IN BOWL,1,19.04.2011 15:37,"1,63",,United Kingdom
546402,DOORMAT UNION FLAG,2,11.03.2011 15:22,"7,95",13305.0,United Kingdom
541830,MINI LADLE LOVE HEART PINK,1,21.01.2011 17:09,"0,42",,United Kingdom
541993,SET OF 4 ENGLISH ROSE COASTERS,1,25.01.2011 09:37,"2,46",,United Kingdom
548650,HOMEMADE JAM SCENTED CANDLES,12,01.04.2011 13:22,"1,45",14852.0,United Kingdom
580673,LUNCH BAG RED RETROSPOT,20,05.12.2011 14:30,"1,65",13089.0,United Kingdom
547722,"FEATHER PEN,LIGHT PINK",12,25.03.2011 10:19,"0,85",12553.0,France
543452,NATURAL SLATE HEART CHALKBOARD,6,08.02.2011 12:14,"2,95",16037.0,United Kingdom
547822,RED RETROSPOT BUTTER DISH,3,25.03.2011 14:53,"4,95",12668.0,Germany
548400,GLITTER HANGING BUTTERFLY STRING,3,30.03.2011 17:33,"2,1",17400.0,United Kingdom
558702,ROSES REGENCY TEACUP AND SAUCER,1,01.07.2011 12:45,"2,95",12748.0,United Kingdom
554808,LUNCH BAG PINK POLKADOT,3,26.05.2011 13:01,"1,65",17059.0,United Kingdom
573330,PAPER CHAIN KIT VINTAGE CHRISTMAS,4,30.10.2011 11:22,"2,95",16923.0,United Kingdom
540098,SUMMER FUN DESIGN SHOWER CAP,2,04.01.2011 15:50,"1,25",16241.0,United Kingdom
567384,RED HANGING HEART T-LIGHT HOLDER,128,20.09.2011 10:23,"3,2",17450.0,United Kingdom
568183,FRENCH BLUE METAL DOOR SIGN 8,1,25.09.2011 13:47,"1,25",13991.0,United Kingdom
552372,SET OF 6 VINTAGE NOTELETS KIT,24,09.05.2011 12:29,"0,65",13394.0,United Kingdom
577034,STAR WOODEN CHRISTMAS DECORATION,2,17.11.2011 13:16,"0,85",12847.0,United Kingdom
563351,RED/CREAM STRIPE CUSHION COVER,4,15.08.2011 14:17,"1,25",16902.0,United Kingdom
579087,HAND WARMER OWL DESIGN,12,28.11.2011 10:35,"2,1",13914.0,United Kingdom
541241,HEART IVORY TRELLIS LARGE,2,16.01.2011 11:08,"1,65",13782.0,United Kingdom
565917,ADULT APRON APPLE DELIGHT,1,07.09.2011 16:15,"10,79",,United Kingdom
558340,CHILDS GARDEN SPADE PINK,3,28.06.2011 14:01,0,,United Kingdom
569700,JUMBO BAG OWLS,1,05.10.2011 15:56,"4,13",,United Kingdom
575739,DOTCOM POSTAGE,1,11.11.2011 09:05,"469,2",,United Kingdom
561894,HERB MARKER BASIL,1,31.07.2011 15:00,"0,65",14456.0,United Kingdom
573405,JINGLE BELL HEART DECORATION,1,30.10.2011 15:55,"1,65",13822.0,United Kingdom
580469,LUNCH BAG  BLACK SKULL.,1,04.12.2011 12:32,"1,65",14583.0,United Kingdom
566913,HOT WATER BOTTLE I AM SO POORLY,2,15.09.2011 14:07,"4,95",17602.0,United Kingdom
559163,ROSE DU SUD CUSHION COVER,2,06.07.2011 16:33,"4,13",,United Kingdom
538155,NO SINGING METAL SIGN,1,09.12.2010 16:52,"2,1",16907.0,United Kingdom
573339,3 TIER CAKE TIN GREEN AND CREAM,1,30.10.2011 11:49,"14,95",13278.0,United Kingdom
566757,GENTLEMAN SHIRT REPAIR KIT,1,14.09.2011 15:54,"1,63",,United Kingdom
558084,PIECE OF CAMO STATIONERY SET,108,26.06.2011 11:47,"0,08",14837.0,United Kingdom
565332,PARTY BUNTING,8,02.09.2011 14:09,"4,95",13695.0,United Kingdom
540798,BOX OF VINTAGE ALPHABET BLOCKS,4,11.01.2011 12:11,"9,95",17365.0,United Kingdom
560988,EDWARDIAN PARASOL BLACK,24,22.07.2011 13:17,"5,95",15854.0,United Kingdom
568526,SET/6 COLLAGE PAPER CUPS,24,27.09.2011 13:04,"0,19",17656.0,United Kingdom
576339,RETROSPOT CANDLE  MEDIUM,1,14.11.2011 15:27,"4,13",14096.0,United Kingdom
553134,LUNCH BAG ALPHABET DESIGN,10,13.05.2011 12:50,"1,65",15382.0,United Kingdom
561774,ASSORTED COLOUR BIRD ORNAMENT,8,29.07.2011 12:41,"1,69",16729.0,United Kingdom
556484,JAM MAKING SET WITH JARS,2,12.06.2011 13:17,"4,25",16938.0,United Kingdom
567482,WHITE WOOD GARDEN PLANT LADDER,1,20.09.2011 13:42,"9,95",16464.0,United Kingdom
567612,RIBBON REEL CHRISTMAS SOCK BAUBLE,10,21.09.2011 11:48,"1,65",17164.0,United Kingdom
563201,PANTRY MAGNETIC  SHOPPING LIST,2,14.08.2011 10:52,"1,45",13838.0,United Kingdom
539181,RED RETROSPOT LUGGAGE TAG,1,16.12.2010 11:51,"1,25",12748.0,United Kingdom
563954,COFFEE MUG PEARS  DESIGN,24,22.08.2011 10:59,"2,55",16652.0,United Kingdom
579777,SET OF 3 PANTRY WOODEN SPOONS,2,30.11.2011 15:13,"2,46",,United Kingdom
574695,HEART OF WICKER LARGE,2,06.11.2011 13:37,"2,95",17114.0,United Kingdom
566287,SILK PURSE BABUSHKA PINK,2,11.09.2011 15:11,"3,35",17218.0,United Kingdom
573152,6 GIFT TAGS VINTAGE CHRISTMAS,18,27.10.2011 20:16,"0,83",17530.0,United Kingdom
571824,WOODLAND MINI BACKPACK,4,19.10.2011 11:49,"4,15",12472.0,Germany
543300,ILLUSTRATED CAT BOWL,6,07.02.2011 11:42,"2,55",13334.0,United Kingdom
553182,SPACEBOY BABY GIFT SET,1,15.05.2011 12:21,"16,95",17107.0,United Kingdom
557409,LOVE BUILDING BLOCK WORD,6,20.06.2011 11:34,"5,95",15410.0,United Kingdom
548492,LUNCH BAG RED RETROSPOT,1,31.03.2011 13:14,"1,65",17841.0,United Kingdom
574696,SET OF 20 VINTAGE CHRISTMAS NAPKINS,6,06.11.2011 13:40,"0,85",13634.0,United Kingdom
536569,CHRISTMAS HANGING TREE WITH BELL,1,01.12.2010 15:35,"1,25",16274.0,United Kingdom
569217,SET OF 4 ENGLISH ROSE PLACEMATS,2,02.10.2011 12:45,"3,75",15579.0,United Kingdom
553740,PINK BLUE FELT CRAFT TRINKET BOX,12,19.05.2011 09:31,"1,25",16647.0,United Kingdom
572550,PENS ASSORTED FUNKY JEWELED,1,24.10.2011 17:06,"0,42",,United Kingdom
538900,GIN & TONIC DIET GREETING CARD,12,15.12.2010 09:51,"0,42",13078.0,United Kingdom
541262,MIRRORED DISCO BALL,1,16.01.2011 15:50,"5,95",18069.0,United Kingdom
571508,PACK OF 12 50'S CHRISTMAS TISSUES,3,17.10.2011 15:27,"0,83",,United Kingdom
547510,36 PENCILS TUBE WOODLAND,16,23.03.2011 13:42,"1,25",15245.0,United Kingdom
541281,LONDON BUS COFFEE MUG,1,17.01.2011 11:59,"2,55",17988.0,United Kingdom
554491,GOLD MINI TAPE MEASURE,5,24.05.2011 13:50,"0,85",14606.0,United Kingdom
556054,FRENCH ENAMEL CANDLEHOLDER,6,08.06.2011 13:26,"2,1",14561.0,United Kingdom
581217,SILVER BELLS TABLE DECORATION,1,08.12.2011 09:20,"2,46",,United Kingdom
575299,HOT WATER BOTTLE KEEP CALM,12,09.11.2011 12:30,"4,95",14691.0,United Kingdom
573029,RABBIT NIGHT LIGHT,2,27.10.2011 13:33,"2,08",14971.0,United Kingdom
568060,RETROSPOT LAMP,1,23.09.2011 13:11,"9,95",14546.0,United Kingdom
573500,POPPY'S PLAYHOUSE KITCHEN,1,31.10.2011 12:01,"2,1",16931.0,United Kingdom
575840,PACK OF 20 SKULL PAPER NAPKINS,2,11.11.2011 11:56,"0,85",13137.0,United Kingdom
551507,BLUE STRIPE CERAMIC DRAWER KNOB,12,28.04.2011 18:11,"1,25",18272.0,United Kingdom
576779,JUMBO BAG STRAWBERRY,1,16.11.2011 13:25,"2,08",14554.0,United Kingdom
575607,GREEN CHRISTMAS TREE CARD HOLDER,1,10.11.2011 12:37,"8,29",14096.0,United Kingdom
560453,DAIRY MAID TOASTRACK,18,19.07.2011 09:52,"0,79",13209.0,United Kingdom
552668,RETROSPOT TEA SET CERAMIC 11 PC,1,10.05.2011 15:05,"10,79",,United Kingdom
538349,SMALL LICORICE DES PINK BOWL,1,10.12.2010 14:59,"2,51",,United Kingdom
566019,HOT WATER BOTTLE KEEP CALM,1,08.09.2011 12:44,"4,95",17243.0,United Kingdom
563745,ANTIQUE SILVER TEA GLASS ENGRAVED,12,19.08.2011 09:38,"1,25",15159.0,United Kingdom
543170,POPPY'S PLAYHOUSE KITCHEN,12,04.02.2011 09:03,"2,1",17334.0,United Kingdom
539451,SKULLS  STICKERS,1,17.12.2010 16:59,"1,66",,United Kingdom
563555,ALARM CLOCK BAKELIKE ORANGE,1,17.08.2011 13:21,"3,75",16755.0,United Kingdom
553549,RABBIT NIGHT LIGHT,1,17.05.2011 16:09,"4,13",,United Kingdom
566985,RED RETROSPOT TISSUE BOX,1,16.09.2011 10:42,"2,46",,United Kingdom
578852,GARDENERS KNEELING PAD CUP OF TEA,2,27.11.2011 11:12,"1,65",17841.0,United Kingdom
572858,FRENCH LATTICE CUSHION COVER,6,26.10.2011 12:36,"0,85",13571.0,United Kingdom
557611,RED RETROSPOT WRAP,25,21.06.2011 12:35,"0,42",17695.0,United Kingdom
578827,CAMOUFLAGE LED TORCH,1,25.11.2011 14:25,"3,29",,United Kingdom
574298,WOODEN FRAME ANTIQUE WHITE,3,03.11.2011 15:56,"7,46",,United Kingdom
579501,SET OF 6 T-LIGHTS SANTA,42,29.11.2011 16:16,"2,55",14088.0,United Kingdom
541669,WHITE HANGING HEART T-LIGHT HOLDER,3,20.01.2011 12:29,"2,95",17315.0,United Kingdom
580731,OVERNIGHT BAG VINTAGE ROSE PAISLEY,1,05.12.2011 17:36,"4,95",17383.0,United Kingdom
540013,PACK OF 6 BIRDY GIFT TAGS,5,04.01.2011 11:30,"1,25",16255.0,United Kingdom
576837,MIRROR MOSAIC HURRICANE LAMP,2,16.11.2011 15:16,"4,96",,United Kingdom
550986,IVORY HANGING DECORATION  HEART,2,21.04.2011 18:06,"1,63",,United Kingdom
537201,CHRISTMAS RETROSPOT ANGEL WOOD,24,05.12.2010 14:19,"0,85",12472.0,Germany
569472,HANGING HEART WITH BELL,48,04.10.2011 12:38,"0,39",14515.0,United Kingdom
537346,PACK OF 6 BIRDY GIFT TAGS,24,06.12.2010 12:21,"1,25",15301.0,United Kingdom
543097,GLASS HEART T-LIGHT HOLDER,10,03.02.2011 11:41,"1,63",,United Kingdom
574016,PLASTERS IN TIN WOODLAND ANIMALS,1,02.11.2011 12:04,"1,65",18105.0,United Kingdom
555567,ROMANTIC PINKS RIBBONS,6,05.06.2011 15:25,"1,25",17050.0,United Kingdom
574258,BLACK EAR MUFF HEADPHONES,1,03.11.2011 13:50,"5,49",16891.0,United Kingdom
569248,SET OF 4 PANTRY JELLY MOULDS,12,03.10.2011 10:09,"1,25",12886.0,United Kingdom
556812,HEART OF WICKER LARGE,2,14.06.2011 17:25,"5,79",,United Kingdom
571669,HOT WATER BOTTLE TEA AND SYMPATHY,4,18.10.2011 13:11,"4,25",17758.0,United Kingdom
562113,PACK OF 60 SPACEBOY CAKE CASES,1,02.08.2011 16:11,"1,25",,United Kingdom
572918,GINGHAM RECIPE BOOK BOX,4,26.10.2011 16:43,"4,95",14379.0,United Kingdom
570121,WRAP ENGLISH ROSE,25,07.10.2011 12:49,"0,42",13419.0,United Kingdom
550987,"LETTER ""F"" BLING KEY RING",1,21.04.2011 18:10,"0,83",,United Kingdom
575692,WOODEN HEART CHRISTMAS SCANDINAVIAN,5,10.11.2011 16:27,"0,29",12508.0,France
555276,FRENCH LATTICE CUSHION COVER,1,01.06.2011 17:28,"3,29",,United Kingdom
557274,RED SPOT CERAMIC DRAWER KNOB,12,19.06.2011 11:44,"1,25",14004.0,United Kingdom
562114,NUMBER TILE VINTAGE FONT 2,1,02.08.2011 16:14,"4,13",,United Kingdom
555719,ENAMEL PINK TEA CONTAINER,6,06.06.2011 15:31,"0,83",12609.0,Germany
574694,3 PIECE SPACEBOY COOKIE CUTTER SET,6,06.11.2011 13:36,"2,1",12381.0,Norway
551995,JUMBO BAG SCANDINAVIAN BLUE PAISLEY,1,05.05.2011 15:42,"4,13",,United Kingdom
558475,AMBER GLASS/SHELL/PEARL NECKLACE,1,29.06.2011 15:58,"9,15",,United Kingdom
580730,HAND WARMER RED LOVE HEART,2,05.12.2011 17:28,"4,13",,United Kingdom
552282,FELTCRAFT CUSHION BUTTERFLY,4,08.05.2011 12:44,"3,75",14040.0,United Kingdom
537642,MEMO BOARD RETROSPOT  DESIGN,3,07.12.2010 15:33,"11,02",,United Kingdom
573340,SPACEBOY BEAKER,1,30.10.2011 11:55,"1,25",14159.0,United Kingdom
538998,MIRROR LOVE BIRD T-LIGHT HOLDER,72,15.12.2010 12:08,"1,25",15061.0,United Kingdom
538370,ANTIQUE SILVER TEA GLASS ETCHED,6,12.12.2010 11:06,"1,25",16923.0,United Kingdom
545288,PAPER CHAIN KIT 50'S CHRISTMAS,4,01.03.2011 11:48,"2,95",15311.0,United Kingdom
537041,HOME SWEET HOME MUG,2,05.12.2010 10:36,"1,25",16033.0,United Kingdom
580044,WALL ART ANIMALS AND NATURE,6,01.12.2011 12:36,"3,75",14869.0,United Kingdom
551997,SET/4 RED MINI ROSE CANDLE IN BOWL,1,05.05.2011 15:47,"1,63",,United Kingdom
562621,ENCHANTED BIRD COATHANGER 5 HOOK,8,08.08.2011 12:36,"4,65",14415.0,United Kingdom
571654,ROSE 3 WICK MORRIS BOX CANDLE,1,18.10.2011 12:17,"1,25",18118.0,United Kingdom
553200,HANGING HEART ZINC T-LIGHT HOLDER,12,15.05.2011 15:14,"0,85",16034.0,United Kingdom
555936,NATURAL SLATE CHALKBOARD LARGE,6,08.06.2011 09:16,"4,95",12567.0,France
552231,PACK OF 12 COLOURED PENCILS,12,06.05.2011 15:47,"0,85",17364.0,United Kingdom
564642,PACK OF 12 CIRCUS PARADE TISSUES,24,26.08.2011 13:22,"0,29",13527.0,United Kingdom
541830,PACK OF 20 NAPKINS PANTRY DESIGN,1,21.01.2011 17:09,"1,63",,United Kingdom
577150,ALARM CLOCK BAKELIKE ORANGE,5,18.11.2011 09:48,"8,29",,United Kingdom
573585,CARD HOLDER GINGHAM HEART,1,31.10.2011 14:41,"5,79",,United Kingdom
554129,"ELEPHANT, BIRTHDAY CARD,",12,23.05.2011 09:39,"0,42",14189.0,United Kingdom
552276,PINK CREAM FELT CRAFT TRINKET BOX,12,08.05.2011 12:31,"1,25",18142.0,United Kingdom
543020,GIN + TONIC DIET METAL SIGN,1,02.02.2011 14:29,"2,1",15005.0,United Kingdom
554359,CLASSIC CAFE SUGAR DISPENSER,12,24.05.2011 09:56,"1,25",13590.0,United Kingdom
547964,MIXED NUTS LIGHT GREEN BOWL,1,28.03.2011 15:45,"0,83",,United Kingdom
557217,WRAP DOILEY DESIGN,25,17.06.2011 12:30,"0,42",17426.0,United Kingdom
544051,BISCUIT TIN VINTAGE GREEN,2,15.02.2011 12:40,"6,75",16700.0,United Kingdom
536749,PHOTO CUBE,2,02.12.2010 13:49,"1,65",17976.0,United Kingdom
572758,FELTCRAFT PRINCESS LOLA DOLL,1,25.10.2011 18:39,"7,46",,United Kingdom
566171,DECORATIVE WICKER HEART LARGE,1,09.09.2011 12:22,"1,65",18118.0,United Kingdom
579141,RED RETROSPOT BOWL,3,28.11.2011 13:06,"1,25",17019.0,United Kingdom
548158,METAL SIGN EMPIRE TEA,1,29.03.2011 13:28,"2,95",15906.0,United Kingdom
577505,LUNCH BAG SUKI DESIGN,2,20.11.2011 12:37,"1,65",13118.0,United Kingdom
554992,RABBIT NIGHT LIGHT,1,29.05.2011 14:08,"2,08",16686.0,United Kingdom
566618,WOODEN FRAME ANTIQUE WHITE,24,14.09.2011 09:13,"2,55",17640.0,United Kingdom
545311,BLUE HARMONICA IN BOX,12,01.03.2011 13:45,"1,25",15660.0,United Kingdom
580278,GARDENERS KNEELING PAD KEEP CALM,1,02.12.2011 13:11,"1,65",13560.0,United Kingdom
538167,PLEASE ONE PERSON METAL SIGN,4,09.12.2010 18:58,"2,1",14713.0,United Kingdom
572081,"GARLAND, VINTAGE BELLS",6,20.10.2011 14:13,"2,89",16592.0,United Kingdom
543832,FINE WICKER HEART,12,14.02.2011 10:10,"1,25",13381.0,United Kingdom
569545,CHRISTMAS TREE HEART DECORATION,1,04.10.2011 16:37,"0,42",,United Kingdom
560291,BEWARE OF THE CAT METAL SIGN,1,18.07.2011 10:17,"4,13",,United Kingdom
557525,SET OF 9 HEART SHAPED BALLOONS,12,21.06.2011 09:26,"1,25",12759.0,Netherlands
540418,LUNCH BAG RED RETROSPOT,1,07.01.2011 11:04,"4,21",,United Kingdom
570872,REGENCY TEA PLATE ROSES,1,12.10.2011 16:40,"3,29",,United Kingdom
550285,GREEN GIANT GARDEN THERMOMETER,4,15.04.2011 14:14,"5,95",15249.0,United Kingdom
554950,RED RETROSPOT PICNIC BAG,5,27.05.2011 14:48,"2,95",14227.0,United Kingdom
537796,FIRST AID TIN,6,08.12.2010 13:03,"3,25",18061.0,United Kingdom
560225,WALL TIDY RETROSPOT,6,15.07.2011 16:27,"1,63",,United Kingdom
555553,ROUND SNACK BOXES SET OF4 WOODLAND,12,05.06.2011 13:45,"2,95",12662.0,Germany
550822,PAPER BUNTING RETROSPOT,24,21.04.2011 09:26,"2,95",14001.0,United Kingdom
541827,CLOTHES PEGS RETROSPOT PACK 24,1,21.01.2011 17:05,"2,46",,United Kingdom
572913,SET 12 KIDS COLOUR  CHALK STICKS,4,26.10.2011 16:21,"0,42",15993.0,United Kingdom
560106,S/6 WOODEN SKITTLES IN COTTON BAG,6,14.07.2011 20:01,"3,25",17554.0,United Kingdom
565430,WRAP FLOWER SHOP,25,04.09.2011 13:07,"0,42",14335.0,Germany
565919,SET/20 RED RETROSPOT PAPER NAPKINS,1,07.09.2011 16:48,"1,63",,United Kingdom
542791,SCANDINAVIAN REDS RIBBONS,1,01.02.2011 10:47,"1,25",15039.0,United Kingdom
567668,PACK OF 6 COCKTAIL PARASOL STRAWS,1,21.09.2011 15:29,"1,25",,United Kingdom
559055,SAVE THE PLANET COTTON TOTE BAG,8,05.07.2011 17:09,"1,63",,United Kingdom
568567,GREEN CAT FLORAL CUSHION COVER,2,27.09.2011 18:41,"4,13",,United Kingdom
541789,SCOTTIE DOG HOT WATER BOTTLE,27,21.01.2011 13:07,"4,25",14088.0,United Kingdom
560590,DOLLY GIRL CHILDRENS CUP,8,19.07.2011 15:55,"1,25",12560.0,Germany
580146,ZINC FOLKART SLEIGH BELLS,11,02.12.2011 10:07,"4,13",,United Kingdom
550035,JUMBO STORAGE BAG SKULLS,10,14.04.2011 11:48,"2,08",15039.0,United Kingdom
558105,PACK OF 72 SKULL CAKE CASES,2,26.06.2011 14:54,"0,55",15644.0,United Kingdom
571713,CERAMIC PIRATE CHEST MONEY BANK,3,18.10.2011 16:58,"3,29",,United Kingdom
541848,VINTAGE SEASIDE JIGSAW PUZZLES,1,23.01.2011 13:31,"3,75",17611.0,United Kingdom
538069,HAND WARMER BABUSHKA DESIGN,3,09.12.2010 14:08,"2,1",16795.0,United Kingdom
537638,LUNCH BOX I LOVE LONDON,2,07.12.2010 15:28,"4,21",,United Kingdom
553048,CHILDRENS CUTLERY DOLLY GIRL,4,13.05.2011 10:02,"4,15",14291.0,United Kingdom
544495,NATURAL SLATE HEART CHALKBOARD,12,21.02.2011 11:42,"2,95",12766.0,Portugal
541855,BLACK KITCHEN SCALES,1,23.01.2011 14:59,"8,5",13742.0,United Kingdom
539958,CERAMIC STRAWBERRY MONEY BOX,3,23.12.2010 13:26,"2,51",,United Kingdom
557442,VINTAGE SEASIDE JIGSAW PUZZLES,2,20.06.2011 12:53,"3,75",14808.0,United Kingdom
541104,KEY CABINET MA CAMPAGNE,1,13.01.2011 14:29,"19,96",,United Kingdom
563935,SET/6 PURPLE BUTTERFLY T-LIGHTS,2,21.08.2011 16:24,"2,1",15547.0,United Kingdom
568716,RETROSPOT CANDLE  SMALL,1,28.09.2011 16:13,"3,29",,United Kingdom
546115,CHILDREN'S APRON DOLLY GIRL,6,09.03.2011 13:50,"2,1",15379.0,United Kingdom
559138,BISCUITS SMALL BOWL LIGHT BLUE,8,06.07.2011 13:35,"0,42",16919.0,United Kingdom
552508,STRAWBERRY CERAMIC TRINKET BOX,2,09.05.2011 16:27,"2,46",,United Kingdom
546632,HANGING HEART JAR T-LIGHT HOLDER,72,15.03.2011 12:05,"1,06",17080.0,United Kingdom
544582,SPACEBOY LUNCH BOX,24,21.02.2011 14:38,"1,95",13410.0,United Kingdom
562708,HOME SWEET HOME METAL SIGN,3,08.08.2011 14:15,"2,95",17085.0,United Kingdom
558315,SMALL RED RETROSPOT MUG IN BOX,6,28.06.2011 11:44,"3,75",15065.0,United Kingdom
565234,SET OF 12 FAIRY CAKE BAKING CASES,1,02.09.2011 09:38,"2,46",,United Kingdom
555937,SET OF 60 PANTRY DESIGN CAKE CASES,24,08.06.2011 09:39,"0,55",12683.0,France
563617,CLOTHES PEGS RETROSPOT PACK 24,24,18.08.2011 09:45,"1,65",15301.0,United Kingdom
561891,HOMEMADE JAM SCENTED CANDLES,12,31.07.2011 14:19,"1,45",15438.0,United Kingdom
573248,JUMBO BAG 50'S CHRISTMAS,3,28.10.2011 12:09,"2,08",14498.0,United Kingdom
542541,LOVE BUILDING BLOCK WORD,2,28.01.2011 14:25,"11,63",,United Kingdom
540832,CHARLIE LOLA BLUE HOT WATER BOTTLE,2,11.01.2011 14:42,"9,13",,United Kingdom
572451,FRENCH TOILET SIGN BLUE METAL,12,24.10.2011 12:36,"1,25",12921.0,United Kingdom
537422,GREY HEART HOT WATER BOTTLE,1,06.12.2010 15:27,"3,75",17812.0,United Kingdom
541965,PAPER BUNTING COLOURED LACE,24,24.01.2011 13:27,"2,95",12625.0,Germany
567280,DOLLY GIRL CHILDRENS BOWL,144,19.09.2011 11:46,"1,05",14646.0,Netherlands
565758,RED STRIPE CERAMIC DRAWER KNOB,6,06.09.2011 13:29,"1,45",16928.0,United Kingdom
561868,JUMBO BAG CHARLIE AND LOLA TOYS,3,31.07.2011 11:26,"2,08",16813.0,United Kingdom
572653,FRENCH KITCHEN SIGN BLUE METAL,3,25.10.2011 12:12,"1,25",15861.0,United Kingdom
563753,CAKE STAND 3 TIER MAGIC GARDEN,3,19.08.2011 10:51,"12,75",12513.0,France
560590,ALARM CLOCK BAKELIKE PINK,4,19.07.2011 15:55,"3,75",12560.0,Germany
539958,JUMBO BAG STRAWBERRY,1,23.12.2010 13:26,"4,21",,United Kingdom
545583,FELTCRAFT CUSHION RABBIT,4,04.03.2011 09:08,"3,75",12553.0,France
560090,PACK OF 12 WOODLAND TISSUES,1,14.07.2011 16:46,"0,83",,United Kingdom
581027,WHITE SKULL HOT WATER BOTTLE,4,07.12.2011 10:43,"4,25",17091.0,United Kingdom
553830,SCANDINAVIAN PAISLEY PICNIC BAG,20,19.05.2011 11:32,"1,65",17871.0,United Kingdom
540977,SMALL POPCORN HOLDER,6,12.01.2011 15:01,"1,66",,United Kingdom
572862,ALARM CLOCK BAKELIKE RED,1,26.10.2011 12:48,"3,75",16750.0,United Kingdom
559005,BEWARE OF THE CAT METAL SIGN,24,05.07.2011 12:39,"1,69",13183.0,United Kingdom
571418,LUNCH BAG SUKI DESIGN,1,17.10.2011 12:35,"1,65",16412.0,United Kingdom
580402,WALL ART TREASURE AHOY,1,04.12.2011 11:55,"3,75",13536.0,United Kingdom
544776,WICKER STAR,5,23.02.2011 11:39,"3,29",,United Kingdom
557628,JUMBO BAG SCANDINAVIAN BLUE PAISLEY,100,21.06.2011 14:31,"1,79",15311.0,United Kingdom
544900,"HOOK, 1 HANGER ,MAGIC GARDEN",12,24.02.2011 12:41,"0,85",15121.0,United Kingdom
570498,PAPER CHAIN KIT 50'S CHRISTMAS,12,11.10.2011 09:10,"2,95",16136.0,United Kingdom
559338,UNION JACK FLAG LUGGAGE TAG,4,07.07.2011 16:30,"0,83",,United Kingdom
569524,BUTTON BOX,4,04.10.2011 14:42,"1,95",14506.0,United Kingdom
574734,SPACEBOY CHILDRENS EGG CUP,3,06.11.2011 15:20,"1,25",15025.0,United Kingdom
580635,SET OF 2 CERAMIC CHRISTMAS TREES,1,05.12.2011 12:30,"1,45",14649.0,United Kingdom
561026,SET OF 20 VINTAGE CHRISTMAS NAPKINS,4,24.07.2011 10:49,"0,85",17265.0,United Kingdom
560688,LUNCH BAG ALPHABET DESIGN,1,20.07.2011 11:54,"1,65",16393.0,United Kingdom
540957,VINYL RECORD FRAME SILVER,24,12.01.2011 13:30,"3,39",15311.0,United Kingdom
537199,CARD MOTORBIKE SANTA,12,05.12.2010 14:06,"0,42",15894.0,United Kingdom
572767,PACK OF 72 RETROSPOT CAKE CASES,24,26.10.2011 10:11,"0,55",17865.0,United Kingdom
553204,ASSORTED COLOUR METAL CAT,1,15.05.2011 16:13,"1,25",16877.0,United Kingdom
548612,HAND OPEN SHAPE GOLD,1,01.04.2011 11:34,"4,25",13137.0,United Kingdom
553147,damaged,-160,13.05.2011 13:58,0,,United Kingdom
572550,VICTORIAN SEWING BOX MEDIUM,1,24.10.2011 17:06,"15,79",,United Kingdom
541104,TRADITIONAL CHRISTMAS RIBBONS,1,13.01.2011 14:29,"2,46",,United Kingdom
569243,SET OF 6 SNACK LOAF BAKING CASES,8,03.10.2011 09:44,"0,83",13344.0,United Kingdom
540458,MAGNETS PACK OF 4 VINTAGE LABELS,24,07.01.2011 12:28,"0,42",12501.0,Germany
568710,BELLE JARDINIERE CUSHION COVER,1,28.09.2011 15:42,"3,75",14649.0,United Kingdom
573340,SET 12 COLOURING PENCILS DOILY,4,30.10.2011 11:55,"0,65",14159.0,United Kingdom
552229,LARGE CIRCULAR MIRROR MOBILE,6,06.05.2011 15:40,"2,46",,United Kingdom
572035,VINTAGE DONKEY TAIL GAME,36,20.10.2011 12:03,"3,39",14646.0,Netherlands
546656,JUMBO  BAG BAROQUE BLACK WHITE,3,15.03.2011 14:19,"4,13",,United Kingdom
550189,BAKING MOULD EASTER EGG WHITE CHOC,2,14.04.2011 19:15,"2,95",13230.0,United Kingdom
551174,TRAVEL CARD WALLET UNION JACK,1,26.04.2011 17:02,"0,83",,United Kingdom
562002,RED RETROSPOT SUGAR JAM BOWL,12,01.08.2011 13:48,"2,1",14567.0,United Kingdom
581492,RED RETROSPOT CHARLOTTE BAG,4,09.12.2011 10:03,"1,63",,United Kingdom
547205,DOLLY GIRL BABY GIFT SET,1,21.03.2011 14:00,"16,95",16558.0,United Kingdom
553545,SPACEBOY LUNCH BOX,1,17.05.2011 15:37,"2,46",,United Kingdom
574287,EMPIRE TISSUE BOX,1,03.11.2011 15:09,"0,39",14723.0,United Kingdom
556578,RETROSPOT PARTY BAG + STICKER SET,8,13.06.2011 14:13,"1,65",12472.0,Germany
551181,GLASS JAR DIGESTIVE BISCUITS,24,27.04.2011 08:17,"2,55",13089.0,United Kingdom
560772,DECORATION WOBBLY CHICKEN,3,20.07.2011 16:12,"1,25",,United Kingdom
540468,SPACE OWL,3,07.01.2011 13:55,"0,85",,United Kingdom
557020,MAKE YOUR OWN FLOWERPOWER CARD KIT,1,16.06.2011 12:51,"2,95",13246.0,United Kingdom
566060,JUMBO  BAG BAROQUE BLACK WHITE,1,08.09.2011 15:27,"4,13",,United Kingdom
570268,FELTCRAFT DOLL MOLLY,48,10.10.2011 10:16,"2,55",13098.0,United Kingdom
545294,TRAVEL CARD WALLET KEEP CALM,24,01.03.2011 12:07,"0,42",17965.0,United Kingdom
542536,WHITE SPOT BLUE CERAMIC DRAWER KNOB,1,28.01.2011 13:37,"2,46",,United Kingdom
573323,HEART IVORY TRELLIS SMALL,24,30.10.2011 10:54,"1,25",15708.0,United Kingdom
557892,SET OF 60 PANTRY DESIGN CAKE CASES,1,23.06.2011 14:11,"0,55",14534.0,United Kingdom
567959,YULETIDE IMAGES GIFT WRAP SET,12,23.09.2011 09:13,"0,65",12516.0,Germany
572755,LARGE CAKE TOWEL PINK SPOTS,1,25.10.2011 17:31,"6,75",13601.0,United Kingdom
551012,TOADSTOOL MONEY BOX,1,26.04.2011 10:32,"4,96",,United Kingdom
562113,GREEN REGENCY TEACUP AND SAUCER,1,02.08.2011 16:11,"5,79",,United Kingdom
571061,LUNCH BAG WOODLAND,3,13.10.2011 14:33,"4,96",,United Kingdom
537421,TRADITIONAL CHRISTMAS RIBBONS,1,06.12.2010 15:25,"1,25",17218.0,United Kingdom
576736,REGENCY CAKESTAND 3 TIER,6,16.11.2011 12:42,"12,75",13089.0,United Kingdom
579413,HAND WARMER BIRD DESIGN,4,29.11.2011 12:50,"2,1",13668.0,United Kingdom
565917,10 COLOUR SPACEBOY PEN,1,07.09.2011 16:15,"1,63",,United Kingdom
559289,CHARLOTTE BAG APPLES DESIGN,5,07.07.2011 12:22,"0,85",15719.0,United Kingdom
558707,MAGIC DRAWING SLATE DOLLY GIRL,1,01.07.2011 12:58,"0,42",12748.0,United Kingdom
563837,LUNCH BAG PINK POLKADOT,10,19.08.2011 13:03,"1,65",15078.0,United Kingdom
556200,,17,09.06.2011 12:42,0,,United Kingdom
542794,BLACK STITCHED WALL CLOCK,1,01.02.2011 10:56,"7,46",,United Kingdom
557805,RETROSPOT RED WASHING UP GLOVES,6,23.06.2011 10:27,"2,1",17651.0,United Kingdom
579508,PAPER CHAIN KIT 50'S CHRISTMAS,20,29.11.2011 16:33,"2,95",,United Kingdom
546084,SWEETHEART CAKESTAND 3 TIER,2,09.03.2011 11:28,"9,95",14112.0,United Kingdom
555476,DOORMAT UNION FLAG,1,03.06.2011 12:17,"7,95",16593.0,United Kingdom
542998,PLEASE ONE PERSON METAL SIGN,1,02.02.2011 12:16,"4,13",,United Kingdom
581217,FOOT STOOL HOME SWEET HOME,2,08.12.2011 09:20,"19,96",,United Kingdom
543022,ROSES REGENCY TEACUP AND SAUCER,3,02.02.2011 14:37,"2,95",16771.0,United Kingdom
545085,JUMBO BAG PINK POLKADOT,20,28.02.2011 11:19,"1,95",15039.0,United Kingdom
553718,72 SWEETHEART FAIRY CAKE CASES,2,18.05.2011 16:14,"1,25",,United Kingdom
541497,LILAC DIAMANTE PEN IN GIFT BOX,4,18.01.2011 15:19,"1,63",,United Kingdom
578036,SOLDIERS EGG CUP,6,22.11.2011 14:04,"1,25",16474.0,United Kingdom
538131,,84,09.12.2010 15:56,0,,United Kingdom
537880,LADIES & GENTLEMEN METAL SIGN,12,09.12.2010 09:14,"2,55",12963.0,United Kingdom
578022,MONEY BOX POCKET MONEY DESIGN,1,22.11.2011 13:25,"1,25",17371.0,United Kingdom
550947,adjustment,3,21.04.2011 15:55,0,,United Kingdom
557502,SPACEBOY CHILDRENS BOWL,5,20.06.2011 15:32,"1,25",,United Kingdom
566561,FELTCRAFT DOLL ROSIE,6,13.09.2011 12:13,"2,95",18145.0,United Kingdom
551719,JUMBO BAG PINK VINTAGE PAISLEY,4,03.05.2011 16:09,"2,08",,United Kingdom
576851,12 PENCILS TALL TUBE RED RETROSPOT,20,16.11.2011 15:41,"0,85",15967.0,United Kingdom
552265,HANGING ENGRAVED METAL HEART,3,08.05.2011 11:41,"4,15",14161.0,United Kingdom
559521,FELTCRAFT BOY JEAN-PAUL KIT,1,08.07.2011 16:26,"4,95",,Unspecified
540014,EDWARDIAN PARASOL BLACK,3,04.01.2011 11:34,"5,95",14606.0,United Kingdom
541669,BREAD BIN DINER STYLE IVORY,1,20.01.2011 12:29,"16,95",17315.0,United Kingdom
575930,SOLDIERS EGG CUP,1,11.11.2011 17:58,"2,46",,United Kingdom
546908,HOME BUILDING BLOCK WORD,3,17.03.2011 18:59,"5,95",15648.0,United Kingdom
564838,CALENDAR IN SEASON DESIGN,2,30.08.2011 12:43,"2,46",,United Kingdom
543660,MINI LADLE LOVE HEART RED,1,11.02.2011 10:40,"0,83",,United Kingdom
559499,DOORMAT WELCOME SUNRISE,1,08.07.2011 14:22,"12,46",,United Kingdom
579002,TRAVEL CARD WALLET SKULLS,6,27.11.2011 16:27,"0,42",14093.0,United Kingdom
559640,WHITE HANGING HEART T-LIGHT HOLDER,32,11.07.2011 12:30,"2,55",15812.0,United Kingdom
546891,PANTRY WASHING UP BRUSH,2,17.03.2011 18:18,"2,92",,United Kingdom
536597,ROSE SCENT CANDLE JEWELLED DRAWER,1,01.12.2010 17:35,"4,25",18011.0,United Kingdom
561043,MINT DINER WALL CLOCK,1,24.07.2011 12:20,"8,5",15708.0,United Kingdom
543533,ROTATING SILVER ANGELS T-LIGHT HLDR,2,09.02.2011 13:00,"5,79",,United Kingdom
